ISO-10303-21;
HEADER;
FILE_DESCRIPTION (( 'STEP AP214' ),
    '1' );
FILE_NAME ('DG5F_Seed_Fingertip.STEP',
    '2026-03-18T20:56:57',
    ( '' ),
    ( '' ),
    'SwSTEP 2.0',
    'SolidWorks 2025',
    '' );
FILE_SCHEMA (( 'AUTOMOTIVE_DESIGN' ));
ENDSEC;

DATA;
#1 = LINE ( 'NONE', #3147, #953 ) ;
#2 = CARTESIAN_POINT ( 'NONE',  ( 5.492313989187945111, 11.26065162672040820, -6.916298978993363100 ) ) ;
#3 = EDGE_LOOP ( 'NONE', ( #454, #3795, #861, #1545 ) ) ;
#4 = DIRECTION ( 'NONE',  ( 0.000000000000000000, 0.000000000000000000, 1.000000000000000000 ) ) ;
#5 = CARTESIAN_POINT ( 'NONE',  ( 5.702877910142889029, 10.84064296751266454, -6.915549431392657098 ) ) ;
#6 = DIRECTION ( 'NONE',  ( -1.000000000000000000, 0.000000000000000000, 0.000000000000000000 ) ) ;
#7 = CARTESIAN_POINT ( 'NONE',  ( 9.211542257105671538, 13.08063884747521932, -9.156778947112998779 ) ) ;
#8 = CARTESIAN_POINT ( 'NONE',  ( -9.473761801571249919, 12.72669588175436672, -9.017250929562310446 ) ) ;
#9 = VERTEX_POINT ( 'NONE', #2252 ) ;
#10 = ORIENTED_EDGE ( 'NONE', *, *, #676, .T. ) ;
#11 = DIRECTION ( 'NONE',  ( 0.000000000000000000, 1.000000000000000000, 0.000000000000000000 ) ) ;
#12 = DIRECTION ( 'NONE',  ( 0.000000000000000000, 0.000000000000000000, 1.000000000000000000 ) ) ;
#13 = DIRECTION ( 'NONE',  ( 0.000000000000000000, 1.000000000000000000, 0.000000000000000000 ) ) ;
#14 = FILL_AREA_STYLE_COLOUR ( '', #371 ) ;
#15 = DIRECTION ( 'NONE',  ( 0.000000000000000000, 1.000000000000000000, 0.000000000000000000 ) ) ;
#16 = DIRECTION ( 'NONE',  ( 0.000000000000000000, 0.000000000000000000, 1.000000000000000000 ) ) ;
#17 = CARTESIAN_POINT ( 'NONE',  ( 5.553207325940242356, 10.44966078439947488, -7.610237990296472077 ) ) ;
#18 = ORIENTED_EDGE ( 'NONE', *, *, #1431, .T. ) ;
#19 = CARTESIAN_POINT ( 'NONE',  ( 9.815952536465873735, 11.10733894163156776, -6.992716396916052624 ) ) ;
#20 = AXIS2_PLACEMENT_3D ( 'NONE', #1137, #815, #3380 ) ;
#21 = CARTESIAN_POINT ( 'NONE',  ( -6.761496712356675154, 9.230326238278458106, -5.784566863667827796 ) ) ;
#22 = CARTESIAN_POINT ( 'NONE',  ( -9.950000000000001066, 10.62139526040053994, -8.889044851106250533 ) ) ;
#23 = CARTESIAN_POINT ( 'NONE',  ( 5.549999999999999822, 10.36930306035980109, -7.750000000000000000 ) ) ;
#24 =( NAMED_UNIT ( * ) SI_UNIT ( $, .STERADIAN. ) SOLID_ANGLE_UNIT ( ) );
#25 = CARTESIAN_POINT ( 'NONE',  ( 9.447344879806905737, 12.77102551221396531, -9.032628773080464413 ) ) ;
#26 = CARTESIAN_POINT ( 'NONE',  ( -11.08076431577154253, 13.86268968456208839, -6.729006775683834540 ) ) ;
#27 = CARTESIAN_POINT ( 'NONE',  ( -9.062221128897071765, 13.22541296488519436, -9.224267959587596266 ) ) ;
#28 = DIRECTION ( 'NONE',  ( 0.000000000000000000, 1.000000000000000000, 0.000000000000000000 ) ) ;
#29 = DIRECTION ( 'NONE',  ( 0.000000000000000000, 0.000000000000000000, -1.000000000000000000 ) ) ;
#30 = EDGE_CURVE ( 'NONE', #1480, #2068, #2561, .T. ) ;
#31 = ORIENTED_EDGE ( 'NONE', *, *, #2987, .F. ) ;
#32 = B_SPLINE_CURVE_WITH_KNOTS ( 'NONE', 3,
 ( #1468, #1153, #1854, #3107, #4065, #893, #1530, #2844 ),
 .UNSPECIFIED., .F., .F.,
 ( 4, 2, 2, 4 ),
 ( 0.000000000000000000, 0.2499999999999997780, 0.4999999999999995559, 1.000000000000000000 ),
 .UNSPECIFIED. ) ;
#33 = ORIENTED_EDGE ( 'NONE', *, *, #3908, .F. ) ;
#34 = EDGE_CURVE ( 'NONE', #1619, #3450, #4122, .T. ) ;
#35 = FILL_AREA_STYLE ('',( #2861 ) ) ;
#36 = EDGE_CURVE ( 'NONE', #475, #189, #2231, .T. ) ;
#37 = CARTESIAN_POINT ( 'NONE',  ( 9.746051142951760227, 11.50000000000000000, -8.839661022098630028 ) ) ;
#38 = CARTESIAN_POINT ( 'NONE',  ( -9.543438343106599220, 11.50000000000000000, -6.475802641081430444 ) ) ;
#39 = CARTESIAN_POINT ( 'NONE',  ( 5.878255234724640843, 10.02249586501368483, -6.593825350051363721 ) ) ;
#40 = EDGE_CURVE ( 'NONE', #1746, #1068, #2541, .T. ) ;
#41 = LINE ( 'NONE', #3537, #2736 ) ;
#42 = CARTESIAN_POINT ( 'NONE',  ( -5.904002519701202267, 9.986423794537504506, -6.553198757230470406 ) ) ;
#43 = LINE ( 'NONE', #2530, #575 ) ;
#44 = CARTESIAN_POINT ( 'NONE',  ( 5.661394950119809977, 10.36497636470459938, -7.045326268999230201 ) ) ;
#45 = CARTESIAN_POINT ( 'NONE',  ( 6.654282958763128697, 6.550737818218996367, 0.9208236887866295683 ) ) ;
#46 = CIRCLE ( 'NONE', #3633, 2.200000000000000622 ) ;
#47 = VECTOR ( 'NONE', #3850, 1000.000000000000000 ) ;
#48 = CARTESIAN_POINT ( 'NONE',  ( -10.00466059217919401, 17.09251664831547046, -8.057376107750611638 ) ) ;
#49 = SURFACE_SIDE_STYLE ('',( #3845 ) ) ;
#50 = SURFACE_SIDE_STYLE ('',( #2893 ) ) ;
#51 = SURFACE_SIDE_STYLE ('',( #3553 ) ) ;
#52 =( GEOMETRIC_REPRESENTATION_CONTEXT ( 3 ) GLOBAL_UNCERTAINTY_ASSIGNED_CONTEXT ( ( #1178 ) ) GLOBAL_UNIT_ASSIGNED_CONTEXT ( ( #3173, #3838, #2242 ) ) REPRESENTATION_CONTEXT ( 'NONE', 'WORKASPACE' ) );
#53 = ORIENTED_EDGE ( 'NONE', *, *, #1863, .T. ) ;
#54 = CARTESIAN_POINT ( 'NONE',  ( -5.640020188945952029, 10.87330150104004822, -7.092821718810954579 ) ) ;
#55 = DIRECTION ( 'NONE',  ( 0.000000000000000000, 1.000000000000000000, 0.000000000000000000 ) ) ;
#56 = CARTESIAN_POINT ( 'NONE',  ( -9.506470999590490578, 11.43708553421550000, -6.425307723432509555 ) ) ;
#57 = EDGE_CURVE ( 'NONE', #3739, #3186, #3810, .T. ) ;
#58 = AXIS2_PLACEMENT_3D ( 'NONE', #1957, #1353, #3557 ) ;
#59 = CARTESIAN_POINT ( 'NONE',  ( 8.979587396423486467, 10.89796581440207923, -5.925283030053929423 ) ) ;
#60 = PRODUCT_DEFINITION_FORMATION_WITH_SPECIFIED_SOURCE ( 'ANY', '', #3946, .NOT_KNOWN. ) ;
#61 = PLANE ( 'NONE',  #1240 ) ;
#62 = CARTESIAN_POINT ( 'NONE',  ( -6.508233088063186678, 9.380231918962294912, -5.933367743685175277 ) ) ;
#63 = DIRECTION ( 'NONE',  ( 0.000000000000000000, 0.000000000000000000, -1.000000000000000000 ) ) ;
#64 = CARTESIAN_POINT ( 'NONE',  ( 6.838702139194494656, 10.43583915501769788, -5.718447952080680352 ) ) ;
#65 = SURFACE_STYLE_USAGE ( .BOTH. , #1899 ) ;
#66 = FILL_AREA_STYLE ('',( #2267 ) ) ;
#67 =( NAMED_UNIT ( * ) SI_UNIT ( $, .STERADIAN. ) SOLID_ANGLE_UNIT ( ) );
#68 = FILL_AREA_STYLE_COLOUR ( '', #1143 ) ;
#69 = PRESENTATION_LAYER_ASSIGNMENT (  '', '', ( #1844 ) ) ;
#70 = ORIENTED_EDGE ( 'NONE', *, *, #40, .T. ) ;
#71 = ORIENTED_EDGE ( 'NONE', *, *, #1730, .F. ) ;
#72 = EDGE_CURVE ( 'NONE', #946, #2938, #658, .T. ) ;
#73 = DIRECTION ( 'NONE',  ( 0.000000000000000000, 1.000000000000000000, 0.000000000000000000 ) ) ;
#74 =( NAMED_UNIT ( * ) SI_UNIT ( $, .STERADIAN. ) SOLID_ANGLE_UNIT ( ) );
#75 = UNCERTAINTY_MEASURE_WITH_UNIT (LENGTH_MEASURE( 1.000000000000000082E-05 ), #2194, 'distance_accuracy_value', 'NONE');
#76 = CARTESIAN_POINT ( 'NONE',  ( -9.031209951315107176, 10.93435666939478779, -5.961287802025180937 ) ) ;
#77 = CARTESIAN_POINT ( 'NONE',  ( 8.448953909713933896, 10.62595417499271200, -5.663227381663937798 ) ) ;
#78 = SURFACE_STYLE_FILL_AREA ( #2591 ) ;
#79 = CARTESIAN_POINT ( 'NONE',  ( -7.479991324206088699, 9.035303970201191248, -5.561775108825742997 ) ) ;
#80 = SURFACE_STYLE_USAGE ( .BOTH. , #2635 ) ;
#81 = CARTESIAN_POINT ( 'NONE',  ( -1.000000000000000000, 12.30000000000000071, -9.500000000000000000 ) ) ;
#82 = ORIENTED_EDGE ( 'NONE', *, *, #3161, .T. ) ;
#83 = ADVANCED_FACE ( 'NONE', ( #1928 ), #1560, .F. ) ;
#84 = SURFACE_STYLE_FILL_AREA ( #2577 ) ;
#85 = CIRCLE ( 'NONE', #1342, 1.100000000000000311 ) ;
#86 = EDGE_CURVE ( 'NONE', #2722, #1439, #3789, .T. ) ;
#87 = CARTESIAN_POINT ( 'NONE',  ( 11.16984881689488773, 13.08434483438610840, -6.368037981080696852 ) ) ;
#88 = CARTESIAN_POINT ( 'NONE',  ( -7.700000000000000178, 6.500000000000000000, 9.500000000000000000 ) ) ;
#89 = ORIENTED_EDGE ( 'NONE', *, *, #1197, .F. ) ;
#90 = VERTEX_POINT ( 'NONE', #2836 ) ;
#91 = CARTESIAN_POINT ( 'NONE',  ( 9.950000000000001066, 10.59078672371339991, -8.369176767442759513 ) ) ;
#92 = UNCERTAINTY_MEASURE_WITH_UNIT (LENGTH_MEASURE( 1.000000000000000082E-05 ), #679, 'distance_accuracy_value', 'NONE');
#93 = SURFACE_STYLE_FILL_AREA ( #3870 ) ;
#94 = EDGE_CURVE ( 'NONE', #1415, #465, #1285, .T. ) ;
#95 = DIRECTION ( 'NONE',  ( 0.000000000000000000, 1.000000000000000000, 0.000000000000000000 ) ) ;
#96 = STYLED_ITEM ( 'NONE', ( #1330 ), #2237 ) ;
#97 = CARTESIAN_POINT ( 'NONE',  ( -6.134954876522995093, 9.705282992926575147, -6.256124823856860750 ) ) ;
#98 =( LENGTH_UNIT ( ) NAMED_UNIT ( * ) SI_UNIT ( .MILLI., .METRE. ) );
#99 = DIRECTION ( 'NONE',  ( 0.000000000000000000, 0.000000000000000000, -1.000000000000000000 ) ) ;
#100 = ORIENTED_EDGE ( 'NONE', *, *, #1251, .F. ) ;
#101 =( NAMED_UNIT ( * ) PLANE_ANGLE_UNIT ( ) SI_UNIT ( $, .RADIAN. ) );
#102 = SURFACE_STYLE_FILL_AREA ( #2977 ) ;
#103 = DIRECTION ( 'NONE',  ( 0.000000000000000000, -1.000000000000000000, 0.000000000000000000 ) ) ;
#104 = EDGE_CURVE ( 'NONE', #2854, #3868, #354, .T. ) ;
#105 = ORIENTED_EDGE ( 'NONE', *, *, #3237, .F. ) ;
#106 = CARTESIAN_POINT ( 'NONE',  ( -6.604575416893449180, 10.47667589274495192, -5.837869002720881717 ) ) ;
#107 = SURFACE_STYLE_USAGE ( .BOTH. , #1388 ) ;
#108 = MECHANICAL_DESIGN_GEOMETRIC_PRESENTATION_REPRESENTATION (  '', ( #1895 ), #4117 ) ;
#109 = CARTESIAN_POINT ( 'NONE',  ( -7.935139176147170126, 10.48562308712163116, -5.555842132167547298 ) ) ;
#110 = PRESENTATION_STYLE_ASSIGNMENT (( #3891 ) ) ;
#111 = CARTESIAN_POINT ( 'NONE',  ( -11.19999999999999929, 22.50000000000000000, -8.323523748259249899 ) ) ;
#112 = CARTESIAN_POINT ( 'NONE',  ( 1.000000000000000000, 12.30000000000000071, -9.500000000000000000 ) ) ;
#113 =( NAMED_UNIT ( * ) PLANE_ANGLE_UNIT ( ) SI_UNIT ( $, .RADIAN. ) );
#114 = FILL_AREA_STYLE ('',( #1377 ) ) ;
#115 = CARTESIAN_POINT ( 'NONE',  ( 7.700000000000000178, 18.60476010645924916, -9.500000000000000000 ) ) ;
#116 = ORIENTED_EDGE ( 'NONE', *, *, #2306, .T. ) ;
#117 = SURFACE_SIDE_STYLE ('',( #382 ) ) ;
#118 = SURFACE_SIDE_STYLE ('',( #1686 ) ) ;
#119 =( NAMED_UNIT ( * ) PLANE_ANGLE_UNIT ( ) SI_UNIT ( $, .RADIAN. ) );
#120 = DIRECTION ( 'NONE',  ( 0.000000000000000000, 0.000000000000000000, 1.000000000000000000 ) ) ;
#121 = AXIS2_PLACEMENT_3D ( 'NONE', #2998, #2686, #3650 ) ;
#122 = ORIENTED_EDGE ( 'NONE', *, *, #576, .T. ) ;
#123 = CARTESIAN_POINT ( 'NONE',  ( -7.750000000000000000, 6.500000000000000000, -5.549999999999999822 ) ) ;
#124 = DIRECTION ( 'NONE',  ( 0.000000000000000000, 0.000000000000000000, 1.000000000000000000 ) ) ;
#125 = UNCERTAINTY_MEASURE_WITH_UNIT (LENGTH_MEASURE( 1.000000000000000082E-05 ), #972, 'distance_accuracy_value', 'NONE');
#126 = UNCERTAINTY_MEASURE_WITH_UNIT (LENGTH_MEASURE( 1.000000000000000082E-05 ), #525, 'distance_accuracy_value', 'NONE');
#127 = DIRECTION ( 'NONE',  ( 1.000000000000000000, 0.000000000000000000, 0.000000000000000000 ) ) ;
#128 = DIRECTION ( 'NONE',  ( 0.000000000000000000, 1.000000000000000000, 0.000000000000000000 ) ) ;
#129 = CYLINDRICAL_SURFACE ( 'NONE', #2827, 2.200000000000000622 ) ;
#130 = CARTESIAN_POINT ( 'NONE',  ( -5.549999999999998934, 10.41804581799229190, -7.679851624498573948 ) ) ;
#131 = CARTESIAN_POINT ( 'NONE',  ( 5.616263984595390113, 11.23755127529040010, -6.352683192467419637 ) ) ;
#132 = CARTESIAN_POINT ( 'NONE',  ( 8.910100366568137531, 17.53692375866140551, -9.284810119955047014 ) ) ;
#133 = ORIENTED_EDGE ( 'NONE', *, *, #630, .T. ) ;
#134 = DIRECTION ( 'NONE',  ( 1.000000000000000000, 0.000000000000000000, 0.000000000000000000 ) ) ;
#135 = CIRCLE ( 'NONE', #20, 1.100000000000000311 ) ;
#136 =( GEOMETRIC_REPRESENTATION_CONTEXT ( 3 ) GLOBAL_UNCERTAINTY_ASSIGNED_CONTEXT ( ( #412 ) ) GLOBAL_UNIT_ASSIGNED_CONTEXT ( ( #2628, #1670, #408 ) ) REPRESENTATION_CONTEXT ( 'NONE', 'WORKASPACE' ) );
#137 = EDGE_CURVE ( 'NONE', #498, #2692, #1359, .T. ) ;
#138 = CARTESIAN_POINT ( 'NONE',  ( -11.19999999999999929, 12.30000000000000071, -6.000000000000000000 ) ) ;
#139 = EDGE_LOOP ( 'NONE', ( #4053, #1516, #1222, #3705 ) ) ;
#140 = PRESENTATION_LAYER_ASSIGNMENT (  '', '', ( #798 ) ) ;
#141 = CARTESIAN_POINT ( 'NONE',  ( -5.626293284835029773, 11.23630644660289946, -6.299544691464609159 ) ) ;
#142 = FILL_AREA_STYLE_COLOUR ( '', #1500 ) ;
#143 = DIRECTION ( 'NONE',  ( 1.000000000000000000, 0.000000000000000000, 0.000000000000000000 ) ) ;
#144 = AXIS2_PLACEMENT_3D ( 'NONE', #2309, #3321, #1327 ) ;
#145 = DIRECTION ( 'NONE',  ( 1.000000000000000000, 0.000000000000000000, -4.956352788505160310E-16 ) ) ;
#146 = ADVANCED_FACE ( 'NONE', ( #1982, #3273, #2867, #2262, #397, #3230 ), #61, .T. ) ;
#147 = CARTESIAN_POINT ( 'NONE',  ( 0.000000000000000000, 18.80622649351390052, 10.84444860848203973 ) ) ;
#148 = DIRECTION ( 'NONE',  ( 0.000000000000000000, 0.000000000000000000, -1.000000000000000000 ) ) ;
#149 = EDGE_LOOP ( 'NONE', ( #1202, #2882, #2176, #2542 ) ) ;
#150 = STYLED_ITEM ( 'NONE', ( #1544 ), #324 ) ;
#151 = EDGE_CURVE ( 'NONE', #903, #3148, #2633, .T. ) ;
#152 = CARTESIAN_POINT ( 'NONE',  ( 9.364192803799138431, 8.725862291385741543, -2.963115595174594663 ) ) ;
#153 = VERTEX_POINT ( 'NONE', #1958 ) ;
#154 = PRESENTATION_LAYER_ASSIGNMENT (  '', '', ( #96 ) ) ;
#155 = CARTESIAN_POINT ( 'NONE',  ( 7.750000000000000000, 6.500000000000000000, 8.849999999999999645 ) ) ;
#156 = PRESENTATION_STYLE_ASSIGNMENT (( #1750 ) ) ;
#157 = CARTESIAN_POINT ( 'NONE',  ( -9.950000000000001066, 1.047106842509882174, 7.750000000000000000 ) ) ;
#158 = MECHANICAL_DESIGN_GEOMETRIC_PRESENTATION_REPRESENTATION (  '', ( #3568 ), #2890 ) ;
#159 = DIRECTION ( 'NONE',  ( -1.000000000000000000, 0.000000000000000000, 0.000000000000000000 ) ) ;
#160 = PRESENTATION_STYLE_ASSIGNMENT (( #2646 ) ) ;
#161 = ORIENTED_EDGE ( 'NONE', *, *, #1796, .T. ) ;
#162 = DIRECTION ( 'NONE',  ( 0.000000000000000000, -1.000000000000000000, 0.000000000000000000 ) ) ;
#163 = CARTESIAN_POINT ( 'NONE',  ( 7.750000000000000000, 6.500000000000000000, -6.649999999999999467 ) ) ;
#164 = CYLINDRICAL_SURFACE ( 'NONE', #1396, 2.200000000000000622 ) ;
#165 = FACE_OUTER_BOUND ( 'NONE', #1788, .T. ) ;
#166 = EDGE_CURVE ( 'NONE', #1779, #2731, #1015, .T. ) ;
#167 = CARTESIAN_POINT ( 'NONE',  ( -6.428127676597790163, 9.994570384238771865, -5.900275146362945478 ) ) ;
#168 = B_SPLINE_CURVE_WITH_KNOTS ( 'NONE', 3,
 ( #745, #190, #2406, #3666, #2361, #172, #1417, #3035, #809, #4024, #768, #2425, #1056, #1744, #486, #1393, #1441, #2028, #829, #786, #3014, #508, #2079, #3057, #3643, #3352, #1722, #2656, #2117, #3685, #2969 ),
 .UNSPECIFIED., .F., .F.,
 ( 4, 2, 1, 1, 1, 2, 2, 2, 1, 1, 2, 2, 2, 2, 1, 1, 2, 2, 4 ),
 ( 0.000000000000000000, 0.1250000000000045797, 0.1875000000000068279, 0.2187500000000080214, 0.2343750000000083544, 0.2421875000000084377, 0.2500000000000084932, 0.3750000000000063838, 0.4375000000000056066, 0.4687500000000051625, 0.4843750000000050515, 0.5000000000000048850, 0.6250000000000035527, 0.6875000000000028866, 0.7187500000000023315, 0.7343750000000021094, 0.7421875000000021094, 0.7500000000000019984, 1.000000000000000000 ),
 .UNSPECIFIED. ) ;
#169 = DIRECTION ( 'NONE',  ( 0.000000000000000000, -1.000000000000000000, 0.000000000000000000 ) ) ;
#170 = ORIENTED_EDGE ( 'NONE', *, *, #4099, .F. ) ;
#171 = CIRCLE ( 'NONE', #507, 10.20000000000000107 ) ;
#172 = CARTESIAN_POINT ( 'NONE',  ( -9.519077027639344379, 8.989544550503259401, -3.165873721823088349 ) ) ;
#173 = CARTESIAN_POINT ( 'NONE',  ( 8.222692256016198797, 7.386074789092774040, -1.438402912473801587 ) ) ;
#174 = PRESENTATION_LAYER_ASSIGNMENT (  '', '', ( #1628 ) ) ;
#175 = ORIENTED_EDGE ( 'NONE', *, *, #993, .T. ) ;
#176 = VECTOR ( 'NONE', #2401, 1000.000000000000000 ) ;
#177 = CARTESIAN_POINT ( 'NONE',  ( -10.75724479150800050, 15.33933619838570017, -7.390990337447509440 ) ) ;
#178 = CARTESIAN_POINT ( 'NONE',  ( 7.700000000000000178, 6.500000000000000000, 9.500000000000000000 ) ) ;
#179 =( GEOMETRIC_REPRESENTATION_CONTEXT ( 3 ) GLOBAL_UNCERTAINTY_ASSIGNED_CONTEXT ( ( #2039 ) ) GLOBAL_UNIT_ASSIGNED_CONTEXT ( ( #4097, #3476, #2287 ) ) REPRESENTATION_CONTEXT ( 'NONE', 'WORKASPACE' ) );
#180 = MECHANICAL_DESIGN_GEOMETRIC_PRESENTATION_REPRESENTATION (  '', ( #2848 ), #3519 ) ;
#181 = CARTESIAN_POINT ( 'NONE',  ( 10.89109855983191366, 14.81095475865270394, -7.156657224978471454 ) ) ;
#182 = EDGE_LOOP ( 'NONE', ( #2099, #1160 ) ) ;
#183 = ORIENTED_EDGE ( 'NONE', *, *, #1731, .T. ) ;
#184 = CARTESIAN_POINT ( 'NONE',  ( 6.385042468065870835, 9.472978332455372907, -6.024617384574312062 ) ) ;
#185 = CIRCLE ( 'NONE', #2652, 1.000000000000000888 ) ;
#186 =( NAMED_UNIT ( * ) PLANE_ANGLE_UNIT ( ) SI_UNIT ( $, .RADIAN. ) );
#187 = PRESENTATION_STYLE_ASSIGNMENT (( #248 ) ) ;
#188 = CARTESIAN_POINT ( 'NONE',  ( 11.19999999999999929, 12.30000000000000071, -6.000000000000000000 ) ) ;
#189 = VERTEX_POINT ( 'NONE', #378 ) ;
#190 = CARTESIAN_POINT ( 'NONE',  ( -10.03060492503945511, 10.14369443643551172, -3.826196317623914656 ) ) ;
#191 = CARTESIAN_POINT ( 'NONE',  ( 11.08131437558957622, 13.57735704722404435, -6.927459252924522026 ) ) ;
#192 = ORIENTED_EDGE ( 'NONE', *, *, #1714, .F. ) ;
#193 = CARTESIAN_POINT ( 'NONE',  ( 7.750000000000000000, -0.5000000000000000000, 8.849999999999999645 ) ) ;
#194 =( LENGTH_UNIT ( ) NAMED_UNIT ( * ) SI_UNIT ( .MILLI., .METRE. ) );
#195 = CARTESIAN_POINT ( 'NONE',  ( -9.045665574859530267, 17.40270790718370364, -9.240588044747969576 ) ) ;
#196 = ADVANCED_FACE ( 'NONE', ( #3915 ), #3802, .T. ) ;
#197 = AXIS2_PLACEMENT_3D ( 'NONE', #2902, #3193, #2528 ) ;
#198 = CARTESIAN_POINT ( 'NONE',  ( -10.31768885752916454, 15.64648075343662370, -8.323299247127158296 ) ) ;
#199 = CARTESIAN_POINT ( 'NONE',  ( 10.52699277492635765, 15.94369592507831968, -7.632996303104955693 ) ) ;
#200 = VERTEX_POINT ( 'NONE', #3292 ) ;
#201 = VERTEX_POINT ( 'NONE', #1077 ) ;
#202 = VECTOR ( 'NONE', #4109, 1000.000000000000000 ) ;
#203 = CARTESIAN_POINT ( 'NONE',  ( 6.120942911831494193, 9.720348540902646661, -6.271427484250535755 ) ) ;
#204 =( NAMED_UNIT ( * ) PLANE_ANGLE_UNIT ( ) SI_UNIT ( $, .RADIAN. ) );
#205 =( NAMED_UNIT ( * ) PLANE_ANGLE_UNIT ( ) SI_UNIT ( $, .RADIAN. ) );
#206 =( LENGTH_UNIT ( ) NAMED_UNIT ( * ) SI_UNIT ( .MILLI., .METRE. ) );
#207 = CARTESIAN_POINT ( 'NONE',  ( -1.000000000000000000, 21.50000000000000000, -9.500000000000000000 ) ) ;
#208 = FILL_AREA_STYLE_COLOUR ( '', #1295 ) ;
#209 = CARTESIAN_POINT ( 'NONE',  ( 5.408842475113520898, 11.16117099237728993, -7.732248533584197503 ) ) ;
#210 = VERTEX_POINT ( 'NONE', #3603 ) ;
#211 = FACE_OUTER_BOUND ( 'NONE', #2328, .T. ) ;
#212 = ORIENTED_EDGE ( 'NONE', *, *, #2592, .F. ) ;
#213 = VECTOR ( 'NONE', #148, 1000.000000000000000 ) ;
#214 = CARTESIAN_POINT ( 'NONE',  ( 1.000000000000000000, 21.50000000000000000, -9.500000000000000000 ) ) ;
#215 = CARTESIAN_POINT ( 'NONE',  ( -9.543438343106599220, 11.50000000000000000, -6.475802641081430444 ) ) ;
#216 = CARTESIAN_POINT ( 'NONE',  ( -11.19999999999999929, 12.30000000000000071, -6.000000000000000000 ) ) ;
#217 = CARTESIAN_POINT ( 'NONE',  ( -6.250483284646409565, 6.500000000000000000, 1.701245229258260050 ) ) ;
#218 = CARTESIAN_POINT ( 'NONE',  ( -10.97955238768443564, 13.99485073160838766, -7.222512714239226028 ) ) ;
#219 =( NAMED_UNIT ( * ) PLANE_ANGLE_UNIT ( ) SI_UNIT ( $, .RADIAN. ) );
#220 = VERTEX_POINT ( 'NONE', #484 ) ;
#221 = EDGE_LOOP ( 'NONE', ( #1041, #1021, #2087, #2313 ) ) ;
#222 = CARTESIAN_POINT ( 'NONE',  ( 6.396624123352234292, 9.463729289857210958, -6.015517953363375803 ) ) ;
#223 = DIRECTION ( 'NONE',  ( 0.000000000000000000, 1.000000000000000000, 0.000000000000000000 ) ) ;
#224 = CARTESIAN_POINT ( 'NONE',  ( -11.19999999999999929, 3.000000000000000000, -9.500000000000000000 ) ) ;
#225 = STYLED_ITEM ( 'NONE', ( #1079 ), #1000 ) ;
#226 = CYLINDRICAL_SURFACE ( 'NONE', #2937, 10.20000000000000107 ) ;
#227 =( NAMED_UNIT ( * ) PLANE_ANGLE_UNIT ( ) SI_UNIT ( $, .RADIAN. ) );
#228 = CARTESIAN_POINT ( 'NONE',  ( -1.000000000000000000, 12.30000000000000071, -9.500000000000000000 ) ) ;
#229 = CARTESIAN_POINT ( 'NONE',  ( 11.19999999999999929, -0.5000000000000000000, 0.000000000000000000 ) ) ;
#230 = CARTESIAN_POINT ( 'NONE',  ( 5.476982833273373430, 11.25713628334923300, -7.016840927666470940 ) ) ;
#231 = ORIENTED_EDGE ( 'NONE', *, *, #583, .T. ) ;
#232 = DIRECTION ( 'NONE',  ( 0.000000000000000000, 1.000000000000000000, 0.000000000000000000 ) ) ;
#233 = AXIS2_PLACEMENT_3D ( 'NONE', #1761, #3932, #1049 ) ;
#234 = ORIENTED_EDGE ( 'NONE', *, *, #2071, .F. ) ;
#235 = LINE ( 'NONE', #1509, #3865 ) ;
#236 = DIRECTION ( 'NONE',  ( 0.000000000000000000, 0.000000000000000000, -1.000000000000000000 ) ) ;
#237 = CARTESIAN_POINT ( 'NONE',  ( -8.281596610455139285, 18.13991077862410251, -9.461792281709920260 ) ) ;
#238 = FACE_OUTER_BOUND ( 'NONE', #1151, .T. ) ;
#239 =( GEOMETRIC_REPRESENTATION_CONTEXT ( 3 ) GLOBAL_UNCERTAINTY_ASSIGNED_CONTEXT ( ( #2002 ) ) GLOBAL_UNIT_ASSIGNED_CONTEXT ( ( #1675, #376, #2321 ) ) REPRESENTATION_CONTEXT ( 'NONE', 'WORKASPACE' ) );
#240 = CARTESIAN_POINT ( 'NONE',  ( 8.860942151934125377, 13.38035055721419297, -9.301849309628693163 ) ) ;
#241 = CARTESIAN_POINT ( 'NONE',  ( 10.60908387761459082, 15.72263414143380800, -7.543633825939444648 ) ) ;
#242 = COLOUR_RGB ( '',0.8078431372549019773, 0.8078431372549019773, 0.8078431372549019773 ) ;
#243 = EDGE_LOOP ( 'NONE', ( #1893, #263, #4094, #3013, #3264, #568, #2448 ) ) ;
#244 = EDGE_LOOP ( 'NONE', ( #2408, #922, #3851, #1861 ) ) ;
#245 = SURFACE_SIDE_STYLE ('',( #3742 ) ) ;
#246 = EDGE_CURVE ( 'NONE', #3375, #2078, #2968, .T. ) ;
#247 = FILL_AREA_STYLE ('',( #4075 ) ) ;
#248 = SURFACE_STYLE_USAGE ( .BOTH. , #1458 ) ;
#249 = LINE ( 'NONE', #229, #358 ) ;
#250 = LINE ( 'NONE', #1872, #1951 ) ;
#251 = ORIENTED_EDGE ( 'NONE', *, *, #3781, .F. ) ;
#252 = CARTESIAN_POINT ( 'NONE',  ( 10.79115218141827093, 14.60437544713799696, -7.645479695920021079 ) ) ;
#253 = VECTOR ( 'NONE', #3377, 1000.000000000000000 ) ;
#254 = EDGE_LOOP ( 'NONE', ( #2700, #3994, #2865, #3761 ) ) ;
#255 = PRESENTATION_STYLE_ASSIGNMENT (( #3135 ) ) ;
#256 = FACE_OUTER_BOUND ( 'NONE', #2659, .T. ) ;
#257 = CARTESIAN_POINT ( 'NONE',  ( 5.426074013897840942, 11.20961627297976015, -7.475356196026980093 ) ) ;
#258 = CARTESIAN_POINT ( 'NONE',  ( 2.397548903040260804, 6.499999999999996447, 10.04708580258381900 ) ) ;
#259 = CARTESIAN_POINT ( 'NONE',  ( 9.627671234900315511, 12.39104571098832608, -8.921327017035743268 ) ) ;
#260 = EDGE_CURVE ( 'NONE', #310, #4052, #4022, .T. ) ;
#261 = EDGE_LOOP ( 'NONE', ( #2129, #1462 ) ) ;
#262 = MECHANICAL_DESIGN_GEOMETRIC_PRESENTATION_REPRESENTATION (  '', ( #1129 ), #394 ) ;
#263 = ORIENTED_EDGE ( 'NONE', *, *, #3423, .T. ) ;
#264 = UNCERTAINTY_MEASURE_WITH_UNIT (LENGTH_MEASURE( 1.000000000000000082E-05 ), #2251, 'distance_accuracy_value', 'NONE');
#265 = EDGE_CURVE ( 'NONE', #2958, #3180, #1742, .T. ) ;
#266 = SURFACE_STYLE_FILL_AREA ( #1864 ) ;
#267 = DIRECTION ( 'NONE',  ( 0.000000000000000000, 0.000000000000000000, 1.000000000000000000 ) ) ;
#268 = CARTESIAN_POINT ( 'NONE',  ( 6.168662267057253068, 10.37746866851003880, -6.039638724589286412 ) ) ;
#269 = STYLED_ITEM ( 'NONE', ( #1640 ), #2543 ) ;
#270 = FILL_AREA_STYLE ('',( #2133 ) ) ;
#271 = CARTESIAN_POINT ( 'NONE',  ( 1.300000000000000044, 2.500000000000000000, -6.000000000000000000 ) ) ;
#272 = FILL_AREA_STYLE_COLOUR ( '', #2024 ) ;
#273 = CARTESIAN_POINT ( 'NONE',  ( 5.463294624586980675, 11.25150568012043273, -7.116050006716167609 ) ) ;
#274 = ORIENTED_EDGE ( 'NONE', *, *, #1639, .F. ) ;
#275 =( LENGTH_UNIT ( ) NAMED_UNIT ( * ) SI_UNIT ( .MILLI., .METRE. ) );
#276 = MECHANICAL_DESIGN_GEOMETRIC_PRESENTATION_REPRESENTATION (  '', ( #2339 ), #1204 ) ;
#277 = UNCERTAINTY_MEASURE_WITH_UNIT (LENGTH_MEASURE( 1.000000000000000082E-05 ), #595, 'distance_accuracy_value', 'NONE');
#278 = SURFACE_STYLE_USAGE ( .BOTH. , #3152 ) ;
#279 = CARTESIAN_POINT ( 'NONE',  ( 6.146681714444238054, 10.62104860837452946, -6.207095001373020615 ) ) ;
#280 = SURFACE_STYLE_FILL_AREA ( #2788 ) ;
#281 = CARTESIAN_POINT ( 'NONE',  ( 9.136678965619394077, 13.15703247079594718, -9.191719871619181248 ) ) ;
#282 = CARTESIAN_POINT ( 'NONE',  ( -8.817548351927387174, 18.85233939671611481, -8.476302919168265504 ) ) ;
#283 = CARTESIAN_POINT ( 'NONE',  ( -9.687930162353293184, 12.18659409185522868, -8.880861904429531606 ) ) ;
#284 = ORIENTED_EDGE ( 'NONE', *, *, #1573, .F. ) ;
#285 = VERTEX_POINT ( 'NONE', #1124 ) ;
#286 = STYLED_ITEM ( 'NONE', ( #3036 ), #2391 ) ;
#287 = CARTESIAN_POINT ( 'NONE',  ( 6.036953974783184407, 10.58519330060715369, -6.115244307596532813 ) ) ;
#288 = PRESENTATION_STYLE_ASSIGNMENT (( #1952 ) ) ;
#289 = FACE_OUTER_BOUND ( 'NONE', #1419, .T. ) ;
#290 = PRESENTATION_STYLE_ASSIGNMENT (( #3167 ) ) ;
#291 = CARTESIAN_POINT ( 'NONE',  ( -9.851426979707317955, 11.02502133077226176, -7.098831997551352302 ) ) ;
#292 = ORIENTED_EDGE ( 'NONE', *, *, #3858, .F. ) ;
#293 = FACE_OUTER_BOUND ( 'NONE', #409, .T. ) ;
#294 = DIRECTION ( 'NONE',  ( 0.000000000000000000, 0.000000000000000000, -1.000000000000000000 ) ) ;
#295 = FILL_AREA_STYLE_COLOUR ( '', #698 ) ;
#296 = FILL_AREA_STYLE_COLOUR ( '', #340 ) ;
#297 = PRESENTATION_LAYER_ASSIGNMENT (  '', '', ( #2701 ) ) ;
#298 = CARTESIAN_POINT ( 'NONE',  ( 8.247320696848044363, 13.67691467287297691, -9.457410681704137900 ) ) ;
#299 = CARTESIAN_POINT ( 'NONE',  ( -9.825809529046386714, 17.41584963700138999, -8.160716403609583836 ) ) ;
#300 = CARTESIAN_POINT ( 'NONE',  ( -9.237595370125532668, 13.05218832496346160, -9.144187196574877774 ) ) ;
#301 = AXIS2_PLACEMENT_3D ( 'NONE', #1890, #15, #587 ) ;
#302 = ORIENTED_EDGE ( 'NONE', *, *, #2318, .F. ) ;
#303 = EDGE_LOOP ( 'NONE', ( #2164, #1605, #717, #4095 ) ) ;
#304 = CARTESIAN_POINT ( 'NONE',  ( 7.500000000000000000, 13.74860385756396042, -7.266631589092280130 ) ) ;
#305 = CARTESIAN_POINT ( 'NONE',  ( 7.700000000000000178, 3.000000000000000000, 6.000000000000000000 ) ) ;
#306 = SURFACE_SIDE_STYLE ('',( #1635 ) ) ;
#307 = PRESENTATION_STYLE_ASSIGNMENT (( #1270 ) ) ;
#308 = SURFACE_SIDE_STYLE ('',( #1255 ) ) ;
#309 = CARTESIAN_POINT ( 'NONE',  ( 5.563916086226924129, 10.47325528012357054, -7.500210108326360370 ) ) ;
#310 = VERTEX_POINT ( 'NONE', #744 ) ;
#311 = FACE_OUTER_BOUND ( 'NONE', #348, .T. ) ;
#312 = STYLED_ITEM ( 'NONE', ( #288 ), #511 ) ;
#313 = CARTESIAN_POINT ( 'NONE',  ( 7.500000000000000000, 11.03901226013607939, -6.280420900610719670 ) ) ;
#314 = VECTOR ( 'NONE', #466, 1000.000000000000000 ) ;
#315 = SURFACE_SIDE_STYLE ('',( #2184 ) ) ;
#316 = SURFACE_SIDE_STYLE ('',( #3799 ) ) ;
#317 = CARTESIAN_POINT ( 'NONE',  ( 7.454431699257532351, 6.860401902138193009, -0.3522270872001934672 ) ) ;
#318 = AXIS2_PLACEMENT_3D ( 'NONE', #3257, #1942, #3299 ) ;
#319 = EDGE_CURVE ( 'NONE', #1973, #2397, #725, .T. ) ;
#320 = CARTESIAN_POINT ( 'NONE',  ( 8.880616196727162404, 13.36680241749117215, -9.294878908857116429 ) ) ;
#321 = CARTESIAN_POINT ( 'NONE',  ( -11.02848190898248504, 14.16268104453530974, -6.865786358874921724 ) ) ;
#322 = LINE ( 'NONE', #3179, #3501 ) ;
#323 = EDGE_CURVE ( 'NONE', #3397, #3297, #1438, .T. ) ;
#324 = ADVANCED_FACE ( 'NONE', ( #3622 ), #129, .F. ) ;
#325 = CARTESIAN_POINT ( 'NONE',  ( -5.502375859568378047, 10.26708745141728230, -9.499999999999998224 ) ) ;
#326 = CARTESIAN_POINT ( 'NONE',  ( -9.949787698097235733, 10.76615764399013564, -8.681129498981515979 ) ) ;
#327 = EDGE_CURVE ( 'NONE', #1493, #2602, #733, .T. ) ;
#328 = CARTESIAN_POINT ( 'NONE',  ( 9.926834798738688903, 10.91815309620669261, -8.700236928890813459 ) ) ;
#329 = CARTESIAN_POINT ( 'NONE',  ( 9.519266150478580713, 11.45774495536126025, -6.442273408118579958 ) ) ;
#330 = FILL_AREA_STYLE ('',( #3166 ) ) ;
#331 = CARTESIAN_POINT ( 'NONE',  ( 5.836938541222654209, 13.96330867584006263, -9.499999999999996447 ) ) ;
#332 = CARTESIAN_POINT ( 'NONE',  ( 5.653362926241162434, 10.37811271915902900, -7.082641990261112852 ) ) ;
#333 = CIRCLE ( 'NONE', #3679, 1.100000000000000311 ) ;
#334 = SURFACE_STYLE_USAGE ( .BOTH. , #3212 ) ;
#335 = CARTESIAN_POINT ( 'NONE',  ( 8.511279326552095625, 10.65031642866572525, -5.685494202894113336 ) ) ;
#336 = SURFACE_STYLE_USAGE ( .BOTH. , #3875 ) ;
#337 = CARTESIAN_POINT ( 'NONE',  ( -5.745554106675187178, 10.22531757478425263, -6.843146117793179606 ) ) ;
#338 = CARTESIAN_POINT ( 'NONE',  ( 6.259994790605449388, 10.62956498582312115, -6.131394280259369722 ) ) ;
#339 = PLANE ( 'NONE',  #1007 ) ;
#340 = COLOUR_RGB ( '',0.8078431372549019773, 0.8078431372549019773, 0.8078431372549019773 ) ;
#341 = CIRCLE ( 'NONE', #3224, 2.249999999999999112 ) ;
#342 = PRESENTATION_STYLE_ASSIGNMENT (( #426 ) ) ;
#343 = CARTESIAN_POINT ( 'NONE',  ( -11.00392259841566478, 14.29118786257179963, -6.923961881000935570 ) ) ;
#344 = EDGE_CURVE ( 'NONE', #2119, #210, #3936, .T. ) ;
#345 = CARTESIAN_POINT ( 'NONE',  ( 7.700000000000130740, 3.000000000000000000, -9.500000000000000000 ) ) ;
#346 = FILL_AREA_STYLE_COLOUR ( '', #242 ) ;
#347 = CARTESIAN_POINT ( 'NONE',  ( 7.500000000000000000, 12.39380805885001990, -6.773526244851500344 ) ) ;
#348 = EDGE_LOOP ( 'NONE', ( #1884, #536, #2428, #2625, #116, #2151, #3181, #2417, #274, #621, #1466, #718, #1366, #175 ) ) ;
#349 =( NAMED_UNIT ( * ) PLANE_ANGLE_UNIT ( ) SI_UNIT ( $, .RADIAN. ) );
#350 = CARTESIAN_POINT ( 'NONE',  ( -7.500000000000000000, 16.93525804390725042, 5.704005040675750315 ) ) ;
#351 = DIRECTION ( 'NONE',  ( 0.000000000000000000, 0.3420201433256691015, 0.9396926207859082059 ) ) ;
#352 = CARTESIAN_POINT ( 'NONE',  ( 9.847916520792962203, 11.03375184755283556, -7.087609388880112604 ) ) ;
#353 = CARTESIAN_POINT ( 'NONE',  ( 9.375873427573292673, 11.25560701525658480, -6.268073183838509088 ) ) ;
#354 = LINE ( 'NONE', #3836, #1853 ) ;
#355 = CARTESIAN_POINT ( 'NONE',  ( -5.721953385361278954, 10.26427701853001473, -6.897340009231921698 ) ) ;
#356 = CARTESIAN_POINT ( 'NONE',  ( 7.700000000000000178, 6.500000000000000000, 6.000000000000000000 ) ) ;
#357 = CARTESIAN_POINT ( 'NONE',  ( 7.358769375146959391, 9.045111685011359981, -5.580344956722919747 ) ) ;
#358 = VECTOR ( 'NONE', #3412, 1000.000000000000000 ) ;
#359 = SURFACE_STYLE_FILL_AREA ( #2912 ) ;
#360 = B_SPLINE_CURVE_WITH_KNOTS ( 'NONE', 3,
 ( #1820, #4069, #636, #2791, #298, #1857, #3823, #2850, #1836, #2246, #2810, #1200, #2828, #1286, #943, #1574, #962, #1552, #1900, #240, #320, #3138, #2225, #2188, #1597, #281, #2874, #3803, #555, #3469, #3508, #7, #1263, #917, #4111, #2472, #875, #2161, #25, #3446, #2514, #577, #2209, #900, #2554, #4091, #259, #1535, #1218, #3843, #1513, #3113, #2498, #3778, #596 ),
 .UNSPECIFIED., .F., .F.,
 ( 4, 2, 2, 1, 1, 1, 1, 2, 2, 2, 2, 1, 2, 2, 2, 2, 1, 1, 2, 2, 2, 2, 1, 2, 2, 2, 1, 2, 2, 2, 2, 4 ),
 ( 0.000000000000000000, 0.1249999999999371059, 0.1874999999999064637, 0.2187499999998910039, 0.2343749999998827882, 0.2421874999998787081, 0.2460937499998762379, 0.2480468749998751832, 0.2499999999998741562, 0.3124999999998765432, 0.3437499999998777644, 0.3593749999998784306, 0.3671874999998787081, 0.3749999999998789857, 0.4374999999998862021, 0.4687499999998903655, 0.4843749999998930855, 0.4921874999998937517, 0.4960937499998943623, 0.4999999999998950839, 0.5624999999999189537, 0.5937499999999311662, 0.6093749999999368283, 0.6171874999999390488, 0.6249999999999411582, 0.6874999999999498179, 0.7187499999999541478, 0.7343749999999567013, 0.7499999999999592548, 0.8124999999999699130, 0.8749999999999804601, 1.000000000000000000 ),
 .UNSPECIFIED. ) ;
#361 = CARTESIAN_POINT ( 'NONE',  ( 3.550000000000000266, 8.535396976686518755, -12.78861555429273977 ) ) ;
#362 = FILL_AREA_STYLE ('',( #1920 ) ) ;
#363 = DIRECTION ( 'NONE',  ( 0.000000000000000000, 1.000000000000000000, 0.000000000000000000 ) ) ;
#364 = DIRECTION ( 'NONE',  ( 0.000000000000000000, 0.000000000000000000, 1.000000000000000000 ) ) ;
#365 = AXIS2_PLACEMENT_3D ( 'NONE', #1657, #1351, #3907 ) ;
#366 = CARTESIAN_POINT ( 'NONE',  ( 9.813469782202414393, 11.36025121686418338, -8.791084102944623169 ) ) ;
#367 = ORIENTED_EDGE ( 'NONE', *, *, #3344, .T. ) ;
#368 = ORIENTED_EDGE ( 'NONE', *, *, #2113, .T. ) ;
#369 = STYLED_ITEM ( 'NONE', ( #823 ), #3669 ) ;
#370 = EDGE_CURVE ( 'NONE', #2802, #2397, #3168, .T. ) ;
#371 = COLOUR_RGB ( '',0.8078431372549019773, 0.8078431372549019773, 0.8078431372549019773 ) ;
#372 =( NAMED_UNIT ( * ) PLANE_ANGLE_UNIT ( ) SI_UNIT ( $, .RADIAN. ) );
#373 = AXIS2_PLACEMENT_3D ( 'NONE', #3866, #1925, #29 ) ;
#374 = EDGE_CURVE ( 'NONE', #1105, #1652, #1747, .T. ) ;
#375 = CARTESIAN_POINT ( 'NONE',  ( 9.906181505084768801, 10.88841749437369089, -7.274407193297757424 ) ) ;
#376 =( NAMED_UNIT ( * ) PLANE_ANGLE_UNIT ( ) SI_UNIT ( $, .RADIAN. ) );
#377 = CARTESIAN_POINT ( 'NONE',  ( 8.888062986821212874, 10.83908123067084084, -5.867145232218196504 ) ) ;
#378 = CARTESIAN_POINT ( 'NONE',  ( 6.250483284646409565, 6.500000000000000000, 1.701245229258260050 ) ) ;
#379 = CARTESIAN_POINT ( 'NONE',  ( -5.663744890773839913, 10.36145943883930798, -7.048178799784324156 ) ) ;
#380 = VERTEX_POINT ( 'NONE', #1787 ) ;
#381 = EDGE_CURVE ( 'NONE', #3033, #1883, #4102, .T. ) ;
#382 = SURFACE_STYLE_FILL_AREA ( #3898 ) ;
#383 = FILL_AREA_STYLE_COLOUR ( '', #921 ) ;
#384 = DIRECTION ( 'NONE',  ( 0.000000000000000000, 0.000000000000000000, -1.000000000000000000 ) ) ;
#385 = EDGE_CURVE ( 'NONE', #1493, #3139, #4043, .T. ) ;
#386 = CARTESIAN_POINT ( 'NONE',  ( 11.03786518822236928, 14.11146176137450681, -6.842519568768928195 ) ) ;
#387 = EDGE_LOOP ( 'NONE', ( #2647, #879, #1253, #1130 ) ) ;
#388 = VERTEX_POINT ( 'NONE', #910 ) ;
#389 = DIRECTION ( 'NONE',  ( 0.000000000000000000, 0.3420201433256695456, 0.9396926207859082059 ) ) ;
#390 = SURFACE_STYLE_USAGE ( .BOTH. , #2354 ) ;
#391 = CARTESIAN_POINT ( 'NONE',  ( -7.750000000000000000, 10.45956135341902105, -5.549999999999999822 ) ) ;
#392 = FILL_AREA_STYLE ('',( #1674 ) ) ;
#393 = VECTOR ( 'NONE', #2062, 1000.000000000000000 ) ;
#394 =( GEOMETRIC_REPRESENTATION_CONTEXT ( 3 ) GLOBAL_UNCERTAINTY_ASSIGNED_CONTEXT ( ( #2125 ) ) GLOBAL_UNIT_ASSIGNED_CONTEXT ( ( #2239, #3213, #684 ) ) REPRESENTATION_CONTEXT ( 'NONE', 'WORKASPACE' ) );
#395 =( NAMED_UNIT ( * ) PLANE_ANGLE_UNIT ( ) SI_UNIT ( $, .RADIAN. ) );
#396 = PRESENTATION_LAYER_ASSIGNMENT (  '', '', ( #269 ) ) ;
#397 = FACE_BOUND ( 'NONE', #3140, .T. ) ;
#398 = CARTESIAN_POINT ( 'NONE',  ( -5.578815884994106078, 10.48013497973759733, -7.385702035334989368 ) ) ;
#399 = DIRECTION ( 'NONE',  ( 0.000000000000000000, 0.3420201433256691015, 0.9396926207859082059 ) ) ;
#400 = CARTESIAN_POINT ( 'NONE',  ( -7.750000000000000000, -0.5000000000000000000, 7.750000000000000000 ) ) ;
#401 = CARTESIAN_POINT ( 'NONE',  ( 8.997162739021160149, 8.193647888784973077, -2.479915596054141691 ) ) ;
#402 = EDGE_CURVE ( 'NONE', #3868, #388, #250, .T. ) ;
#403 = ORIENTED_EDGE ( 'NONE', *, *, #374, .T. ) ;
#404 =( NAMED_UNIT ( * ) PLANE_ANGLE_UNIT ( ) SI_UNIT ( $, .RADIAN. ) );
#405 = DIRECTION ( 'NONE',  ( 0.000000000000000000, 1.000000000000000000, 0.000000000000000000 ) ) ;
#406 = PRESENTATION_LAYER_ASSIGNMENT (  '', '', ( #2843 ) ) ;
#407 =( NAMED_UNIT ( * ) SI_UNIT ( $, .STERADIAN. ) SOLID_ANGLE_UNIT ( ) );
#408 =( NAMED_UNIT ( * ) SI_UNIT ( $, .STERADIAN. ) SOLID_ANGLE_UNIT ( ) );
#409 = EDGE_LOOP ( 'NONE', ( #608, #1873, #3614, #2191 ) ) ;
#410 = VECTOR ( 'NONE', #2907, 1000.000000000000114 ) ;
#411 = CARTESIAN_POINT ( 'NONE',  ( 7.625472699796710607, 9.041888112304949487, -5.553527156665929887 ) ) ;
#412 = UNCERTAINTY_MEASURE_WITH_UNIT (LENGTH_MEASURE( 1.000000000000000082E-05 ), #2628, 'distance_accuracy_value', 'NONE');
#413 = CARTESIAN_POINT ( 'NONE',  ( -7.500000000000000000, 12.39380805885001990, -6.773526244851500344 ) ) ;
#414 = PRESENTATION_STYLE_ASSIGNMENT (( #436 ) ) ;
#415 = UNCERTAINTY_MEASURE_WITH_UNIT (LENGTH_MEASURE( 1.000000000000000082E-05 ), #3617, 'distance_accuracy_value', 'NONE');
#416 = CARTESIAN_POINT ( 'NONE',  ( 9.950000000000001066, 1.047106842509882174, 7.750000000000000000 ) ) ;
#417 = CARTESIAN_POINT ( 'NONE',  ( 9.232813351172767469, 11.10197096124313276, -6.124592271224442719 ) ) ;
#418 = AXIS2_PLACEMENT_3D ( 'NONE', #2344, #2638, #3918 ) ;
#419 = CARTESIAN_POINT ( 'NONE',  ( 9.950000000000001066, 6.500000000000000000, 7.750000000000000000 ) ) ;
#420 = CARTESIAN_POINT ( 'NONE',  ( -6.110331217572467111, 9.731777929415432737, -6.283054073087313007 ) ) ;
#421 = PLANE ( 'NONE',  #688 ) ;
#422 = CARTESIAN_POINT ( 'NONE',  ( 11.19999999999999929, 6.500000000000000000, 6.000000000000000000 ) ) ;
#423 = CARTESIAN_POINT ( 'NONE',  ( 7.923846812183140464, 7.153135997468174523, -1.024992472190489723 ) ) ;
#424 = VERTEX_POINT ( 'NONE', #2445 ) ;
#425 = PRESENTATION_LAYER_ASSIGNMENT (  '', '', ( #225 ) ) ;
#426 = SURFACE_STYLE_USAGE ( .BOTH. , #117 ) ;
#427 = PRESENTATION_STYLE_ASSIGNMENT (( #1064 ) ) ;
#428 = COLOUR_RGB ( '',0.8078431372549019773, 0.8078431372549019773, 0.8078431372549019773 ) ;
#429 = CARTESIAN_POINT ( 'NONE',  ( -7.700000000000000178, 18.60476010645924916, -9.500000000000000000 ) ) ;
#430 = ORIENTED_EDGE ( 'NONE', *, *, #2420, .T. ) ;
#431 = VECTOR ( 'NONE', #1369, 1000.000000000000000 ) ;
#432 = CARTESIAN_POINT ( 'NONE',  ( 0.000000000000000000, 13.07784834550136033, -4.894141003279680824 ) ) ;
#433 = CARTESIAN_POINT ( 'NONE',  ( 6.259994790605449388, 10.62956498582312115, -6.131394280259369722 ) ) ;
#434 =( GEOMETRIC_REPRESENTATION_CONTEXT ( 3 ) GLOBAL_UNCERTAINTY_ASSIGNED_CONTEXT ( ( #415 ) ) GLOBAL_UNIT_ASSIGNED_CONTEXT ( ( #3617, #2019, #1673 ) ) REPRESENTATION_CONTEXT ( 'NONE', 'WORKASPACE' ) );
#435 = DIRECTION ( 'NONE',  ( 0.000000000000000000, 0.3420201433256695456, 0.9396926207859082059 ) ) ;
#436 = SURFACE_STYLE_USAGE ( .BOTH. , #2695 ) ;
#437 = CIRCLE ( 'NONE', #365, 2.200000000000000622 ) ;
#438 = CARTESIAN_POINT ( 'NONE',  ( -9.143609928539829568, 11.02248644397865540, -6.047484928869843124 ) ) ;
#439 = PRESENTATION_STYLE_ASSIGNMENT (( #3349 ) ) ;
#440 = DIRECTION ( 'NONE',  ( 0.000000000000000000, 0.3420201433256694901, 0.9396926207859080948 ) ) ;
#441 = CIRCLE ( 'NONE', #1834, 2.249999999999999112 ) ;
#442 = SURFACE_SIDE_STYLE ('',( #2342 ) ) ;
#443 = DIRECTION ( 'NONE',  ( 0.000000000000000000, 0.000000000000000000, 1.000000000000000000 ) ) ;
#444 = CARTESIAN_POINT ( 'NONE',  ( 10.12012706112181881, 10.44787914004598051, -3.936910495457190073 ) ) ;
#445 = ORIENTED_EDGE ( 'NONE', *, *, #86, .T. ) ;
#446 = AXIS2_PLACEMENT_3D ( 'NONE', #1311, #363, #3016 ) ;
#447 =( NAMED_UNIT ( * ) SI_UNIT ( $, .STERADIAN. ) SOLID_ANGLE_UNIT ( ) );
#448 = FACE_OUTER_BOUND ( 'NONE', #2365, .T. ) ;
#449 = PRESENTATION_STYLE_ASSIGNMENT (( #2330 ) ) ;
#450 = MECHANICAL_DESIGN_GEOMETRIC_PRESENTATION_REPRESENTATION (  '', ( #2926 ), #2449 ) ;
#451 = UNCERTAINTY_MEASURE_WITH_UNIT (LENGTH_MEASURE( 1.000000000000000082E-05 ), #1372, 'distance_accuracy_value', 'NONE');
#452 = EDGE_CURVE ( 'NONE', #2042, #518, #1241, .T. ) ;
#453 = VECTOR ( 'NONE', #1877, 1000.000000000000000 ) ;
#454 = ORIENTED_EDGE ( 'NONE', *, *, #327, .F. ) ;
#455 = LINE ( 'NONE', #123, #2626 ) ;
#456 = ADVANCED_FACE ( 'NONE', ( #1145 ), #743, .T. ) ;
#457 =( GEOMETRIC_REPRESENTATION_CONTEXT ( 3 ) GLOBAL_UNCERTAINTY_ASSIGNED_CONTEXT ( ( #3463 ) ) GLOBAL_UNIT_ASSIGNED_CONTEXT ( ( #2976, #1918, #2641 ) ) REPRESENTATION_CONTEXT ( 'NONE', 'WORKASPACE' ) );
#458 = DIRECTION ( 'NONE',  ( 0.000000000000000000, 0.9396926207859080948, -0.3420201433256696011 ) ) ;
#459 = MANIFOLD_SOLID_BREP ( 'NONE', #3111 ) ;
#460 = LINE ( 'NONE', #3346, #2666 ) ;
#461 = UNCERTAINTY_MEASURE_WITH_UNIT (LENGTH_MEASURE( 1.000000000000000082E-05 ), #1621, 'distance_accuracy_value', 'NONE');
#462 = CARTESIAN_POINT ( 'NONE',  ( -8.795178367716705026, 10.78507841222740460, -5.814122381408327378 ) ) ;
#463 = FACE_OUTER_BOUND ( 'NONE', #1537, .T. ) ;
#464 = CARTESIAN_POINT ( 'NONE',  ( 10.07127284138673851, 16.10936103991845414, -8.611196781113850562 ) ) ;
#465 = VERTEX_POINT ( 'NONE', #3792 ) ;
#466 = DIRECTION ( 'NONE',  ( -1.445602896647339903E-16, 0.000000000000000000, 1.000000000000000000 ) ) ;
#467 = CARTESIAN_POINT ( 'NONE',  ( 9.345912549659910695, 8.696417971560617133, -2.939143865742538608 ) ) ;
#468 = VERTEX_POINT ( 'NONE', #3479 ) ;
#469 = CARTESIAN_POINT ( 'NONE',  ( 11.19999999999999929, 12.30000000000000071, -6.000000000000000000 ) ) ;
#470 = SURFACE_SIDE_STYLE ('',( #1199 ) ) ;
#471 = COLOUR_RGB ( '',0.8078431372549019773, 0.8078431372549019773, 0.8078431372549019773 ) ;
#472 = DIRECTION ( 'NONE',  ( 0.000000000000000000, 0.000000000000000000, 1.000000000000000000 ) ) ;
#473 = CIRCLE ( 'NONE', #2470, 1.999999999999998668 ) ;
#474 = CYLINDRICAL_SURFACE ( 'NONE', #2454, 1.999999999999999778 ) ;
#475 = VERTEX_POINT ( 'NONE', #2818 ) ;
#476 = ADVANCED_FACE ( 'NONE', ( #586, #603 ), #2089, .F. ) ;
#477 = PRESENTATION_LAYER_ASSIGNMENT (  '', '', ( #1932 ) ) ;
#478 = SURFACE_STYLE_FILL_AREA ( #1091 ) ;
#479 = FILL_AREA_STYLE_COLOUR ( '', #906 ) ;
#480 = CARTESIAN_POINT ( 'NONE',  ( -7.750000000000000000, -0.5000000000000000000, -6.649999999999999467 ) ) ;
#481 = CARTESIAN_POINT ( 'NONE',  ( -5.549999999999999822, 1.047106842509882174, 7.750000000000000000 ) ) ;
#482 =( NAMED_UNIT ( * ) SI_UNIT ( $, .STERADIAN. ) SOLID_ANGLE_UNIT ( ) );
#483 = CARTESIAN_POINT ( 'NONE',  ( -6.018911394606527132, 10.61393594339373792, -6.125705774024996053 ) ) ;
#484 = CARTESIAN_POINT ( 'NONE',  ( -9.950000000000001066, 10.61060721807882068, -8.680951323690910826 ) ) ;
#485 = ORIENTED_EDGE ( 'NONE', *, *, #1325, .F. ) ;
#486 = CARTESIAN_POINT ( 'NONE',  ( -8.547732437741895950, 7.684649815927690142, -1.879749447782792737 ) ) ;
#487 = VERTEX_POINT ( 'NONE', #2112 ) ;
#488 = MECHANICAL_DESIGN_GEOMETRIC_PRESENTATION_REPRESENTATION (  '', ( #3763 ), #3834 ) ;
#489 = PLANE ( 'NONE',  #521 ) ;
#490 = CARTESIAN_POINT ( 'NONE',  ( 7.500000000000000000, 10.00924726251489894, -13.32505318809899997 ) ) ;
#491 = CARTESIAN_POINT ( 'NONE',  ( -10.09707759354473389, 16.96349378445698974, -8.629471109256575900 ) ) ;
#492 = CARTESIAN_POINT ( 'NONE',  ( 1.300000000000000044, 2.500000000000000000, -6.000000000000000000 ) ) ;
#493 = EDGE_CURVE ( 'NONE', #388, #3730, #564, .T. ) ;
#494 = VECTOR ( 'NONE', #3130, 1000.000000000000000 ) ;
#495 = CARTESIAN_POINT ( 'NONE',  ( -11.04120022158368108, 13.74110433196135439, -7.043204370642598633 ) ) ;
#496 = CARTESIAN_POINT ( 'NONE',  ( 7.750000000000000000, 3.000000000000000000, -7.750000000000000000 ) ) ;
#497 = ORIENTED_EDGE ( 'NONE', *, *, #2670, .T. ) ;
#498 = VERTEX_POINT ( 'NONE', #1784 ) ;
#499 = FILL_AREA_STYLE_COLOUR ( '', #1225 ) ;
#500 = SURFACE_STYLE_FILL_AREA ( #3345 ) ;
#501 = FACE_BOUND ( 'NONE', #182, .T. ) ;
#502 = PRESENTATION_LAYER_ASSIGNMENT (  '', '', ( #2834 ) ) ;
#503 = CARTESIAN_POINT ( 'NONE',  ( -6.436620894202275345, 9.982905654129639927, -5.896029531812470914 ) ) ;
#504 = CARTESIAN_POINT ( 'NONE',  ( 9.045665574859530267, 17.40270790718370364, -9.240588044747969576 ) ) ;
#505 = EDGE_LOOP ( 'NONE', ( #2951, #3428 ) ) ;
#506 = ADVANCED_FACE ( 'NONE', ( #3074 ), #2563, .F. ) ;
#507 = AXIS2_PLACEMENT_3D ( 'NONE', #2506, #1523, #3535 ) ;
#508 = CARTESIAN_POINT ( 'NONE',  ( -7.645583419283880744, 6.969450169586760779, -0.6309448468312052194 ) ) ;
#509 = SURFACE_STYLE_FILL_AREA ( #2447 ) ;
#510 = ORIENTED_EDGE ( 'NONE', *, *, #1496, .F. ) ;
#511 = ADVANCED_FACE ( 'NONE', ( #1586 ), #1780, .T. ) ;
#512 = FILL_AREA_STYLE_COLOUR ( '', #3082 ) ;
#513 = CARTESIAN_POINT ( 'NONE',  ( 6.250483284646409565, 6.500000000000000000, 1.701245229258260050 ) ) ;
#514 =( GEOMETRIC_REPRESENTATION_CONTEXT ( 3 ) GLOBAL_UNCERTAINTY_ASSIGNED_CONTEXT ( ( #3631 ) ) GLOBAL_UNIT_ASSIGNED_CONTEXT ( ( #3550, #2957, #407 ) ) REPRESENTATION_CONTEXT ( 'NONE', 'WORKASPACE' ) );
#515 = CARTESIAN_POINT ( 'NONE',  ( -9.459708111216858839, 16.91857190459949933, -9.025989602139905088 ) ) ;
#516 = SURFACE_STYLE_FILL_AREA ( #836 ) ;
#517 = ORIENTED_EDGE ( 'NONE', *, *, #72, .T. ) ;
#518 = VERTEX_POINT ( 'NONE', #411 ) ;
#519 = CARTESIAN_POINT ( 'NONE',  ( 6.367623158877489864, 9.487031301116426008, -6.038444401602404810 ) ) ;
#520 = SURFACE_SIDE_STYLE ('',( #2753 ) ) ;
#521 = AXIS2_PLACEMENT_3D ( 'NONE', #3961, #3084, #2702 ) ;
#522 = PRESENTATION_STYLE_ASSIGNMENT (( #542 ) ) ;
#523 = VECTOR ( 'NONE', #1776, 1000.000000000000000 ) ;
#524 = SURFACE_SIDE_STYLE ('',( #1827 ) ) ;
#525 =( LENGTH_UNIT ( ) NAMED_UNIT ( * ) SI_UNIT ( .MILLI., .METRE. ) );
#526 = CARTESIAN_POINT ( 'NONE',  ( -9.883400241374154405, 10.93644092228225695, -7.212172289661452851 ) ) ;
#527 = VERTEX_POINT ( 'NONE', #1997 ) ;
#528 = CARTESIAN_POINT ( 'NONE',  ( -5.549999999999999822, 10.36930306035977978, -7.750000000000000000 ) ) ;
#529 =( NAMED_UNIT ( * ) PLANE_ANGLE_UNIT ( ) SI_UNIT ( $, .RADIAN. ) );
#530 = ORIENTED_EDGE ( 'NONE', *, *, #2987, .T. ) ;
#531 = CARTESIAN_POINT ( 'NONE',  ( 1.000000000000000000, 21.50000000000000000, -8.500000000000000000 ) ) ;
#532 = UNCERTAINTY_MEASURE_WITH_UNIT (LENGTH_MEASURE( 1.000000000000000082E-05 ), #3410, 'distance_accuracy_value', 'NONE');
#533 = CIRCLE ( 'NONE', #197, 2.249999999999999112 ) ;
#534 = CARTESIAN_POINT ( 'NONE',  ( -11.02858607491002019, 13.79668092434576643, -7.082614011778923135 ) ) ;
#535 = CARTESIAN_POINT ( 'NONE',  ( 8.874491107819432401, 18.79274860421734061, -8.476303659464779372 ) ) ;
#536 = ORIENTED_EDGE ( 'NONE', *, *, #36, .T. ) ;
#537 = VERTEX_POINT ( 'NONE', #3305 ) ;
#538 = STYLED_ITEM ( 'NONE', ( #3776 ), #2804 ) ;
#539 = CARTESIAN_POINT ( 'NONE',  ( 6.171798008770576160, 9.665474789974508596, -6.215636871119341933 ) ) ;
#540 = DIRECTION ( 'NONE',  ( 0.000000000000000000, 1.000000000000000000, 0.000000000000000000 ) ) ;
#541 = CIRCLE ( 'NONE', #670, 9.199999999999999289 ) ;
#542 = SURFACE_STYLE_USAGE ( .BOTH. , #1541 ) ;
#543 = CARTESIAN_POINT ( 'NONE',  ( 1.000000000000000000, 12.30000000000000071, -8.500000000000000000 ) ) ;
#544 = DIRECTION ( 'NONE',  ( 0.7282608695652179609, 0.6853000115716565421, 0.000000000000000000 ) ) ;
#545 = AXIS2_PLACEMENT_3D ( 'NONE', #3567, #3300, #2618 ) ;
#546 = DIRECTION ( 'NONE',  ( 1.000000000000000000, 0.000000000000000000, 0.000000000000000000 ) ) ;
#547 = CARTESIAN_POINT ( 'NONE',  ( -9.862321952931843327, 10.99691430525793123, -7.134900419831835983 ) ) ;
#548 = ORIENTED_EDGE ( 'NONE', *, *, #1520, .F. ) ;
#549 = CARTESIAN_POINT ( 'NONE',  ( 10.94146849858350734, 14.13478085858590916, -7.320753834911739588 ) ) ;
#550 = ORIENTED_EDGE ( 'NONE', *, *, #747, .F. ) ;
#551 = DIRECTION ( 'NONE',  ( 3.469446951953614189E-15, 0.000000000000000000, -1.000000000000000000 ) ) ;
#552 = PRESENTATION_STYLE_ASSIGNMENT (( #2746 ) ) ;
#553 = DIRECTION ( 'NONE',  ( 0.000000000000000000, -0.9396926207859085389, 0.3420201433256686574 ) ) ;
#554 = CARTESIAN_POINT ( 'NONE',  ( -7.700000000000130740, 3.000000000000000000, -9.500000000000000000 ) ) ;
#555 = CARTESIAN_POINT ( 'NONE',  ( 9.199583699270796444, 13.09337157682676533, -9.162488666803289661 ) ) ;
#556 =( NAMED_UNIT ( * ) SI_UNIT ( $, .STERADIAN. ) SOLID_ANGLE_UNIT ( ) );
#557 = EDGE_LOOP ( 'NONE', ( #2856, #161, #3415 ) ) ;
#558 = ORIENTED_EDGE ( 'NONE', *, *, #2796, .T. ) ;
#559 = SURFACE_STYLE_USAGE ( .BOTH. , #3826 ) ;
#560 = LINE ( 'NONE', #4120, #3790 ) ;
#561 = COLOUR_RGB ( '',0.8078431372549019773, 0.8078431372549019773, 0.8078431372549019773 ) ;
#562 = CARTESIAN_POINT ( 'NONE',  ( 6.800899622493696839, 9.536073833485605888, -5.733396049375068415 ) ) ;
#563 = ORIENTED_EDGE ( 'NONE', *, *, #1051, .F. ) ;
#564 = LINE ( 'NONE', #3390, #2179 ) ;
#565 = CARTESIAN_POINT ( 'NONE',  ( -5.616263984595390113, 11.23755127529040010, -6.352683192467419637 ) ) ;
#566 =( LENGTH_UNIT ( ) NAMED_UNIT ( * ) SI_UNIT ( .MILLI., .METRE. ) );
#567 = CARTESIAN_POINT ( 'NONE',  ( -9.853749506646654055, 11.01914466344111965, -7.106379979488592014 ) ) ;
#568 = ORIENTED_EDGE ( 'NONE', *, *, #1075, .F. ) ;
#569 = CARTESIAN_POINT ( 'NONE',  ( 10.29754053877571529, 15.68312441434254545, -8.345822530200290856 ) ) ;
#570 = CIRCLE ( 'NONE', #1428, 1.100000000000000311 ) ;
#571 = ORIENTED_EDGE ( 'NONE', *, *, #576, .F. ) ;
#572 = UNCERTAINTY_MEASURE_WITH_UNIT (LENGTH_MEASURE( 1.000000000000000082E-05 ), #2332, 'distance_accuracy_value', 'NONE');
#573 = CARTESIAN_POINT ( 'NONE',  ( 7.700000000000000178, -0.5000000000000000000, 6.000000000000000000 ) ) ;
#574 = CYLINDRICAL_SURFACE ( 'NONE', #2374, 1.000000000000000888 ) ;
#575 = VECTOR ( 'NONE', #1594, 1000.000000000000000 ) ;
#576 = EDGE_CURVE ( 'NONE', #3069, #1579, #2737, .T. ) ;
#577 = CARTESIAN_POINT ( 'NONE',  ( 9.501148920982885215, 12.68059433463885988, -9.001292970768886903 ) ) ;
#578 = CARTESIAN_POINT ( 'NONE',  ( 10.76112069170876318, 15.26398447566320193, -7.351883224952967311 ) ) ;
#579 = VECTOR ( 'NONE', #3538, 1000.000000000000000 ) ;
#580 = VERTEX_POINT ( 'NONE', #3342 ) ;
#581 = ORIENTED_EDGE ( 'NONE', *, *, #151, .T. ) ;
#582 =( NAMED_UNIT ( * ) SI_UNIT ( $, .STERADIAN. ) SOLID_ANGLE_UNIT ( ) );
#583 = EDGE_CURVE ( 'NONE', #2938, #3564, #3899, .T. ) ;
#584 = CARTESIAN_POINT ( 'NONE',  ( 5.699682295870191595, 11.11754643200999126, -6.309005001545570757 ) ) ;
#585 = EDGE_CURVE ( 'NONE', #1671, #1247, #455, .T. ) ;
#586 = FACE_BOUND ( 'NONE', #3491, .T. ) ;
#587 = DIRECTION ( 'NONE',  ( 0.000000000000000000, 0.000000000000000000, 1.000000000000000000 ) ) ;
#588 = DIRECTION ( 'NONE',  ( 0.000000000000000000, 0.9396926207859078728, -0.3420201433256699342 ) ) ;
#589 = CARTESIAN_POINT ( 'NONE',  ( 5.616263984595390113, 11.23755127529040010, -6.352683192467419637 ) ) ;
#590 = ORIENTED_EDGE ( 'NONE', *, *, #3034, .T. ) ;
#591 = SURFACE_STYLE_FILL_AREA ( #2783 ) ;
#592 = AXIS2_PLACEMENT_3D ( 'NONE', #3671, #2745, #3628 ) ;
#593 = CARTESIAN_POINT ( 'NONE',  ( 7.500000000000000000, 14.43264414421530084, -5.387246347520460610 ) ) ;
#594 = CARTESIAN_POINT ( 'NONE',  ( 5.765168490610140140, 10.19236477720033918, -6.791209094285550307 ) ) ;
#595 =( LENGTH_UNIT ( ) NAMED_UNIT ( * ) SI_UNIT ( .MILLI., .METRE. ) );
#596 = CARTESIAN_POINT ( 'NONE',  ( 9.746051142951760227, 11.50000000000000000, -8.839661022098630028 ) ) ;
#597 = CARTESIAN_POINT ( 'NONE',  ( -10.20517623364109205, 16.69630265968625693, -7.920577864405925261 ) ) ;
#598 = DIRECTION ( 'NONE',  ( 0.000000000000000000, 0.000000000000000000, 1.000000000000000000 ) ) ;
#599 = ORIENTED_EDGE ( 'NONE', *, *, #1863, .F. ) ;
#600 = VERTEX_POINT ( 'NONE', #2667 ) ;
#601 = DIRECTION ( 'NONE',  ( 0.000000000000000000, 0.000000000000000000, 1.000000000000000000 ) ) ;
#602 = PRESENTATION_LAYER_ASSIGNMENT (  '', '', ( #2207 ) ) ;
#603 = FACE_OUTER_BOUND ( 'NONE', #1995, .T. ) ;
#604 = SURFACE_STYLE_FILL_AREA ( #330 ) ;
#605 = PLANE ( 'NONE',  #889 ) ;
#606 =( GEOMETRIC_REPRESENTATION_CONTEXT ( 3 ) GLOBAL_UNCERTAINTY_ASSIGNED_CONTEXT ( ( #2608 ) ) GLOBAL_UNIT_ASSIGNED_CONTEXT ( ( #2636, #1394, #1039 ) ) REPRESENTATION_CONTEXT ( 'NONE', 'WORKASPACE' ) );
#607 = CARTESIAN_POINT ( 'NONE',  ( 5.408823529411769471, 11.06287966545550105, -8.002441239438210729 ) ) ;
#608 = ORIENTED_EDGE ( 'NONE', *, *, #1108, .T. ) ;
#609 =( NAMED_UNIT ( * ) SI_UNIT ( $, .STERADIAN. ) SOLID_ANGLE_UNIT ( ) );
#610 = STYLED_ITEM ( 'NONE', ( #3788 ), #2182 ) ;
#611 = DIRECTION ( 'NONE',  ( 0.000000000000000000, -1.000000000000000000, 0.000000000000000000 ) ) ;
#612 = PRESENTATION_STYLE_ASSIGNMENT (( #1281 ) ) ;
#613 = CARTESIAN_POINT ( 'NONE',  ( -8.553001181060915670, 13.55587878566068127, -9.394463673354088940 ) ) ;
#614 = FACE_OUTER_BOUND ( 'NONE', #4044, .T. ) ;
#615 = CARTESIAN_POINT ( 'NONE',  ( -9.577747698382410135, 17.81956359727993444, -8.275124879430597602 ) ) ;
#616 = CARTESIAN_POINT ( 'NONE',  ( -9.334718026460837592, 12.93544265225356327, -9.094928942996041599 ) ) ;
#617 = ORIENTED_EDGE ( 'NONE', *, *, #1364, .T. ) ;
#618 = ORIENTED_EDGE ( 'NONE', *, *, #2278, .F. ) ;
#619 = DIRECTION ( 'NONE',  ( 0.000000000000000000, 0.000000000000000000, 1.000000000000000000 ) ) ;
#620 = CARTESIAN_POINT ( 'NONE',  ( 9.746051142951760227, 11.50000000000000000, -8.839661022098630028 ) ) ;
#621 = ORIENTED_EDGE ( 'NONE', *, *, #1411, .T. ) ;
#622 = CARTESIAN_POINT ( 'NONE',  ( -5.408823529411769471, 11.06287966545547974, -8.002441239438240927 ) ) ;
#623 = SURFACE_STYLE_FILL_AREA ( #2197 ) ;
#624 = CARTESIAN_POINT ( 'NONE',  ( -5.408833001158200204, 11.11201959911948123, -7.867360637131294077 ) ) ;
#625 = PRESENTATION_LAYER_ASSIGNMENT (  '', '', ( #2294 ) ) ;
#626 = CARTESIAN_POINT ( 'NONE',  ( 5.718651563734455046, 10.26974907871649378, -6.905233711242606098 ) ) ;
#627 = ORIENTED_EDGE ( 'NONE', *, *, #3445, .T. ) ;
#628 = ADVANCED_FACE ( 'NONE', ( #2693 ), #1992, .F. ) ;
#629 = MECHANICAL_DESIGN_GEOMETRIC_PRESENTATION_REPRESENTATION (  '', ( #2031 ), #2963 ) ;
#630 = EDGE_CURVE ( 'NONE', #2042, #210, #473, .T. ) ;
#631 = CARTESIAN_POINT ( 'NONE',  ( -9.950000000000001066, 3.000000000000000000, -8.680951323690910826 ) ) ;
#632 = CARTESIAN_POINT ( 'NONE',  ( 7.700000000000000178, 21.50000000000000000, -8.500000000000000000 ) ) ;
#633 = CARTESIAN_POINT ( 'NONE',  ( -8.571450438940608763, 13.54712506712117559, -9.389778667834715264 ) ) ;
#634 = ADVANCED_FACE ( 'NONE', ( #2041 ), #3302, .F. ) ;
#635 = AXIS2_PLACEMENT_3D ( 'NONE', #3561, #1703, #2948 ) ;
#636 = CARTESIAN_POINT ( 'NONE',  ( 7.965041332970070442, 13.75203200527134939, -9.492488377940036415 ) ) ;
#637 = CARTESIAN_POINT ( 'NONE',  ( 7.750000000000000000, 6.500000000000000000, -7.750000000000000000 ) ) ;
#638 = CARTESIAN_POINT ( 'NONE',  ( -9.468365173714461847, 12.73596335539002489, -9.020414882711902393 ) ) ;
#639 = DIRECTION ( 'NONE',  ( 0.000000000000000000, -1.000000000000000000, 0.000000000000000000 ) ) ;
#640 = CARTESIAN_POINT ( 'NONE',  ( -9.950000000000001066, 10.61060721807882068, -8.680951323690910826 ) ) ;
#641 = FILL_AREA_STYLE_COLOUR ( '', #428 ) ;
#642 = AXIS2_PLACEMENT_3D ( 'NONE', #1224, #28, #601 ) ;
#643 =( NAMED_UNIT ( * ) SI_UNIT ( $, .STERADIAN. ) SOLID_ANGLE_UNIT ( ) );
#644 = CYLINDRICAL_SURFACE ( 'NONE', #2368, 1.441743575235126418 ) ;
#645 = CARTESIAN_POINT ( 'NONE',  ( 5.716691283801928591, 10.27300016720826115, -6.909962967023258962 ) ) ;
#646 = PRESENTATION_LAYER_ASSIGNMENT (  '', '', ( #1903 ) ) ;
#647 = CARTESIAN_POINT ( 'NONE',  ( 5.549999999999999822, 22.50000000000000000, -7.750000000000000000 ) ) ;
#648 = CARTESIAN_POINT ( 'NONE',  ( -5.775504694799379557, 10.17678186736932311, -6.779242414090713709 ) ) ;
#649 = CIRCLE ( 'NONE', #3926, 6.000000000000000000 ) ;
#650 = FILL_AREA_STYLE ('',( #295 ) ) ;
#651 = CARTESIAN_POINT ( 'NONE',  ( 5.827482207439110162, 10.09264995034411960, -6.671952030432180436 ) ) ;
#652 = CARTESIAN_POINT ( 'NONE',  ( -8.247019270726140050, 13.69744586171115053, -9.469773151426315039 ) ) ;
#653 = PRESENTATION_LAYER_ASSIGNMENT (  '', '', ( #2859 ) ) ;
#654 = CARTESIAN_POINT ( 'NONE',  ( -9.654594669154493047, 17.69797087680877823, -8.241998980433910660 ) ) ;
#655 = CARTESIAN_POINT ( 'NONE',  ( -8.987734866851871729, 13.28717868126347135, -9.254592645096341386 ) ) ;
#656 = CARTESIAN_POINT ( 'NONE',  ( -9.746051142951799307, 11.50000000000000000, -8.839661022098580290 ) ) ;
#657 = CARTESIAN_POINT ( 'NONE',  ( 9.905601169960455366, 11.03429040295612928, -8.717617000040222663 ) ) ;
#658 = LINE ( 'NONE', #1252, #1824 ) ;
#659 = VERTEX_POINT ( 'NONE', #429 ) ;
#660 = CARTESIAN_POINT ( 'NONE',  ( -5.567067939928089793, 10.48063506217664020, -7.467157908170680258 ) ) ;
#661 = CARTESIAN_POINT ( 'NONE',  ( 5.720073402765896375, 10.26739224001544493, -6.901825434948827720 ) ) ;
#662 =( GEOMETRIC_REPRESENTATION_CONTEXT ( 3 ) GLOBAL_UNCERTAINTY_ASSIGNED_CONTEXT ( ( #3798 ) ) GLOBAL_UNIT_ASSIGNED_CONTEXT ( ( #1980, #1052, #2047 ) ) REPRESENTATION_CONTEXT ( 'NONE', 'WORKASPACE' ) );
#663 = COLOUR_RGB ( '',0.8078431372549019773, 0.8078431372549019773, 0.8078431372549019773 ) ;
#664 = CARTESIAN_POINT ( 'NONE',  ( 9.316998661311824748, 11.18751133362265548, -6.205573804253530668 ) ) ;
#665 = SURFACE_STYLE_USAGE ( .BOTH. , #3540 ) ;
#666 = CARTESIAN_POINT ( 'NONE',  ( -6.551430947472304034, 9.351281053144097299, -5.904845387689216629 ) ) ;
#667 = DIRECTION ( 'NONE',  ( 1.000000000000000000, 0.000000000000000000, 0.000000000000000000 ) ) ;
#668 = CARTESIAN_POINT ( 'NONE',  ( 6.559794785218319824, 10.97403833982953891, -4.683978865014310600 ) ) ;
#669 = CARTESIAN_POINT ( 'NONE',  ( 7.247303293422421966, 6.758569382860755148, -0.04153686649047414609 ) ) ;
#670 = AXIS2_PLACEMENT_3D ( 'NONE', #81, #99, #1357 ) ;
#671 = CARTESIAN_POINT ( 'NONE',  ( -10.97386338606915501, 14.43890325820442833, -6.990465728882067964 ) ) ;
#672 = CARTESIAN_POINT ( 'NONE',  ( -9.549743143258199396, 12.58210614992278309, -8.971358937140719192 ) ) ;
#673 = EDGE_CURVE ( 'NONE', #580, #2603, #1385, .T. ) ;
#674 = LINE ( 'NONE', #3318, #1581 ) ;
#675 = PRESENTATION_LAYER_ASSIGNMENT (  '', '', ( #150 ) ) ;
#676 = EDGE_CURVE ( 'NONE', #3186, #1149, #2826, .T. ) ;
#677 =( NAMED_UNIT ( * ) PLANE_ANGLE_UNIT ( ) SI_UNIT ( $, .RADIAN. ) );
#678 = VERTEX_POINT ( 'NONE', #1181 ) ;
#679 =( LENGTH_UNIT ( ) NAMED_UNIT ( * ) SI_UNIT ( .MILLI., .METRE. ) );
#680 =( NAMED_UNIT ( * ) PLANE_ANGLE_UNIT ( ) SI_UNIT ( $, .RADIAN. ) );
#681 = DIRECTION ( 'NONE',  ( 1.000000000000000000, 0.000000000000000000, 0.000000000000000000 ) ) ;
#682 = CARTESIAN_POINT ( 'NONE',  ( -8.470531295443835873, 10.63314731025987925, -5.669493392192345382 ) ) ;
#683 = CARTESIAN_POINT ( 'NONE',  ( 9.436102445572689845, 11.33266415096900381, -6.336772747080754442 ) ) ;
#684 =( NAMED_UNIT ( * ) SI_UNIT ( $, .STERADIAN. ) SOLID_ANGLE_UNIT ( ) );
#685 = CARTESIAN_POINT ( 'NONE',  ( -5.737485348499888893, 10.23857536584234396, -6.861147057246700598 ) ) ;
#686 = DIRECTION ( 'NONE',  ( 0.000000000000000000, 0.3420201433256695456, 0.9396926207859082059 ) ) ;
#687 = CARTESIAN_POINT ( 'NONE',  ( 7.527513781340400278, 10.92220285900024024, -4.238660273990014993 ) ) ;
#688 = AXIS2_PLACEMENT_3D ( 'NONE', #3542, #667, #1938 ) ;
#689 = ORIENTED_EDGE ( 'NONE', *, *, #2853, .F. ) ;
#690 = EDGE_CURVE ( 'NONE', #1480, #3033, #46, .T. ) ;
#691 = ADVANCED_FACE ( 'NONE', ( #2434 ), #3383, .F. ) ;
#692 = AXIS2_PLACEMENT_3D ( 'NONE', #2215, #3142, #1539 ) ;
#693 = DIRECTION ( 'NONE',  ( 0.000000000000000000, 0.000000000000000000, 1.000000000000000000 ) ) ;
#694 = AXIS2_PLACEMENT_3D ( 'NONE', #1093, #1805, #4036 ) ;
#695 = CARTESIAN_POINT ( 'NONE',  ( 11.04324615852357461, 14.08149908291377805, -6.828888878562601406 ) ) ;
#696 = FILL_AREA_STYLE ('',( #2881 ) ) ;
#697 = ORIENTED_EDGE ( 'NONE', *, *, #1210, .T. ) ;
#698 = COLOUR_RGB ( '',0.8078431372549019773, 0.8078431372549019773, 0.8078431372549019773 ) ;
#699 = EDGE_LOOP ( 'NONE', ( #3025, #192, #2973, #1292, #3717, #2012 ) ) ;
#700 = AXIS2_PLACEMENT_3D ( 'NONE', #228, #3391, #2779 ) ;
#701 = EDGE_CURVE ( 'NONE', #1813, #2958, #1332, .T. ) ;
#702 = CARTESIAN_POINT ( 'NONE',  ( -5.689273461899300166, 11.21246125135350091, -6.099486403017619907 ) ) ;
#703 = UNCERTAINTY_MEASURE_WITH_UNIT (LENGTH_MEASURE( 1.000000000000000082E-05 ), #194, 'distance_accuracy_value', 'NONE');
#704 = CARTESIAN_POINT ( 'NONE',  ( 7.750000000000000000, 10.45956135341902105, -5.549999999999999822 ) ) ;
#705 = COLOUR_RGB ( '',0.8078431372549019773, 0.8078431372549019773, 0.8078431372549019773 ) ;
#706 = CARTESIAN_POINT ( 'NONE',  ( 5.549999999999999822, 9.732355150393930288, -9.500000000000000000 ) ) ;
#707 = CARTESIAN_POINT ( 'NONE',  ( -5.598500671358012326, 10.45904352884866739, -7.290582167986792150 ) ) ;
#708 = FILL_AREA_STYLE_COLOUR ( '', #2972 ) ;
#709 = LINE ( 'NONE', #3606, #3154 ) ;
#710 = CARTESIAN_POINT ( 'NONE',  ( 7.594736057974319721, 6.940460338973576171, -0.5564724134573149072 ) ) ;
#711 = ORIENTED_EDGE ( 'NONE', *, *, #1983, .F. ) ;
#712 = DIRECTION ( 'NONE',  ( 0.000000000000000000, -1.000000000000000000, 0.000000000000000000 ) ) ;
#713 = CARTESIAN_POINT ( 'NONE',  ( -7.500000000000000000, 12.39380805885001990, -6.773526244851500344 ) ) ;
#714 = TOROIDAL_SURFACE ( 'NONE', #592, 9.199999999999999289, 1.000000000000000000 ) ;
#715 = APPLICATION_CONTEXT ( 'automotive_design' ) ;
#716 =( NAMED_UNIT ( * ) SI_UNIT ( $, .STERADIAN. ) SOLID_ANGLE_UNIT ( ) );
#717 = ORIENTED_EDGE ( 'NONE', *, *, #1325, .T. ) ;
#718 = ORIENTED_EDGE ( 'NONE', *, *, #773, .F. ) ;
#719 = CARTESIAN_POINT ( 'NONE',  ( -7.527513781340410048, 10.92220285900024024, -4.238660273990014993 ) ) ;
#720 = SURFACE_SIDE_STYLE ('',( #2986 ) ) ;
#721 = DIRECTION ( 'NONE',  ( 0.000000000000000000, 1.000000000000000000, 0.000000000000000000 ) ) ;
#722 = DIRECTION ( 'NONE',  ( 1.264902534566421922E-16, 0.000000000000000000, -1.000000000000000000 ) ) ;
#723 = DIRECTION ( 'NONE',  ( 0.000000000000000000, 0.000000000000000000, 1.000000000000000000 ) ) ;
#724 = CARTESIAN_POINT ( 'NONE',  ( 9.383164928250840475, 11.26447351583299650, -6.276107778404995230 ) ) ;
#725 = LINE ( 'NONE', #111, #3759 ) ;
#726 = CARTESIAN_POINT ( 'NONE',  ( -5.931282359976352225, 9.949369162518282295, -6.512097632021747629 ) ) ;
#727 = CARTESIAN_POINT ( 'NONE',  ( 9.950000000000001066, 6.500000000000000000, 7.750000000000000000 ) ) ;
#728 = CARTESIAN_POINT ( 'NONE',  ( 8.335805018350232132, 7.484902920073816190, -1.592714437208707867 ) ) ;
#729 = VECTOR ( 'NONE', #3001, 1000.000000000000000 ) ;
#730 = EDGE_LOOP ( 'NONE', ( #3718, #2784 ) ) ;
#731 = CARTESIAN_POINT ( 'NONE',  ( 7.500000000000000000, 16.93525804390725042, 5.704005040675750315 ) ) ;
#732 = LINE ( 'NONE', #3566, #393 ) ;
#733 = B_SPLINE_CURVE_WITH_KNOTS ( 'NONE', 3,
 ( #2820, #3481, #4080, #1169, #3767, #526, #3436, #547, #886, #567, #3794, #291, #825, #2175, #866 ),
 .UNSPECIFIED., .F., .F.,
 ( 4, 2, 2, 1, 1, 1, 2, 2, 4 ),
 ( 0.000000000000000000, 0.2500000000000074385, 0.3750000000000105471, 0.4375000000000134337, 0.4687500000000127121, 0.4843750000000113243, 0.4921875000000103251, 0.5000000000000093259, 1.000000000000000000 ),
 .UNSPECIFIED. ) ;
#734 =( GEOMETRIC_REPRESENTATION_CONTEXT ( 3 ) GLOBAL_UNCERTAINTY_ASSIGNED_CONTEXT ( ( #3002 ) ) GLOBAL_UNIT_ASSIGNED_CONTEXT ( ( #3922, #2662, #2036 ) ) REPRESENTATION_CONTEXT ( 'NONE', 'WORKASPACE' ) );
#735 = DIRECTION ( 'NONE',  ( 1.000000000000000000, 0.000000000000000000, 0.000000000000000000 ) ) ;
#736 = EDGE_LOOP ( 'NONE', ( #2271, #2180, #3500, #3948 ) ) ;
#737 = CARTESIAN_POINT ( 'NONE',  ( -6.956289268688209404, 10.92759230580070096, -4.404717400209224643 ) ) ;
#738 = CARTESIAN_POINT ( 'NONE',  ( 1.000000000000000000, 12.30000000000000071, -8.500000000000000000 ) ) ;
#739 = DIRECTION ( 'NONE',  ( 0.000000000000000000, 0.3420201433256694901, 0.9396926207859080948 ) ) ;
#740 = UNCERTAINTY_MEASURE_WITH_UNIT (LENGTH_MEASURE( 1.000000000000000082E-05 ), #3596, 'distance_accuracy_value', 'NONE');
#741 = DIRECTION ( 'NONE',  ( 0.000000000000000000, 0.3420201433256691570, 0.9396926207859084279 ) ) ;
#742 = CYLINDRICAL_SURFACE ( 'NONE', #2358, 1.100000000000000311 ) ;
#743 = TOROIDAL_SURFACE ( 'NONE', #3433, 9.199999999999999289, 1.000000000000000000 ) ;
#744 = CARTESIAN_POINT ( 'NONE',  ( -7.500000000000000000, 11.03901226013607939, -6.280420900610719670 ) ) ;
#745 = CARTESIAN_POINT ( 'NONE',  ( -10.12012706112181881, 10.44787914004598051, -3.936910495457190073 ) ) ;
#746 =( LENGTH_UNIT ( ) NAMED_UNIT ( * ) SI_UNIT ( .MILLI., .METRE. ) );
#747 = EDGE_CURVE ( 'NONE', #2692, #2931, #732, .T. ) ;
#748 = CARTESIAN_POINT ( 'NONE',  ( 7.956927940990480508, 18.40973544305649057, -9.500000000000001776 ) ) ;
#749 = ORIENTED_EDGE ( 'NONE', *, *, #1210, .F. ) ;
#750 = EDGE_CURVE ( 'NONE', #220, #1683, #1967, .T. ) ;
#751 = EDGE_CURVE ( 'NONE', #1406, #1439, #998, .T. ) ;
#752 = COLOUR_RGB ( '',0.8078431372549019773, 0.8078431372549019773, 0.8078431372549019773 ) ;
#753 = CARTESIAN_POINT ( 'NONE',  ( 11.19999999999999929, -0.5000000000000000000, 6.000000000000000000 ) ) ;
#754 = DIRECTION ( 'NONE',  ( 0.000000000000000000, -0.9396926207859080948, 0.3420201433256694901 ) ) ;
#755 = EDGE_CURVE ( 'NONE', #424, #3384, #2370, .T. ) ;
#756 = B_SPLINE_CURVE_WITH_KNOTS ( 'NONE', 3,
 ( #3893, #79, #3541, #2593, #3605, #3560, #1916, #2300, #2551, #1339, #21, #1625, #3581, #666, #62, #3837, #956, #1937, #2634, #3231, #994, #1323, #2887, #3293, #3876, #97, #1016, #1355, #2908, #420, #3214, #1662, #1301, #2929, #1959, #726, #1679, #3916, #42, #1610, #2263, #3521, #648, #2007, #337, #685, #2573, #3859, #2280, #355, #2947, #3252, #379, #1644, #2613, #1038, #2241, #1280, #707, #1984, #3274, #398, #2324, #2720, #130, #528 ),
 .UNSPECIFIED., .F., .F.,
 ( 4, 2, 2, 1, 1, 2, 2, 2, 1, 1, 2, 2, 2, 1, 1, 1, 1, 2, 2, 2, 2, 2, 1, 2, 2, 2, 2, 1, 1, 1, 2, 2, 2, 2, 1, 1, 2, 2, 2, 4 ),
 ( 0.000000000000000000, 0.1249999999999923117, 0.1874999999999888700, 0.2187499999999873435, 0.2343749999999863443, 0.2421874999999859557, 0.2499999999999855671, 0.3124999999999800715, 0.3437499999999771294, 0.3593749999999755751, 0.3671874999999744094, 0.3749999999999732991, 0.4374999999999653610, 0.4687499999999610312, 0.4843749999999591993, 0.4921874999999578115, 0.4960937499999564793, 0.4980468749999558686, 0.4999999999999552580, 0.5624999999999649170, 0.5937499999999702460, 0.6093749999999731326, 0.6171874999999746869, 0.6210937499999753530, 0.6249999999999760192, 0.6874999999999948930, 0.7187500000000041078, 0.7343750000000084377, 0.7421875000000103251, 0.7460937500000119904, 0.7480468750000121014, 0.7500000000000121014, 0.8125000000000092149, 0.8437500000000076605, 0.8593750000000065503, 0.8671875000000058842, 0.8710937500000057732, 0.8750000000000057732, 0.9375000000000029976, 1.000000000000000000 ),
 .UNSPECIFIED. ) ;
#757 = CARTESIAN_POINT ( 'NONE',  ( 11.15835676286475753, 13.22075536148485853, -6.431756938587211536 ) ) ;
#758 = ORIENTED_EDGE ( 'NONE', *, *, #4082, .F. ) ;
#759 = MECHANICAL_DESIGN_GEOMETRIC_PRESENTATION_REPRESENTATION (  '', ( #2566 ), #2303 ) ;
#760 = CARTESIAN_POINT ( 'NONE',  ( -7.081090440396569541, 9.100017568432889448, -5.649280025869290789 ) ) ;
#761 = DIRECTION ( 'NONE',  ( 0.000000000000000000, 1.000000000000000000, 0.000000000000000000 ) ) ;
#762 = VECTOR ( 'NONE', #3266, 1000.000000000000000 ) ;
#763 = LINE ( 'NONE', #163, #3846 ) ;
#764 = PRODUCT_DEFINITION_SHAPE ( 'NONE', 'NONE',  #3269 ) ;
#765 = CARTESIAN_POINT ( 'NONE',  ( -9.065719289939037751, 10.95992328399746185, -5.986424172690771428 ) ) ;
#766 = CARTESIAN_POINT ( 'NONE',  ( -6.391267583932748408, 10.04593895081065114, -5.918971775572028804 ) ) ;
#767 = CARTESIAN_POINT ( 'NONE',  ( 8.698956208459950545, 19.00239511581079555, -9.439181099292733634 ) ) ;
#768 = CARTESIAN_POINT ( 'NONE',  ( -9.242497652356275850, 8.525255904923186634, -2.803641457105287227 ) ) ;
#769 = SURFACE_SIDE_STYLE ('',( #2054 ) ) ;
#770 =( LENGTH_UNIT ( ) NAMED_UNIT ( * ) SI_UNIT ( .MILLI., .METRE. ) );
#771 = CARTESIAN_POINT ( 'NONE',  ( 9.118704395006746566, 8.353732354107538782, -2.640558774660632491 ) ) ;
#772 = ORIENTED_EDGE ( 'NONE', *, *, #94, .T. ) ;
#773 = EDGE_CURVE ( 'NONE', #2078, #1746, #2203, .T. ) ;
#774 = FILL_AREA_STYLE ('',( #2933 ) ) ;
#775 = CARTESIAN_POINT ( 'NONE',  ( 6.638376137018434875, 9.672568008405253437, -5.783075866196540460 ) ) ;
#776 = CARTESIAN_POINT ( 'NONE',  ( 5.549999999999999822, 9.732355150393930288, -9.500000000000000000 ) ) ;
#777 = CARTESIAN_POINT ( 'NONE',  ( -10.98146470522403639, 13.98754995236955878, -7.217373337926541232 ) ) ;
#778 = VECTOR ( 'NONE', #1084, 1000.000000000000000 ) ;
#779 = ORIENTED_EDGE ( 'NONE', *, *, #3599, .T. ) ;
#780 = CARTESIAN_POINT ( 'NONE',  ( -7.522549540435881532, 10.43550621858459770, -5.561080696335639395 ) ) ;
#781 = CARTESIAN_POINT ( 'NONE',  ( 9.949999999999997513, 11.07238155971701943, -8.100814104454194364 ) ) ;
#782 = VECTOR ( 'NONE', #1425, 1000.000000000000114 ) ;
#783 = SURFACE_STYLE_FILL_AREA ( #392 ) ;
#784 = CARTESIAN_POINT ( 'NONE',  ( 7.700000000000000178, 18.60476010645924916, -9.500000000000000000 ) ) ;
#785 = ORIENTED_EDGE ( 'NONE', *, *, #3344, .F. ) ;
#786 = CARTESIAN_POINT ( 'NONE',  ( -8.017463155036784528, 7.216368593839728618, -1.157834044258805761 ) ) ;
#787 = DIRECTION ( 'NONE',  ( 0.000000000000000000, 1.000000000000000000, 0.000000000000000000 ) ) ;
#788 = EDGE_LOOP ( 'NONE', ( #1964, #1211, #100, #590 ) ) ;
#789 = ADVANCED_FACE ( 'NONE', ( #3942 ), #1022, .T. ) ;
#790 =( LENGTH_UNIT ( ) NAMED_UNIT ( * ) SI_UNIT ( .MILLI., .METRE. ) );
#791 = CARTESIAN_POINT ( 'NONE',  ( -9.950000000000001066, 10.31497097004993968, -6.714210576431249855 ) ) ;
#792 = CARTESIAN_POINT ( 'NONE',  ( -9.580719286279190783, 17.82818823154366328, -9.017208315047119171 ) ) ;
#793 = STYLED_ITEM ( 'NONE', ( #414 ), #2596 ) ;
#794 = CARTESIAN_POINT ( 'NONE',  ( -9.226222644825043062, 17.19423006459988557, -9.149712994564378477 ) ) ;
#795 = CARTESIAN_POINT ( 'NONE',  ( 9.112508962811673996, 18.48282266679933628, -8.423493989519680980 ) ) ;
#796 = ADVANCED_FACE ( 'NONE', ( #3320 ), #1344, .T. ) ;
#797 = ORIENTED_EDGE ( 'NONE', *, *, #1197, .T. ) ;
#798 = STYLED_ITEM ( 'NONE', ( #2995 ), #2067 ) ;
#799 = VERTEX_POINT ( 'NONE', #3108 ) ;
#800 = CARTESIAN_POINT ( 'NONE',  ( 6.724737541949725284, 9.249145497972122598, -5.803489303832104262 ) ) ;
#801 = DIRECTION ( 'NONE',  ( 0.000000000000000000, 0.000000000000000000, -1.000000000000000000 ) ) ;
#802 = ADVANCED_FACE ( 'NONE', ( #3987 ), #2140, .F. ) ;
#803 = SURFACE_SIDE_STYLE ('',( #3681 ) ) ;
#804 = PLANE ( 'NONE',  #1171 ) ;
#805 = CARTESIAN_POINT ( 'NONE',  ( -6.012482537313448283, 10.62420584600792495, -6.129443712885372264 ) ) ;
#806 = CARTESIAN_POINT ( 'NONE',  ( 10.02371535008944115, 17.10231528917769950, -8.075130055705040277 ) ) ;
#807 = ORIENTED_EDGE ( 'NONE', *, *, #3034, .F. ) ;
#808 = EDGE_CURVE ( 'NONE', #3148, #3533, #1772, .T. ) ;
#809 = CARTESIAN_POINT ( 'NONE',  ( -9.406377772871099552, 8.795225724550267188, -3.018402078175390191 ) ) ;
#810 = CARTESIAN_POINT ( 'NONE',  ( 10.96967289214762609, 14.03212585718811134, -7.248733359821236455 ) ) ;
#811 = ORIENTED_EDGE ( 'NONE', *, *, #3731, .F. ) ;
#812 = DIRECTION ( 'NONE',  ( 0.000000000000000000, 0.3420201433256694901, 0.9396926207859080948 ) ) ;
#813 = CARTESIAN_POINT ( 'NONE',  ( -9.949999999999993960, 11.01883647211879946, -7.317826307471883673 ) ) ;
#814 =( NAMED_UNIT ( * ) PLANE_ANGLE_UNIT ( ) SI_UNIT ( $, .RADIAN. ) );
#815 = DIRECTION ( 'NONE',  ( 0.000000000000000000, 1.000000000000000000, 0.000000000000000000 ) ) ;
#816 = EDGE_CURVE ( 'NONE', #3226, #2602, #2837, .T. ) ;
#817 =( GEOMETRIC_REPRESENTATION_CONTEXT ( 3 ) GLOBAL_UNCERTAINTY_ASSIGNED_CONTEXT ( ( #92 ) ) GLOBAL_UNIT_ASSIGNED_CONTEXT ( ( #679, #349, #3888 ) ) REPRESENTATION_CONTEXT ( 'NONE', 'WORKASPACE' ) );
#818 = CARTESIAN_POINT ( 'NONE',  ( -10.97943739523750395, 13.99529016859259301, -7.222822068102102477 ) ) ;
#819 = CARTESIAN_POINT ( 'NONE',  ( 9.670302635106308387, 17.67270426448672893, -8.234953599477222497 ) ) ;
#820 = ORIENTED_EDGE ( 'NONE', *, *, #1131, .F. ) ;
#821 = ORIENTED_EDGE ( 'NONE', *, *, #4037, .F. ) ;
#822 = FILL_AREA_STYLE ('',( #499 ) ) ;
#823 = PRESENTATION_STYLE_ASSIGNMENT (( #1809 ) ) ;
#824 = CARTESIAN_POINT ( 'NONE',  ( -5.616263984595390113, 11.23755127529040010, -6.352683192467419637 ) ) ;
#825 = CARTESIAN_POINT ( 'NONE',  ( -9.776194375266907599, 11.21274920222748150, -6.857553057903572835 ) ) ;
#826 = EDGE_LOOP ( 'NONE', ( #1637, #3647 ) ) ;
#827 = PRESENTATION_LAYER_ASSIGNMENT (  '', '', ( #1895 ) ) ;
#828 = MECHANICAL_DESIGN_GEOMETRIC_PRESENTATION_REPRESENTATION (  '', ( #1234 ), #3188 ) ;
#829 = CARTESIAN_POINT ( 'NONE',  ( -8.203221596293568396, 7.362669687450464906, -1.412824319907868054 ) ) ;
#830 = ORIENTED_EDGE ( 'NONE', *, *, #2592, .T. ) ;
#831 = SURFACE_STYLE_FILL_AREA ( #1792 ) ;
#832 = CARTESIAN_POINT ( 'NONE',  ( -9.729954585534075662, 11.49999999978650500, -8.045816885897945525 ) ) ;
#833 = CARTESIAN_POINT ( 'NONE',  ( -11.14536937383194015, 13.52068945775370068, -6.574029651627570026 ) ) ;
#834 = DIRECTION ( 'NONE',  ( 0.000000000000000000, 0.3420201433256695456, 0.9396926207859082059 ) ) ;
#835 = LINE ( 'NONE', #2126, #2128 ) ;
#836 = FILL_AREA_STYLE ('',( #1754 ) ) ;
#837 = ORIENTED_EDGE ( 'NONE', *, *, #2113, .F. ) ;
#838 = ORIENTED_EDGE ( 'NONE', *, *, #2540, .F. ) ;
#839 = CARTESIAN_POINT ( 'NONE',  ( 6.744995548369272953, 9.238642464912299346, -5.792945405097141176 ) ) ;
#840 = FILL_AREA_STYLE ('',( #859 ) ) ;
#841 = AXIS2_PLACEMENT_3D ( 'NONE', #112, #2096, #3981 ) ;
#842 = CARTESIAN_POINT ( 'NONE',  ( 6.444718989355296301, 9.971846656235189954, -5.892004385758078833 ) ) ;
#843 = STYLED_ITEM ( 'NONE', ( #342 ), #3031 ) ;
#844 = PLANE ( 'NONE',  #1763 ) ;
#845 = DIRECTION ( 'NONE',  ( -2.904422734064025953E-13, 0.000000000000000000, -1.000000000000000000 ) ) ;
#846 = CARTESIAN_POINT ( 'NONE',  ( 9.950000000000001066, 3.000000000000000000, -7.750000000000000000 ) ) ;
#847 = ORIENTED_EDGE ( 'NONE', *, *, #3604, .T. ) ;
#848 = PRESENTATION_STYLE_ASSIGNMENT (( #4025 ) ) ;
#849 = ORIENTED_EDGE ( 'NONE', *, *, #3676, .F. ) ;
#850 = CARTESIAN_POINT ( 'NONE',  ( -7.700000000000000178, -0.5000000000000000000, -9.500000000000000000 ) ) ;
#851 = CARTESIAN_POINT ( 'NONE',  ( -7.700000000000000178, 18.60476010645924916, -9.500000000000000000 ) ) ;
#852 = SURFACE_STYLE_FILL_AREA ( #2494 ) ;
#853 = CARTESIAN_POINT ( 'NONE',  ( -11.19999999999999929, 12.30000000000000071, -6.000000000000000000 ) ) ;
#854 = DIRECTION ( 'NONE',  ( 0.000000000000000000, 0.000000000000000000, 1.000000000000000000 ) ) ;
#855 = ORIENTED_EDGE ( 'NONE', *, *, #86, .F. ) ;
#856 = ORIENTED_EDGE ( 'NONE', *, *, #1245, .F. ) ;
#857 = VECTOR ( 'NONE', #2158, 1000.000000000000000 ) ;
#858 = CARTESIAN_POINT ( 'NONE',  ( 9.949999999999993960, 11.01883647212102169, -7.317826307471369418 ) ) ;
#859 = FILL_AREA_STYLE_COLOUR ( '', #3038 ) ;
#860 = SURFACE_STYLE_FILL_AREA ( #2055 ) ;
#861 = ORIENTED_EDGE ( 'NONE', *, *, #1731, .F. ) ;
#862 = DIRECTION ( 'NONE',  ( 0.000000000000000000, 0.000000000000000000, -1.000000000000000000 ) ) ;
#863 =( NAMED_UNIT ( * ) SI_UNIT ( $, .STERADIAN. ) SOLID_ANGLE_UNIT ( ) );
#864 = PRESENTATION_LAYER_ASSIGNMENT (  '', '', ( #1277 ) ) ;
#865 = DIRECTION ( 'NONE',  ( -3.642919299551295529E-14, 0.000000000000000000, -1.000000000000000000 ) ) ;
#866 = CARTESIAN_POINT ( 'NONE',  ( -9.543438343106599220, 11.50000000000000000, -6.475802641081430444 ) ) ;
#867 = EDGE_LOOP ( 'NONE', ( #3208, #2212, #2455, #3768, #3760, #1089, #403, #1823 ) ) ;
#868 = CARTESIAN_POINT ( 'NONE',  ( 10.31017691618758469, 15.66018886178675196, -8.331735576169220892 ) ) ;
#869 = B_SPLINE_CURVE_WITH_KNOTS ( 'NONE', 3,
 ( #824, #4021, #2678, #1099, #3662, #2075, #3076, #805, #483, #2757, #2402, #1786, #766, #1741, #167, #1123, #503, #1437, #1147, #2093, #1765, #3370 ),
 .UNSPECIFIED., .F., .F.,
 ( 4, 1, 1, 1, 1, 2, 2, 1, 1, 1, 1, 1, 1, 2, 2, 4 ),
 ( 0.000000000000000000, 0.1249999999999941713, 0.1874999999999912570, 0.2187499999999894251, 0.2343749999999883982, 0.2421874999999876488, 0.2499999999999868994, 0.3749999999999742983, 0.4374999999999685252, 0.4687499999999656941, 0.4843749999999653055, 0.4921874999999653055, 0.4960937499999652500, 0.4980468749999657496, 0.4999999999999661937, 1.000000000000000000 ),
 .UNSPECIFIED. ) ;
#870 = EDGE_LOOP ( 'NONE', ( #1101, #2627, #3490, #986, #4034, #1790 ) ) ;
#871 =( GEOMETRIC_REPRESENTATION_CONTEXT ( 3 ) GLOBAL_UNCERTAINTY_ASSIGNED_CONTEXT ( ( #3382 ) ) GLOBAL_UNIT_ASSIGNED_CONTEXT ( ( #2114, #2150, #2484 ) ) REPRESENTATION_CONTEXT ( 'NONE', 'WORKASPACE' ) );
#872 = SURFACE_SIDE_STYLE ('',( #938 ) ) ;
#873 = CARTESIAN_POINT ( 'NONE',  ( 9.950000000000001066, 3.000000000000000000, -8.680951323690910826 ) ) ;
#874 = ADVANCED_FACE ( 'NONE', ( #3420 ), #2221, .F. ) ;
#875 = CARTESIAN_POINT ( 'NONE',  ( 9.421751852755011925, 12.81167096519043547, -9.047264133762482174 ) ) ;
#876 = CARTESIAN_POINT ( 'NONE',  ( 10.06316271224208769, 16.98268876773737546, -8.020995858983686944 ) ) ;
#877 = ADVANCED_FACE ( 'NONE', ( #3522 ), #3215, .T. ) ;
#878 = ORIENTED_EDGE ( 'NONE', *, *, #750, .F. ) ;
#879 = ORIENTED_EDGE ( 'NONE', *, *, #36, .F. ) ;
#880 = UNCERTAINTY_MEASURE_WITH_UNIT (LENGTH_MEASURE( 1.000000000000000082E-05 ), #2579, 'distance_accuracy_value', 'NONE');
#881 = CARTESIAN_POINT ( 'NONE',  ( 7.750000000000000000, -0.5000000000000000000, 7.750000000000000000 ) ) ;
#882 = SURFACE_STYLE_USAGE ( .BOTH. , #3432 ) ;
#883 = ORIENTED_EDGE ( 'NONE', *, *, #166, .T. ) ;
#884 = CYLINDRICAL_SURFACE ( 'NONE', #2975, 2.250000000000001332 ) ;
#885 = LINE ( 'NONE', #2780, #3771 ) ;
#886 = CARTESIAN_POINT ( 'NONE',  ( -9.856342428408341405, 11.01252765569459413, -7.114875460128435414 ) ) ;
#887 = ORIENTED_EDGE ( 'NONE', *, *, #1112, .T. ) ;
#888 = CARTESIAN_POINT ( 'NONE',  ( 10.97752304150397151, 14.00256747068659813, -7.227943870116702918 ) ) ;
#889 = AXIS2_PLACEMENT_3D ( 'NONE', #1352, #1910, #2276 ) ;
#890 = ORIENTED_EDGE ( 'NONE', *, *, #2979, .T. ) ;
#891 = AXIS2_PLACEMENT_3D ( 'NONE', #3698, #540, #1494 ) ;
#892 = UNCERTAINTY_MEASURE_WITH_UNIT (LENGTH_MEASURE( 1.000000000000000082E-05 ), #790, 'distance_accuracy_value', 'NONE');
#893 = CARTESIAN_POINT ( 'NONE',  ( -7.200731723636522474, 10.43042518865007828, -5.601847949437412488 ) ) ;
#894 = CARTESIAN_POINT ( 'NONE',  ( 5.567067939928080023, 10.48063506217664020, -7.467157908170690028 ) ) ;
#895 = FACE_OUTER_BOUND ( 'NONE', #1803, .T. ) ;
#896 = STYLED_ITEM ( 'NONE', ( #2845 ), #929 ) ;
#897 = PRESENTATION_LAYER_ASSIGNMENT (  '', '', ( #369 ) ) ;
#898 = PRESENTATION_LAYER_ASSIGNMENT (  '', '', ( #2709 ) ) ;
#899 = EDGE_CURVE ( 'NONE', #2424, #1887, #43, .T. ) ;
#900 = CARTESIAN_POINT ( 'NONE',  ( 9.577828504714865687, 12.51971678312860270, -8.953689264372128420 ) ) ;
#901 = CARTESIAN_POINT ( 'NONE',  ( -10.12878769486781749, 16.85031275311142096, -7.974569858463785188 ) ) ;
#902 = DIRECTION ( 'NONE',  ( 0.000000000000000000, 0.000000000000000000, -1.000000000000000000 ) ) ;
#903 = VERTEX_POINT ( 'NONE', #3820 ) ;
#904 = ORIENTED_EDGE ( 'NONE', *, *, #1876, .F. ) ;
#905 = CARTESIAN_POINT ( 'NONE',  ( -9.950000000000001066, 10.61060721807882068, -8.680951323690910826 ) ) ;
#906 = COLOUR_RGB ( '',0.8078431372549019773, 0.8078431372549019773, 0.8078431372549019773 ) ;
#907 = DIRECTION ( 'NONE',  ( 0.000000000000000000, 0.3420201433256691015, 0.9396926207859082059 ) ) ;
#908 = PRESENTATION_STYLE_ASSIGNMENT (( #3127 ) ) ;
#909 = FILL_AREA_STYLE ('',( #2025 ) ) ;
#910 = CARTESIAN_POINT ( 'NONE',  ( 1.300000000000000044, -0.5000000000000000000, 6.000000000000000000 ) ) ;
#911 = ORIENTED_EDGE ( 'NONE', *, *, #808, .T. ) ;
#912 = CARTESIAN_POINT ( 'NONE',  ( -5.549999999999999822, 22.50000000000000000, -7.750000000000000000 ) ) ;
#913 =( GEOMETRIC_REPRESENTATION_CONTEXT ( 3 ) GLOBAL_UNCERTAINTY_ASSIGNED_CONTEXT ( ( #2490 ) ) GLOBAL_UNIT_ASSIGNED_CONTEXT ( ( #2307, #404, #2329 ) ) REPRESENTATION_CONTEXT ( 'NONE', 'WORKASPACE' ) );
#914 = CARTESIAN_POINT ( 'NONE',  ( -7.750000000000000000, 3.000000000000000000, 7.750000000000000000 ) ) ;
#915 = DIRECTION ( 'NONE',  ( 0.000000000000000000, 0.000000000000000000, -1.000000000000000000 ) ) ;
#916 =( NAMED_UNIT ( * ) PLANE_ANGLE_UNIT ( ) SI_UNIT ( $, .RADIAN. ) );
#917 = CARTESIAN_POINT ( 'NONE',  ( 9.313533953621595529, 12.96409858737584031, -9.106288621913913417 ) ) ;
#918 = CARTESIAN_POINT ( 'NONE',  ( -11.15706931244558753, 13.23485301214127752, -6.438304857368843059 ) ) ;
#919 = CARTESIAN_POINT ( 'NONE',  ( -9.259620075476865608, 13.02737381267318106, -9.133369728316612424 ) ) ;
#920 = ORIENTED_EDGE ( 'NONE', *, *, #1876, .T. ) ;
#921 = COLOUR_RGB ( '',0.8078431372549019773, 0.8078431372549019773, 0.8078431372549019773 ) ;
#922 = ORIENTED_EDGE ( 'NONE', *, *, #2680, .F. ) ;
#923 = VECTOR ( 'NONE', #722, 1000.000000000000000 ) ;
#924 = PRESENTATION_STYLE_ASSIGNMENT (( #1165 ) ) ;
#925 = PRESENTATION_STYLE_ASSIGNMENT (( #2230 ) ) ;
#926 = DIRECTION ( 'NONE',  ( 1.000000000000000000, 0.000000000000000000, 0.000000000000000000 ) ) ;
#927 = STYLED_ITEM ( 'NONE', ( #2432 ), #2917 ) ;
#928 = VERTEX_POINT ( 'NONE', #338 ) ;
#929 = ADVANCED_FACE ( 'NONE', ( #256 ), #574, .T. ) ;
#930 = PRESENTATION_STYLE_ASSIGNMENT (( #3515 ) ) ;
#931 =( NAMED_UNIT ( * ) PLANE_ANGLE_UNIT ( ) SI_UNIT ( $, .RADIAN. ) );
#932 = MECHANICAL_DESIGN_GEOMETRIC_PRESENTATION_REPRESENTATION (  '', ( #1932 ), #3683 ) ;
#933 = CARTESIAN_POINT ( 'NONE',  ( 5.588341887295277921, 10.46935718796617820, -7.340836833767587777 ) ) ;
#934 = EDGE_LOOP ( 'NONE', ( #1715, #2290, #1482, #2416, #1231 ) ) ;
#935 = ADVANCED_FACE ( 'NONE', ( #1531 ), #2869, .F. ) ;
#936 = FILL_AREA_STYLE_COLOUR ( '', #1132 ) ;
#937 =( GEOMETRIC_REPRESENTATION_CONTEXT ( 3 ) GLOBAL_UNCERTAINTY_ASSIGNED_CONTEXT ( ( #451 ) ) GLOBAL_UNIT_ASSIGNED_CONTEXT ( ( #1372, #395, #2322 ) ) REPRESENTATION_CONTEXT ( 'NONE', 'WORKASPACE' ) );
#938 = SURFACE_STYLE_FILL_AREA ( #3819 ) ;
#939 =( NAMED_UNIT ( * ) SI_UNIT ( $, .STERADIAN. ) SOLID_ANGLE_UNIT ( ) );
#940 = CARTESIAN_POINT ( 'NONE',  ( 5.408823529411769471, 11.06287966545550105, -8.002441239438210729 ) ) ;
#941 = CARTESIAN_POINT ( 'NONE',  ( 7.175897691942468626, 6.726520328264071757, 0.06770126444819309086 ) ) ;
#942 = PRODUCT_DEFINITION_CONTEXT ( 'detailed design', #715, 'design' ) ;
#943 = CARTESIAN_POINT ( 'NONE',  ( 8.623622087175489170, 13.52233178591202645, -9.376409175948710484 ) ) ;
#944 = CARTESIAN_POINT ( 'NONE',  ( -10.84778099405117402, 14.96193376535119945, -7.221719026831299182 ) ) ;
#945 = CARTESIAN_POINT ( 'NONE',  ( -9.749747395974660336, 11.79612670433374433, -8.837538214664405700 ) ) ;
#946 = VERTEX_POINT ( 'NONE', #3624 ) ;
#947 =( LENGTH_UNIT ( ) NAMED_UNIT ( * ) SI_UNIT ( .MILLI., .METRE. ) );
#948 = CARTESIAN_POINT ( 'NONE',  ( 7.500000000000000000, 12.39380805885001990, -6.773526244851500344 ) ) ;
#949 = FACE_OUTER_BOUND ( 'NONE', #387, .T. ) ;
#950 = CARTESIAN_POINT ( 'NONE',  ( -5.408823527995330060, 11.11084745538903817, -7.870650830164459322 ) ) ;
#951 = CARTESIAN_POINT ( 'NONE',  ( 8.300000000000000711, 2.500000000000000000, -6.000000000000000000 ) ) ;
#952 = SURFACE_STYLE_FILL_AREA ( #1954 ) ;
#953 = VECTOR ( 'NONE', #3726, 1000.000000000000000 ) ;
#954 = CARTESIAN_POINT ( 'NONE',  ( 5.952768506567438500, 9.918387760201394343, -6.476910243919903998 ) ) ;
#955 = CARTESIAN_POINT ( 'NONE',  ( 9.833560454072282297, 11.06803665248503243, -7.043464639232812630 ) ) ;
#956 = CARTESIAN_POINT ( 'NONE',  ( -6.436907071930604296, 9.432524200031650707, -5.984818522389875994 ) ) ;
#957 = SURFACE_STYLE_USAGE ( .BOTH. , #4107 ) ;
#958 = CARTESIAN_POINT ( 'NONE',  ( 5.626293284834939179, 11.23630644660307887, -6.299544691464579849 ) ) ;
#959 = CIRCLE ( 'NONE', #233, 2.000000000000000444 ) ;
#960 = COLOUR_RGB ( '',0.8078431372549019773, 0.8078431372549019773, 0.8078431372549019773 ) ;
#961 = COLOUR_RGB ( '',0.8078431372549019773, 0.8078431372549019773, 0.8078431372549019773 ) ;
#962 = CARTESIAN_POINT ( 'NONE',  ( 8.749833416864353453, 13.45164310688980080, -9.338917464752185538 ) ) ;
#963 = CARTESIAN_POINT ( 'NONE',  ( -10.71780247301559186, 15.41497072331364571, -7.416949351670787394 ) ) ;
#964 = SURFACE_STYLE_USAGE ( .BOTH. , #49 ) ;
#965 = AXIS2_PLACEMENT_3D ( 'NONE', #3434, #3347, #544 ) ;
#966 = CARTESIAN_POINT ( 'NONE',  ( -7.700000000000000178, 3.000000000000000000, 9.500000000000000000 ) ) ;
#967 = DIRECTION ( 'NONE',  ( -1.445602896647339903E-16, 0.000000000000000000, 1.000000000000000000 ) ) ;
#968 = AXIS2_PLACEMENT_3D ( 'NONE', #2478, #1558, #619 ) ;
#969 = ORIENTED_EDGE ( 'NONE', *, *, #2982, .T. ) ;
#970 = VERTEX_POINT ( 'NONE', #1663 ) ;
#971 = CARTESIAN_POINT ( 'NONE',  ( 5.549999999999999822, 22.50000000000000000, -7.750000000000000000 ) ) ;
#972 =( LENGTH_UNIT ( ) NAMED_UNIT ( * ) SI_UNIT ( .MILLI., .METRE. ) );
#973 = CARTESIAN_POINT ( 'NONE',  ( 6.079352236714574254, 9.766759360424913439, -6.318438416506581667 ) ) ;
#974 = CARTESIAN_POINT ( 'NONE',  ( 9.849366025170095185, 11.03016363049191284, -7.092222748733620463 ) ) ;
#975 = CARTESIAN_POINT ( 'NONE',  ( 8.808514970871980765, 10.79247729584630022, -5.821353588582739214 ) ) ;
#976 = CARTESIAN_POINT ( 'NONE',  ( -5.549999999999999822, 11.78832503929399955, -3.851269155168414837 ) ) ;
#977 = ADVANCED_FACE ( 'NONE', ( #3894 ), #2594, .F. ) ;
#978 = CARTESIAN_POINT ( 'NONE',  ( 1.300000000000000044, 2.500000000000000000, -6.000000000000000000 ) ) ;
#979 =( GEOMETRIC_REPRESENTATION_CONTEXT ( 3 ) GLOBAL_UNCERTAINTY_ASSIGNED_CONTEXT ( ( #892 ) ) GLOBAL_UNIT_ASSIGNED_CONTEXT ( ( #790, #1109, #2369 ) ) REPRESENTATION_CONTEXT ( 'NONE', 'WORKASPACE' ) );
#980 = CARTESIAN_POINT ( 'NONE',  ( 6.722479925454083016, 6.567683259483174218, 0.8023879676472210898 ) ) ;
#981 = CYLINDRICAL_SURFACE ( 'NONE', #2993, 2.250000000000000888 ) ;
#982 = CARTESIAN_POINT ( 'NONE',  ( -9.945598326411948520, 17.20132414969148371, -8.092791956115350516 ) ) ;
#983 = CARTESIAN_POINT ( 'NONE',  ( -8.912440940473967288, 13.34420774117532460, -9.283306832968740707 ) ) ;
#984 =( NAMED_UNIT ( * ) PLANE_ANGLE_UNIT ( ) SI_UNIT ( $, .RADIAN. ) );
#985 = DIRECTION ( 'NONE',  ( 0.000000000000000000, 1.000000000000000000, 0.000000000000000000 ) ) ;
#986 = ORIENTED_EDGE ( 'NONE', *, *, #4110, .T. ) ;
#987 = FILL_AREA_STYLE ('',( #14 ) ) ;
#988 = CARTESIAN_POINT ( 'NONE',  ( 1.300000000000000044, -0.5000000000000000000, -6.000000000000000000 ) ) ;
#989 = AXIS2_PLACEMENT_3D ( 'NONE', #481, #145, #2631 ) ;
#990 = ADVANCED_FACE ( 'NONE', ( #2994 ), #421, .F. ) ;
#991 =( NAMED_UNIT ( * ) PLANE_ANGLE_UNIT ( ) SI_UNIT ( $, .RADIAN. ) );
#992 = CARTESIAN_POINT ( 'NONE',  ( 8.816223430150428086, 10.79682614135814944, -5.825612984549716877 ) ) ;
#993 = EDGE_CURVE ( 'NONE', #3375, #1343, #1676, .T. ) ;
#994 = CARTESIAN_POINT ( 'NONE',  ( -6.315340630239319353, 9.530212457821447103, -6.080898678156553494 ) ) ;
#995 = SURFACE_STYLE_FILL_AREA ( #1017 ) ;
#996 = CARTESIAN_POINT ( 'NONE',  ( 6.569226484773950325, 9.334623937520829529, -5.888556971887980218 ) ) ;
#997 = DIRECTION ( 'NONE',  ( -1.000000000000000000, 0.000000000000000000, -1.982541115402064913E-15 ) ) ;
#998 = LINE ( 'NONE', #3587, #1464 ) ;
#999 = DIRECTION ( 'NONE',  ( 0.000000000000000000, 0.3420201433256695456, 0.9396926207859082059 ) ) ;
#1000 = ADVANCED_FACE ( 'NONE', ( #3877 ), #4000, .F. ) ;
#1001 = APPLICATION_PROTOCOL_DEFINITION ( 'draft international standard', 'automotive_design', 1998, #3164 ) ;
#1002 = CARTESIAN_POINT ( 'NONE',  ( -7.750000000000000000, 3.000000000000000000, 7.750000000000000000 ) ) ;
#1003 = CARTESIAN_POINT ( 'NONE',  ( 11.07471160922272624, 13.89669252772350738, -6.744521484626132768 ) ) ;
#1004 =( NAMED_UNIT ( * ) SI_UNIT ( $, .STERADIAN. ) SOLID_ANGLE_UNIT ( ) );
#1005 = VERTEX_POINT ( 'NONE', #2717 ) ;
#1006 = ORIENTED_EDGE ( 'NONE', *, *, #374, .F. ) ;
#1007 = AXIS2_PLACEMENT_3D ( 'NONE', #3841, #997, #2871 ) ;
#1008 = CARTESIAN_POINT ( 'NONE',  ( -7.750000000000000000, 6.500000000000000000, -7.750000000000000000 ) ) ;
#1009 = DIRECTION ( 'NONE',  ( 0.000000000000000000, -0.9396926207859082059, 0.3420201433256691570 ) ) ;
#1010 = DIRECTION ( 'NONE',  ( 0.000000000000000000, 0.000000000000000000, 1.000000000000000000 ) ) ;
#1011 = UNCERTAINTY_MEASURE_WITH_UNIT (LENGTH_MEASURE( 1.000000000000000082E-05 ), #770, 'distance_accuracy_value', 'NONE');
#1012 = SURFACE_STYLE_USAGE ( .BOTH. , #3011 ) ;
#1013 = COLOUR_RGB ( '',0.8078431372549019773, 0.8078431372549019773, 0.8078431372549019773 ) ;
#1014 = CARTESIAN_POINT ( 'NONE',  ( 9.371538178219010362, 11.25039756174882122, -6.263334624556780916 ) ) ;
#1015 = LINE ( 'NONE', #1279, #2015 ) ;
#1016 = CARTESIAN_POINT ( 'NONE',  ( -6.130486676015538094, 9.710063971659371518, -6.260979703259189399 ) ) ;
#1017 = FILL_AREA_STYLE ('',( #3232 ) ) ;
#1018 = DIRECTION ( 'NONE',  ( 0.000000000000000000, 0.000000000000000000, 1.000000000000000000 ) ) ;
#1019 = AXIS2_PLACEMENT_3D ( 'NONE', #2738, #128, #3977 ) ;
#1020 = CARTESIAN_POINT ( 'NONE',  ( 6.816336687933609362, 6.592566199765523827, 0.6414373586252059001 ) ) ;
#1021 = ORIENTED_EDGE ( 'NONE', *, *, #1051, .T. ) ;
#1022 = CYLINDRICAL_SURFACE ( 'NONE', #1328, 1.999999999999999778 ) ;
#1023 = CYLINDRICAL_SURFACE ( 'NONE', #2475, 3.500000000000000000 ) ;
#1024 = VECTOR ( 'NONE', #2588, 1000.000000000000000 ) ;
#1025 = DIRECTION ( 'NONE',  ( 0.000000000000000000, 1.000000000000000000, 0.000000000000000000 ) ) ;
#1026 = AXIS2_PLACEMENT_3D ( 'NONE', #1008, #761, #3635 ) ;
#1027 = DIRECTION ( 'NONE',  ( 1.000000000000000000, 0.000000000000000000, 0.000000000000000000 ) ) ;
#1028 = ORIENTED_EDGE ( 'NONE', *, *, #3123, .T. ) ;
#1029 = EDGE_LOOP ( 'NONE', ( #4063, #627, #2213, #2997 ) ) ;
#1030 = CARTESIAN_POINT ( 'NONE',  ( -7.262584184401048581, 10.41723278795596386, -5.595189600903919036 ) ) ;
#1031 = CARTESIAN_POINT ( 'NONE',  ( 7.612551915985688922, 10.44320796016921626, -5.549999999999987388 ) ) ;
#1032 = CARTESIAN_POINT ( 'NONE',  ( 4.718538665528602571, 12.36781433407819009, -9.499999999999996447 ) ) ;
#1033 = CIRCLE ( 'NONE', #1440, 2.200000000000000622 ) ;
#1034 = CARTESIAN_POINT ( 'NONE',  ( 7.500000000000000000, 12.39380805885001990, -6.773526244851500344 ) ) ;
#1035 = SURFACE_STYLE_FILL_AREA ( #2610 ) ;
#1036 = FILL_AREA_STYLE_COLOUR ( '', #3090 ) ;
#1037 = COLOUR_RGB ( '',0.8078431372549019773, 0.8078431372549019773, 0.8078431372549019773 ) ;
#1038 = CARTESIAN_POINT ( 'NONE',  ( -5.612274238508597968, 10.44146738549465958, -7.230006371371841212 ) ) ;
#1039 =( NAMED_UNIT ( * ) SI_UNIT ( $, .STERADIAN. ) SOLID_ANGLE_UNIT ( ) );
#1040 = CARTESIAN_POINT ( 'NONE',  ( -11.19999999999999929, 12.30000000000000071, -9.500000000000000000 ) ) ;
#1041 = ORIENTED_EDGE ( 'NONE', *, *, #1843, .F. ) ;
#1042 = COLOUR_RGB ( '',0.8078431372549019773, 0.8078431372549019773, 0.8078431372549019773 ) ;
#1043 = FACE_OUTER_BOUND ( 'NONE', #2436, .T. ) ;
#1044 = CARTESIAN_POINT ( 'NONE',  ( 7.700000000000000178, 6.500000000000000000, -6.000000000000000000 ) ) ;
#1045 = SURFACE_STYLE_FILL_AREA ( #1087 ) ;
#1046 = ORIENTED_EDGE ( 'NONE', *, *, #2409, .T. ) ;
#1047 = CARTESIAN_POINT ( 'NONE',  ( -7.380505670669069929, 10.91532009652410018, -4.252314091032939558 ) ) ;
#1048 = CARTESIAN_POINT ( 'NONE',  ( 7.204877486330081737, 10.43768394290742130, -5.614192933296165755 ) ) ;
#1049 = DIRECTION ( 'NONE',  ( 0.000000000000000000, -0.9396926207859075397, 0.3420201433256708778 ) ) ;
#1050 = ADVANCED_FACE ( 'NONE', ( #463 ), #3703, .F. ) ;
#1051 = EDGE_CURVE ( 'NONE', #3632, #2489, #869, .T. ) ;
#1052 =( NAMED_UNIT ( * ) PLANE_ANGLE_UNIT ( ) SI_UNIT ( $, .RADIAN. ) );
#1053 = CARTESIAN_POINT ( 'NONE',  ( -9.196678185018617668, 11.06902324390795656, -6.092526294849898605 ) ) ;
#1054 = CARTESIAN_POINT ( 'NONE',  ( 11.14964269189578872, 13.46810857175265141, -6.693027149705674361 ) ) ;
#1055 = ADVANCED_FACE ( 'NONE', ( #4041 ), #742, .F. ) ;
#1056 = CARTESIAN_POINT ( 'NONE',  ( -8.834910981970084620, 7.994460104161651870, -2.264478062956281956 ) ) ;
#1057 = DIRECTION ( 'NONE',  ( -1.000000000000000000, 0.000000000000000000, 0.000000000000000000 ) ) ;
#1058 = CARTESIAN_POINT ( 'NONE',  ( 9.694472537533984635, 9.267708601670655355, -3.396017952497522252 ) ) ;
#1059 = AXIS2_PLACEMENT_3D ( 'NONE', #2663, #3691, #1687 ) ;
#1060 = ORIENTED_EDGE ( 'NONE', *, *, #137, .F. ) ;
#1061 = FILL_AREA_STYLE_COLOUR ( '', #3530 ) ;
#1062 = PRESENTATION_LAYER_ASSIGNMENT (  '', '', ( #2339 ) ) ;
#1063 =( NAMED_UNIT ( * ) SI_UNIT ( $, .STERADIAN. ) SOLID_ANGLE_UNIT ( ) );
#1064 = SURFACE_STYLE_USAGE ( .BOTH. , #2063 ) ;
#1065 = LINE ( 'NONE', #157, #729 ) ;
#1066 = CIRCLE ( 'NONE', #3419, 1.441743575235125974 ) ;
#1067 = CARTESIAN_POINT ( 'NONE',  ( 11.15907791524879755, 13.21277273189591384, -6.428034052428531098 ) ) ;
#1068 = VERTEX_POINT ( 'NONE', #3101 ) ;
#1069 = CARTESIAN_POINT ( 'NONE',  ( -6.688791665738700765, 9.262699854354961460, -5.817720407866080912 ) ) ;
#1070 = CYLINDRICAL_SURFACE ( 'NONE', #1026, 1.100000000000000311 ) ;
#1071 = CARTESIAN_POINT ( 'NONE',  ( -11.19999999999999929, 6.500000000000000000, 9.500000000000000000 ) ) ;
#1072 = UNCERTAINTY_MEASURE_WITH_UNIT (LENGTH_MEASURE( 1.000000000000000082E-05 ), #2384, 'distance_accuracy_value', 'NONE');
#1073 = UNCERTAINTY_MEASURE_WITH_UNIT (LENGTH_MEASURE( 1.000000000000000082E-05 ), #947, 'distance_accuracy_value', 'NONE');
#1074 = SURFACE_STYLE_FILL_AREA ( #1719 ) ;
#1075 = EDGE_CURVE ( 'NONE', #3739, #3083, #249, .T. ) ;
#1076 = STYLED_ITEM ( 'NONE', ( #908 ), #459 ) ;
#1077 = CARTESIAN_POINT ( 'NONE',  ( 9.950000000000001066, 3.000000000000000000, 7.750000000000000000 ) ) ;
#1078 =( LENGTH_UNIT ( ) NAMED_UNIT ( * ) SI_UNIT ( .MILLI., .METRE. ) );
#1079 = PRESENTATION_STYLE_ASSIGNMENT (( #3956 ) ) ;
#1080 = CARTESIAN_POINT ( 'NONE',  ( 1.000000000000000000, 12.30000000000000071, -9.500000000000000000 ) ) ;
#1081 = CARTESIAN_POINT ( 'NONE',  ( 9.198911260647921750, 17.22514767230929067, -9.162804689546851122 ) ) ;
#1082 = ORIENTED_EDGE ( 'NONE', *, *, #2901, .T. ) ;
#1083 = AXIS2_PLACEMENT_3D ( 'NONE', #356, #2910, #63 ) ;
#1084 = DIRECTION ( 'NONE',  ( 0.000000000000000000, -1.000000000000000000, 0.000000000000000000 ) ) ;
#1085 = CARTESIAN_POINT ( 'NONE',  ( -9.950000000000001066, 22.50000000000000000, -8.680951323690910826 ) ) ;
#1086 = CARTESIAN_POINT ( 'NONE',  ( 7.112003396133630417, 9.121869208444186583, -5.582637894964587844 ) ) ;
#1087 = FILL_AREA_STYLE ('',( #1400 ) ) ;
#1088 = CARTESIAN_POINT ( 'NONE',  ( -10.47336320214186323, 15.34704310162027241, -8.135667127447687719 ) ) ;
#1089 = ORIENTED_EDGE ( 'NONE', *, *, #2288, .T. ) ;
#1090 = MECHANICAL_DESIGN_GEOMETRIC_PRESENTATION_REPRESENTATION (  '', ( #1962 ), #3376 ) ;
#1091 = FILL_AREA_STYLE ('',( #3970 ) ) ;
#1092 =( BOUNDED_CURVE ( )  B_SPLINE_CURVE ( 3, ( #217, #3800, #258, #513 ),
 .UNSPECIFIED., .F., .T. ) 
 B_SPLINE_CURVE_WITH_KNOTS ( ( 4, 4 ),
 ( 2.503973452003505074, 3.779211855176079826 ),
 .UNSPECIFIED. ) 
 CURVE ( )  GEOMETRIC_REPRESENTATION_ITEM ( )  RATIONAL_B_SPLINE_CURVE ( ( 1.000000000000000000, 0.8690101901877590462, 0.8690101901877590462, 1.000000000000000000 ) ) 
 REPRESENTATION_ITEM ( '' )  );
#1093 = CARTESIAN_POINT ( 'NONE',  ( -7.700000000000000178, 18.60476010645924916, -8.500000000000000000 ) ) ;
#1094 = DIRECTION ( 'NONE',  ( 0.000000000000000000, 0.000000000000000000, 1.000000000000000000 ) ) ;
#1095 = CARTESIAN_POINT ( 'NONE',  ( 9.950000000000001066, 3.000000000000000000, 7.750000000000000000 ) ) ;
#1096 = COLOUR_RGB ( '',0.8078431372549019773, 0.8078431372549019773, 0.8078431372549019773 ) ;
#1097 = COLOUR_RGB ( '',0.8078431372549019773, 0.8078431372549019773, 0.8078431372549019773 ) ;
#1098 = FACE_OUTER_BOUND ( 'NONE', #3783, .T. ) ;
#1099 = CARTESIAN_POINT ( 'NONE',  ( -5.870740610884867650, 10.84932532632471158, -6.211380502874160214 ) ) ;
#1100 = CARTESIAN_POINT ( 'NONE',  ( 11.14536937383194015, 13.52068945775370068, -6.574029651627570026 ) ) ;
#1101 = ORIENTED_EDGE ( 'NONE', *, *, #3245, .F. ) ;
#1102 = MECHANICAL_DESIGN_GEOMETRIC_PRESENTATION_REPRESENTATION (  '', ( #2834 ), #2380 ) ;
#1103 = DIRECTION ( 'NONE',  ( 1.000000000000000000, 0.000000000000000000, 0.000000000000000000 ) ) ;
#1104 = PLANE ( 'NONE',  #418 ) ;
#1105 = VERTEX_POINT ( 'NONE', #1274 ) ;
#1106 = PRESENTATION_LAYER_ASSIGNMENT (  '', '', ( #2049 ) ) ;
#1107 = CARTESIAN_POINT ( 'NONE',  ( -7.112003396133630417, 9.121869208444186583, -5.582637894964597614 ) ) ;
#1108 = EDGE_CURVE ( 'NONE', #3005, #2200, #1, .T. ) ;
#1109 =( NAMED_UNIT ( * ) PLANE_ANGLE_UNIT ( ) SI_UNIT ( $, .RADIAN. ) );
#1110 =( LENGTH_UNIT ( ) NAMED_UNIT ( * ) SI_UNIT ( .MILLI., .METRE. ) );
#1111 =( NAMED_UNIT ( * ) SI_UNIT ( $, .STERADIAN. ) SOLID_ANGLE_UNIT ( ) );
#1112 = EDGE_CURVE ( 'NONE', #2333, #3632, #2777, .T. ) ;
#1113 = CARTESIAN_POINT ( 'NONE',  ( -10.62450405871158843, 15.02280482066329093, -7.925848547681479062 ) ) ;
#1114 = CARTESIAN_POINT ( 'NONE',  ( 9.805015017740817740, 17.45005520270914445, -8.170581589422187818 ) ) ;
#1115 = AXIS2_PLACEMENT_3D ( 'NONE', #1198, #2786, #3441 ) ;
#1116 = EDGE_LOOP ( 'NONE', ( #3472, #368 ) ) ;
#1117 = CARTESIAN_POINT ( 'NONE',  ( -6.569226484773920127, 9.334623937521071113, -5.888556971888000646 ) ) ;
#1118 = FILL_AREA_STYLE ('',( #479 ) ) ;
#1119 = EDGE_CURVE ( 'NONE', #1883, #4124, #2761, .T. ) ;
#1120 = SURFACE_SIDE_STYLE ('',( #500 ) ) ;
#1121 = PRESENTATION_LAYER_ASSIGNMENT (  '', '', ( #2926 ) ) ;
#1122 = DIRECTION ( 'NONE',  ( 0.000000000000000000, 1.000000000000000000, 0.000000000000000000 ) ) ;
#1123 = CARTESIAN_POINT ( 'NONE',  ( -6.434084894478576011, 9.986381146651167384, -5.897294507639721850 ) ) ;
#1124 = CARTESIAN_POINT ( 'NONE',  ( -5.549999999999999822, 3.000000000000000000, -7.750000000000000000 ) ) ;
#1125 = VERTEX_POINT ( 'NONE', #2173 ) ;
#1126 = EDGE_CURVE ( 'NONE', #3404, #3740, #885, .T. ) ;
#1127 = CARTESIAN_POINT ( 'NONE',  ( 8.300000000000000711, 2.500000000000000000, 6.000000000000000000 ) ) ;
#1128 = CARTESIAN_POINT ( 'NONE',  ( 10.24390480476072440, 15.77879479198482748, -8.404191908533086064 ) ) ;
#1129 = STYLED_ITEM ( 'NONE', ( #1896 ), #146 ) ;
#1130 = ORIENTED_EDGE ( 'NONE', *, *, #2803, .F. ) ;
#1131 = EDGE_CURVE ( 'NONE', #2842, #1683, #3239, .T. ) ;
#1132 = COLOUR_RGB ( '',0.8078431372549019773, 0.8078431372549019773, 0.8078431372549019773 ) ;
#1133 = CARTESIAN_POINT ( 'NONE',  ( 9.746051142951760227, 11.50000000000000000, -8.839661022098630028 ) ) ;
#1134 =( NAMED_UNIT ( * ) SI_UNIT ( $, .STERADIAN. ) SOLID_ANGLE_UNIT ( ) );
#1135 = FILL_AREA_STYLE ('',( #512 ) ) ;
#1136 =( GEOMETRIC_REPRESENTATION_CONTEXT ( 3 ) GLOBAL_UNCERTAINTY_ASSIGNED_CONTEXT ( ( #572 ) ) GLOBAL_UNIT_ASSIGNED_CONTEXT ( ( #2332, #1710, #1111 ) ) REPRESENTATION_CONTEXT ( 'NONE', 'WORKASPACE' ) );
#1137 = CARTESIAN_POINT ( 'NONE',  ( -7.750000000000000000, -0.5000000000000000000, 7.750000000000000000 ) ) ;
#1138 = CIRCLE ( 'NONE', #4019, 3.499999999999999556 ) ;
#1139 = CARTESIAN_POINT ( 'NONE',  ( -11.16750647318788126, 13.01148768983013326, -6.519493112850614835 ) ) ;
#1140 = EDGE_CURVE ( 'NONE', #3046, #4052, #1622, .T. ) ;
#1141 = CARTESIAN_POINT ( 'NONE',  ( 9.172527380460975266, 18.40349010405794772, -8.409178879281713037 ) ) ;
#1142 = ORIENTED_EDGE ( 'NONE', *, *, #773, .T. ) ;
#1143 = COLOUR_RGB ( '',0.8078431372549019773, 0.8078431372549019773, 0.8078431372549019773 ) ;
#1144 = EDGE_LOOP ( 'NONE', ( #3668, #430, #3102, #3116, #3959, #2744, #1527, #3303, #31 ) ) ;
#1145 = FACE_OUTER_BOUND ( 'NONE', #3242, .T. ) ;
#1146 = FILL_AREA_STYLE ('',( #142 ) ) ;
#1147 = CARTESIAN_POINT ( 'NONE',  ( -6.438371579206217277, 9.980507865288151592, -5.895156808046113639 ) ) ;
#1148 = CARTESIAN_POINT ( 'NONE',  ( 8.888842035882069226, 18.77468368955175038, -8.472708770398899247 ) ) ;
#1149 = VERTEX_POINT ( 'NONE', #2507 ) ;
#1150 = CARTESIAN_POINT ( 'NONE',  ( 11.19999999999999929, 2.643274341880760048, -1.096266658713856090 ) ) ;
#1151 = EDGE_LOOP ( 'NONE', ( #3806, #3678, #2115, #3285 ) ) ;
#1152 = PRESENTATION_LAYER_ASSIGNMENT (  '', '', ( #286 ) ) ;
#1153 = CARTESIAN_POINT ( 'NONE',  ( -6.360031786779612339, 10.59277121226536877, -6.039305364710765289 ) ) ;
#1154 = CARTESIAN_POINT ( 'NONE',  ( -9.541232941464800277, 11.50000000000000000, -6.461853836531299855 ) ) ;
#1155 = CARTESIAN_POINT ( 'NONE',  ( -10.79259338060832896, 15.21970309750173378, -7.704115833409275638 ) ) ;
#1156 = DIRECTION ( 'NONE',  ( -1.000000000000000000, 0.000000000000000000, 0.000000000000000000 ) ) ;
#1157 =( GEOMETRIC_REPRESENTATION_CONTEXT ( 3 ) GLOBAL_UNCERTAINTY_ASSIGNED_CONTEXT ( ( #3638 ) ) GLOBAL_UNIT_ASSIGNED_CONTEXT ( ( #566, #2525, #1543 ) ) REPRESENTATION_CONTEXT ( 'NONE', 'WORKASPACE' ) );
#1158 = CARTESIAN_POINT ( 'NONE',  ( -9.699717307246359610, 16.61149740616472670, -8.874805641490331354 ) ) ;
#1159 = CARTESIAN_POINT ( 'NONE',  ( 9.696430951439650059, 17.63036427689921837, -8.223026359878193858 ) ) ;
#1160 = ORIENTED_EDGE ( 'NONE', *, *, #1667, .T. ) ;
#1161 = ORIENTED_EDGE ( 'NONE', *, *, #630, .F. ) ;
#1162 = B_SPLINE_CURVE_WITH_KNOTS ( 'NONE', 3,
 ( #138, #4012, #1139, #1732, #1489, #495, #534, #2707, #3066, #2414, #3023, #777, #3693, #218, #818, #3992, #1404, #1113, #3091, #1088, #2769, #1180, #2103, #3655, #4031, #2690, #198, #1712, #1753, #1158, #2395, #515, #2376, #2065, #3675, #4049, #794, #1472, #2453, #2748, #3737 ),
 .UNSPECIFIED., .F., .F.,
 ( 4, 2, 2, 2, 1, 1, 1, 1, 2, 2, 2, 2, 1, 1, 1, 1, 2, 2, 2, 2, 1, 1, 1, 2, 2, 4 ),
 ( 0.000000000000000000, 0.1250000000000555389, 0.1875000000000833777, 0.2187500000000973388, 0.2343750000001039169, 0.2421875000001075251, 0.2460937500001098011, 0.2480468750001109390, 0.2490234375001109668, 0.2500000000001110223, 0.3750000000001215139, 0.4375000000001268985, 0.4687500000001292855, 0.4843750000001303402, 0.4921875000001307843, 0.4960937500001313394, 0.4980468750001312839, 0.5000000000001312284, 0.6250000000001173506, 0.6875000000001104672, 0.7187500000001063594, 0.7343750000001040279, 0.7421875000001029177, 0.7460937500001021405, 0.7500000000001012523, 1.000000000000000000 ),
 .UNSPECIFIED. ) ;
#1163 = CARTESIAN_POINT ( 'NONE',  ( 7.334322071551190980, 9.028711325226986162, -5.570033712527946435 ) ) ;
#1164 = FACE_OUTER_BOUND ( 'NONE', #3968, .T. ) ;
#1165 = SURFACE_STYLE_USAGE ( .BOTH. , #2798 ) ;
#1166 =( NAMED_UNIT ( * ) SI_UNIT ( $, .STERADIAN. ) SOLID_ANGLE_UNIT ( ) );
#1167 = FILL_AREA_STYLE_COLOUR ( '', #1097 ) ;
#1168 =( GEOMETRIC_REPRESENTATION_CONTEXT ( 3 ) GLOBAL_UNCERTAINTY_ASSIGNED_CONTEXT ( ( #1512 ) ) GLOBAL_UNIT_ASSIGNED_CONTEXT ( ( #2156, #3442, #939 ) ) REPRESENTATION_CONTEXT ( 'NONE', 'WORKASPACE' ) );
#1169 = CARTESIAN_POINT ( 'NONE',  ( -9.911998192421302534, 10.83650412262440632, -7.339105316310762461 ) ) ;
#1170 = ORIENTED_EDGE ( 'NONE', *, *, #3502, .F. ) ;
#1171 = AXIS2_PLACEMENT_3D ( 'NONE', #271, #1542, #3497 ) ;
#1172 = CARTESIAN_POINT ( 'NONE',  ( 10.97844037932047989, 13.99908309881145207, -7.225491684806095272 ) ) ;
#1173 = VERTEX_POINT ( 'NONE', #2149 ) ;
#1174 = CARTESIAN_POINT ( 'NONE',  ( -7.700000000000000178, 11.50000000000000000, -9.500000000000000000 ) ) ;
#1175 = CARTESIAN_POINT ( 'NONE',  ( -9.949999999999992184, 11.08426517479145623, -8.870549279564588829 ) ) ;
#1176 = CARTESIAN_POINT ( 'NONE',  ( -9.302082537491800807, 18.23555246691674725, -8.380269441570620259 ) ) ;
#1177 = SURFACE_STYLE_USAGE ( .BOTH. , #1238 ) ;
#1178 = UNCERTAINTY_MEASURE_WITH_UNIT (LENGTH_MEASURE( 1.000000000000000082E-05 ), #3173, 'distance_accuracy_value', 'NONE');
#1179 = VECTOR ( 'NONE', #639, 1000.000000000000000 ) ;
#1180 = CARTESIAN_POINT ( 'NONE',  ( -10.37123062158147846, 15.54709655887735309, -8.261764860265751409 ) ) ;
#1181 = CARTESIAN_POINT ( 'NONE',  ( -9.506470999590490578, 11.43708553421550000, -6.425307723432509555 ) ) ;
#1182 = STYLED_ITEM ( 'NONE', ( #156 ), #802 ) ;
#1183 = ORIENTED_EDGE ( 'NONE', *, *, #3908, .T. ) ;
#1184 = ORIENTED_EDGE ( 'NONE', *, *, #3478, .T. ) ;
#1185 = DIRECTION ( 'NONE',  ( 0.000000000000000000, 0.000000000000000000, 1.000000000000000000 ) ) ;
#1186 =( GEOMETRIC_REPRESENTATION_CONTEXT ( 3 ) GLOBAL_UNCERTAINTY_ASSIGNED_CONTEXT ( ( #1370 ) ) GLOBAL_UNIT_ASSIGNED_CONTEXT ( ( #1078, #2759, #3081 ) ) REPRESENTATION_CONTEXT ( 'NONE', 'WORKASPACE' ) );
#1187 = CARTESIAN_POINT ( 'NONE',  ( 6.047487610289230098, 10.56840829379397029, -6.109135064734577902 ) ) ;
#1188 = VERTEX_POINT ( 'NONE', #3435 ) ;
#1189 = ADVANCED_FACE ( 'NONE', ( #1847 ), #605, .T. ) ;
#1190 = CARTESIAN_POINT ( 'NONE',  ( -5.549999999999999822, 3.000000000000000000, 7.750000000000000000 ) ) ;
#1191 = PRESENTATION_STYLE_ASSIGNMENT (( #1564 ) ) ;
#1192 = DIRECTION ( 'NONE',  ( 0.000000000000000000, 0.000000000000000000, -1.000000000000000000 ) ) ;
#1193 = ORIENTED_EDGE ( 'NONE', *, *, #323, .F. ) ;
#1194 = ADVANCED_FACE ( 'NONE', ( #1334 ), #644, .F. ) ;
#1195 = CARTESIAN_POINT ( 'NONE',  ( 10.17101023885332722, 15.90469309671714271, -8.480000632206300182 ) ) ;
#1196 = ORIENTED_EDGE ( 'NONE', *, *, #1730, .T. ) ;
#1197 = EDGE_CURVE ( 'NONE', #580, #1746, #2630, .T. ) ;
#1198 = CARTESIAN_POINT ( 'NONE',  ( -7.750000000000000000, -0.5000000000000000000, -7.750000000000000000 ) ) ;
#1199 = SURFACE_STYLE_FILL_AREA ( #1135 ) ;
#1200 = CARTESIAN_POINT ( 'NONE',  ( 8.531156788944674219, 13.56604211696181572, -9.399879818796549102 ) ) ;
#1201 = CARTESIAN_POINT ( 'NONE',  ( 10.46274390067635096, 16.11116489024240650, -7.699890346600360758 ) ) ;
#1202 = ORIENTED_EDGE ( 'NONE', *, *, #1669, .F. ) ;
#1203 = ORIENTED_EDGE ( 'NONE', *, *, #3422, .F. ) ;
#1204 =( GEOMETRIC_REPRESENTATION_CONTEXT ( 3 ) GLOBAL_UNCERTAINTY_ASSIGNED_CONTEXT ( ( #264 ) ) GLOBAL_UNIT_ASSIGNED_CONTEXT ( ( #2251, #984, #1972 ) ) REPRESENTATION_CONTEXT ( 'NONE', 'WORKASPACE' ) );
#1205 = CARTESIAN_POINT ( 'NONE',  ( 6.450323988898932548, 9.964227646675391625, -5.889231293063722283 ) ) ;
#1206 = DIRECTION ( 'NONE',  ( 0.000000000000000000, 0.000000000000000000, 1.000000000000000000 ) ) ;
#1207 = DIRECTION ( 'NONE',  ( 0.000000000000000000, 1.000000000000000000, 0.000000000000000000 ) ) ;
#1208 = ORIENTED_EDGE ( 'NONE', *, *, #3548, .T. ) ;
#1209 = CARTESIAN_POINT ( 'NONE',  ( 10.97426345914082013, 14.01489570738032420, -7.236617491670882529 ) ) ;
#1210 = EDGE_CURVE ( 'NONE', #3784, #498, #2644, .T. ) ;
#1211 = ORIENTED_EDGE ( 'NONE', *, *, #2849, .F. ) ;
#1212 = VECTOR ( 'NONE', #2341, 1000.000000000000114 ) ;
#1213 = CARTESIAN_POINT ( 'NONE',  ( 7.500000000000000000, 11.72305254678741981, -4.401035659038900150 ) ) ;
#1214 = FILL_AREA_STYLE ('',( #4088 ) ) ;
#1215 = CARTESIAN_POINT ( 'NONE',  ( 5.553238552150919993, 10.44928218037603962, -7.610604271786419517 ) ) ;
#1216 = DIRECTION ( 'NONE',  ( 0.000000000000000000, 0.3420201433256691570, 0.9396926207859084279 ) ) ;
#1217 = AXIS2_PLACEMENT_3D ( 'NONE', #1584, #1907, #2894 ) ;
#1218 = CARTESIAN_POINT ( 'NONE',  ( 9.661352337623267061, 12.29026802878338387, -8.898938096211104209 ) ) ;
#1219 = CARTESIAN_POINT ( 'NONE',  ( -9.636438821348656703, 17.72697392170410779, -8.250008955342174488 ) ) ;
#1220 = CARTESIAN_POINT ( 'NONE',  ( -9.649984078045088509, 12.32436192301995881, -8.906497441022285244 ) ) ;
#1221 = ORIENTED_EDGE ( 'NONE', *, *, #344, .F. ) ;
#1222 = ORIENTED_EDGE ( 'NONE', *, *, #260, .T. ) ;
#1223 = UNCERTAINTY_MEASURE_WITH_UNIT (LENGTH_MEASURE( 1.000000000000000082E-05 ), #275, 'distance_accuracy_value', 'NONE');
#1224 = CARTESIAN_POINT ( 'NONE',  ( -7.750000000000000000, 6.500000000000000000, -7.750000000000000000 ) ) ;
#1225 = COLOUR_RGB ( '',0.8078431372549019773, 0.8078431372549019773, 0.8078431372549019773 ) ;
#1226 = AXIS2_PLACEMENT_3D ( 'NONE', #4058, #3746, #865 ) ;
#1227 = ORIENTED_EDGE ( 'NONE', *, *, #2920, .F. ) ;
#1228 =( NAMED_UNIT ( * ) SI_UNIT ( $, .STERADIAN. ) SOLID_ANGLE_UNIT ( ) );
#1229 = SURFACE_SIDE_STYLE ('',( #4101 ) ) ;
#1230 = DIRECTION ( 'NONE',  ( 0.000000000000000000, -1.000000000000000000, 0.000000000000000000 ) ) ;
#1231 = ORIENTED_EDGE ( 'NONE', *, *, #2606, .T. ) ;
#1232 = EDGE_CURVE ( 'NONE', #2602, #678, #3945, .T. ) ;
#1233 = AXIS2_PLACEMENT_3D ( 'NONE', #2669, #2988, #143 ) ;
#1234 = STYLED_ITEM ( 'NONE', ( #1563 ), #3769 ) ;
#1235 = UNCERTAINTY_MEASURE_WITH_UNIT (LENGTH_MEASURE( 1.000000000000000082E-05 ), #2943, 'distance_accuracy_value', 'NONE');
#1236 = PRESENTATION_STYLE_ASSIGNMENT (( #278 ) ) ;
#1237 = CARTESIAN_POINT ( 'NONE',  ( 6.212350397797960611, 11.04536470775255985, -5.069620518684489596 ) ) ;
#1238 = SURFACE_SIDE_STYLE ('',( #280 ) ) ;
#1239 =( GEOMETRIC_REPRESENTATION_CONTEXT ( 3 ) GLOBAL_UNCERTAINTY_ASSIGNED_CONTEXT ( ( #126 ) ) GLOBAL_UNIT_ASSIGNED_CONTEXT ( ( #525, #1740, #482 ) ) REPRESENTATION_CONTEXT ( 'NONE', 'WORKASPACE' ) );
#1240 = AXIS2_PLACEMENT_3D ( 'NONE', #2928, #2323, #1354 ) ;
#1241 = B_SPLINE_CURVE_WITH_KNOTS ( 'NONE', 3,
 ( #2423, #3748, #17, #309, #3814, #3499, #2219, #933, #3536, #2547, #1296, #1256, #2526, #332, #1589, #3854, #2258, #3516, #2864, #645, #626, #661, #2885, #3833, #1911, #1892, #1933, #2568, #39, #3191, #1276, #1606, #954, #3211, #2234, #973, #1291, #4098, #3094, #203, #1477, #2108, #3405, #539, #1804, #1782, #3048, #519, #184, #222, #3697, #3680, #2752, #2732, #3719, #4017, #800, #3070, #839, #3365, #1163, #2418 ),
 .UNSPECIFIED., .F., .F.,
 ( 4, 2, 2, 1, 1, 2, 2, 2, 2, 1, 1, 1, 2, 2, 2, 2, 1, 1, 2, 2, 2, 2, 1, 1, 1, 2, 2, 2, 1, 1, 2, 2, 2, 1, 1, 2, 2, 4 ),
 ( 0.000000000000000000, 0.06249999999995711764, 0.09374999999993564870, 0.1093749999999252542, 0.1171874999999197864, 0.1210937499999168859, 0.1249999999999139855, 0.1874999999998731848, 0.2187499999998528677, 0.2343749999998428202, 0.2421874999998381017, 0.2460937499998355205, 0.2480468749998347155, 0.2499999999998339661, 0.3124999999998173683, 0.3437499999998094857, 0.3593749999998053224, 0.3671874999998031575, 0.3710937499998016587, 0.3749999999998002154, 0.4374999999997878364, 0.4687499999997818967, 0.4843749999997798428, 0.4921874999997787881, 0.4960937499997792322, 0.4980468749997799538, 0.4999999999997807310, 0.5624999999998071543, 0.5937499999998209210, 0.6093749999998285816, 0.6171874999998325784, 0.6249999999998364641, 0.6874999999998667732, 0.7187499999998816502, 0.7343749999998884226, 0.7421874999998916422, 0.7499999999998949729, 1.000000000000000000 ),
 .UNSPECIFIED. ) ;
#1242 = CARTESIAN_POINT ( 'NONE',  ( 11.19999999999999929, 12.30000000000000071, -4.611027358743969629 ) ) ;
#1243 = CARTESIAN_POINT ( 'NONE',  ( -11.15459534387210638, 13.26145332604470184, -6.450702414970229448 ) ) ;
#1244 = CIRCLE ( 'NONE', #2511, 1.100000000000000311 ) ;
#1245 = EDGE_CURVE ( 'NONE', #903, #285, #1294, .T. ) ;
#1246 = EDGE_LOOP ( 'NONE', ( #1507, #3363, #2154, #3133 ) ) ;
#1247 = VERTEX_POINT ( 'NONE', #391 ) ;
#1248 =( LENGTH_UNIT ( ) NAMED_UNIT ( * ) SI_UNIT ( .MILLI., .METRE. ) );
#1249 =( GEOMETRIC_REPRESENTATION_CONTEXT ( 3 ) GLOBAL_UNCERTAINTY_ASSIGNED_CONTEXT ( ( #1697 ) ) GLOBAL_UNIT_ASSIGNED_CONTEXT ( ( #1248, #2519, #582 ) ) REPRESENTATION_CONTEXT ( 'NONE', 'WORKASPACE' ) );
#1250 = DIRECTION ( 'NONE',  ( 0.000000000000000000, 0.3420201433256694901, 0.9396926207859080948 ) ) ;
#1251 = EDGE_CURVE ( 'NONE', #2456, #1173, #1931, .T. ) ;
#1252 = CARTESIAN_POINT ( 'NONE',  ( -7.826237921249258989, 10.44787914004598051, -3.936910495457190073 ) ) ;
#1253 = ORIENTED_EDGE ( 'NONE', *, *, #2696, .F. ) ;
#1254 =( LENGTH_UNIT ( ) NAMED_UNIT ( * ) SI_UNIT ( .MILLI., .METRE. ) );
#1255 = SURFACE_STYLE_FILL_AREA ( #909 ) ;
#1256 = CARTESIAN_POINT ( 'NONE',  ( 5.607296931342698798, 10.44983896456913541, -7.247657893564275255 ) ) ;
#1257 = ORIENTED_EDGE ( 'NONE', *, *, #1416, .T. ) ;
#1258 = DIRECTION ( 'NONE',  ( 0.000000000000000000, -1.000000000000000000, 0.000000000000000000 ) ) ;
#1259 = CIRCLE ( 'NONE', #3468, 2.200000000000000622 ) ;
#1260 = LINE ( 'NONE', #1174, #3202 ) ;
#1261 = CARTESIAN_POINT ( 'NONE',  ( 6.345023938302079891, 9.500182317782480013, -6.051401016360269836 ) ) ;
#1262 = FACE_OUTER_BOUND ( 'NONE', #1692, .T. ) ;
#1263 = CARTESIAN_POINT ( 'NONE',  ( 9.267144463073858418, 13.02069897928000763, -9.130083964678686215 ) ) ;
#1264 = CARTESIAN_POINT ( 'NONE',  ( -10.41546908752536815, 16.22438578459821557, -7.743697127282620052 ) ) ;
#1265 = ORIENTED_EDGE ( 'NONE', *, *, #1546, .F. ) ;
#1266 = FILL_AREA_STYLE_COLOUR ( '', #3857 ) ;
#1267 =( GEOMETRIC_REPRESENTATION_CONTEXT ( 3 ) GLOBAL_UNCERTAINTY_ASSIGNED_CONTEXT ( ( #1235 ) ) GLOBAL_UNIT_ASSIGNED_CONTEXT ( ( #2943, #2607, #74 ) ) REPRESENTATION_CONTEXT ( 'NONE', 'WORKASPACE' ) );
#1268 = DIRECTION ( 'NONE',  ( 1.000000000000000000, 0.000000000000000000, 1.445602896647339903E-16 ) ) ;
#1269 =( NAMED_UNIT ( * ) PLANE_ANGLE_UNIT ( ) SI_UNIT ( $, .RADIAN. ) );
#1270 = SURFACE_STYLE_USAGE ( .BOTH. , #51 ) ;
#1271 = STYLED_ITEM ( 'NONE', ( #1448 ), #2674 ) ;
#1272 = SURFACE_STYLE_FILL_AREA ( #35 ) ;
#1273 = CARTESIAN_POINT ( 'NONE',  ( -9.950000000000001066, 22.50000000000000000, -7.750000000000000000 ) ) ;
#1274 = CARTESIAN_POINT ( 'NONE',  ( -7.700000000000000178, -0.5000000000000000000, 9.500000000000000000 ) ) ;
#1275 = AXIS2_PLACEMENT_3D ( 'NONE', #2657, #2030, #443 ) ;
#1276 = CARTESIAN_POINT ( 'NONE',  ( 5.891383142450155042, 10.00399836305884094, -6.572898480791111275 ) ) ;
#1277 = STYLED_ITEM ( 'NONE', ( #2954 ), #1819 ) ;
#1278 = B_SPLINE_CURVE_WITH_KNOTS ( 'NONE', 3,
 ( #3849, #2522, #3809, #3494, #328, #3206, #657, #1927, #366, #620 ),
 .UNSPECIFIED., .F., .F.,
 ( 4, 2, 2, 2, 4 ),
 ( 0.000000000000000000, 0.2500000000000013878, 0.3750000000000024425, 0.5000000000000034417, 1.000000000000000000 ),
 .UNSPECIFIED. ) ;
#1279 = CARTESIAN_POINT ( 'NONE',  ( -7.750000000000000000, 6.500000000000000000, 8.849999999999999645 ) ) ;
#1280 = CARTESIAN_POINT ( 'NONE',  ( -5.600876838249839729, 10.45629535598646953, -7.279499854057156938 ) ) ;
#1281 = SURFACE_STYLE_USAGE ( .BOTH. , #315 ) ;
#1282 = CARTESIAN_POINT ( 'NONE',  ( 5.479348615179950421, 11.26778133011210059, -6.966723946645339893 ) ) ;
#1283 = CARTESIAN_POINT ( 'NONE',  ( 5.408823529411769471, 9.228973581782220492, -13.04105679373098070 ) ) ;
#1284 = STYLED_ITEM ( 'NONE', ( #2612 ), #196 ) ;
#1285 = B_SPLINE_CURVE_WITH_KNOTS ( 'NONE', 3,
 ( #3477, #329, #2523, #2299 ),
 .UNSPECIFIED., .F., .F.,
 ( 4, 4 ),
 ( 3.160816601213804473E-17, 8.837394781511091779E-05 ),
 .UNSPECIFIED. ) ;
#1286 = CARTESIAN_POINT ( 'NONE',  ( 8.573109334958713745, 13.54665266427120862, -9.389567434425993397 ) ) ;
#1287 = CARTESIAN_POINT ( 'NONE',  ( -11.14368451130910564, 13.37179189255387790, -6.502063957409789374 ) ) ;
#1288 = CARTESIAN_POINT ( 'NONE',  ( -9.432774675019905075, 12.79621963417780428, -9.041188889959054009 ) ) ;
#1289 = FILL_AREA_STYLE_COLOUR ( '', #705 ) ;
#1290 = CYLINDRICAL_SURFACE ( 'NONE', #1217, 6.000000000000000000 ) ;
#1291 = CARTESIAN_POINT ( 'NONE',  ( 6.099873587306482214, 9.743606947278260932, -6.294942973211216319 ) ) ;
#1292 = ORIENTED_EDGE ( 'NONE', *, *, #3295, .F. ) ;
#1293 = CARTESIAN_POINT ( 'NONE',  ( 11.19999999999999929, -0.5000000000000000000, -6.000000000000000000 ) ) ;
#1294 = LINE ( 'NONE', #3555, #1024 ) ;
#1295 = COLOUR_RGB ( '',0.8078431372549019773, 0.8078431372549019773, 0.8078431372549019773 ) ;
#1296 = CARTESIAN_POINT ( 'NONE',  ( 5.594561727048794175, 10.46335758781078162, -7.309432618946408944 ) ) ;
#1297 = COLOUR_RGB ( '',0.8078431372549019773, 0.8078431372549019773, 0.8078431372549019773 ) ;
#1298 = CARTESIAN_POINT ( 'NONE',  ( 9.799719763924819915, 11.14006047751470341, -6.950281661681468215 ) ) ;
#1299 = CARTESIAN_POINT ( 'NONE',  ( -7.500000000000000000, 12.39380805885001990, -6.773526244851500344 ) ) ;
#1300 =( LENGTH_UNIT ( ) NAMED_UNIT ( * ) SI_UNIT ( .MILLI., .METRE. ) );
#1301 = CARTESIAN_POINT ( 'NONE',  ( -6.000765776559518372, 9.859860734527032378, -6.415120790078967516 ) ) ;
#1302 = SURFACE_STYLE_FILL_AREA ( #650 ) ;
#1303 = CARTESIAN_POINT ( 'NONE',  ( 5.921402910396809993, 11.12995529399769978, -5.544135758655639457 ) ) ;
#1304 = CARTESIAN_POINT ( 'NONE',  ( 6.319533864582799865, 6.499999999999995559, 1.551674778643803432 ) ) ;
#1305 =( GEOMETRIC_REPRESENTATION_CONTEXT ( 3 ) GLOBAL_UNCERTAINTY_ASSIGNED_CONTEXT ( ( #740 ) ) GLOBAL_UNIT_ASSIGNED_CONTEXT ( ( #3596, #680, #2335 ) ) REPRESENTATION_CONTEXT ( 'NONE', 'WORKASPACE' ) );
#1306 =( GEOMETRIC_REPRESENTATION_CONTEXT ( 3 ) GLOBAL_UNCERTAINTY_ASSIGNED_CONTEXT ( ( #3736 ) ) GLOBAL_UNIT_ASSIGNED_CONTEXT ( ( #3774, #3917, #1646 ) ) REPRESENTATION_CONTEXT ( 'NONE', 'WORKASPACE' ) );
#1307 =( NAMED_UNIT ( * ) PLANE_ANGLE_UNIT ( ) SI_UNIT ( $, .RADIAN. ) );
#1308 = CARTESIAN_POINT ( 'NONE',  ( -8.540705282655608244, 19.17056666308821633, -8.500000000000001776 ) ) ;
#1309 = CARTESIAN_POINT ( 'NONE',  ( -8.920341654414521315, 13.33845036931522188, -9.280376753341803564 ) ) ;
#1310 = CIRCLE ( 'NONE', #2906, 3.499999999999999556 ) ;
#1311 = CARTESIAN_POINT ( 'NONE',  ( 7.750000000000000000, 6.500000000000000000, -7.750000000000000000 ) ) ;
#1312 = SURFACE_STYLE_USAGE ( .BOTH. , #50 ) ;
#1313 = ORIENTED_EDGE ( 'NONE', *, *, #1126, .F. ) ;
#1314 = EDGE_CURVE ( 'NONE', #3730, #2854, #2257, .T. ) ;
#1315 = ORIENTED_EDGE ( 'NONE', *, *, #2306, .F. ) ;
#1316 = CARTESIAN_POINT ( 'NONE',  ( -5.702877910142882811, 10.84064296751337508, -6.915549431392784108 ) ) ;
#1317 = DIRECTION ( 'NONE',  ( 0.000000000000000000, -0.3420201433256699897, -0.9396926207859079838 ) ) ;
#1318 = CARTESIAN_POINT ( 'NONE',  ( 9.950000000000001066, 10.50756511718494046, -7.750000000000000000 ) ) ;
#1319 = CARTESIAN_POINT ( 'NONE',  ( 9.343260953580898587, 11.21672824549294667, -6.232619598902188862 ) ) ;
#1320 = EDGE_CURVE ( 'NONE', #3403, #3384, #3640, .T. ) ;
#1321 = DIRECTION ( 'NONE',  ( 0.000000000000000000, 1.000000000000000000, 0.000000000000000000 ) ) ;
#1322 = EDGE_CURVE ( 'NONE', #487, #310, #3577, .T. ) ;
#1323 = CARTESIAN_POINT ( 'NONE',  ( -6.243962374193186449, 9.595742918802658394, -6.145977758224785426 ) ) ;
#1324 = PRESENTATION_STYLE_ASSIGNMENT (( #80 ) ) ;
#1325 = EDGE_CURVE ( 'NONE', #799, #3403, #763, .T. ) ;
#1326 = SURFACE_SIDE_STYLE ('',( #2283 ) ) ;
#1327 = DIRECTION ( 'NONE',  ( 1.000000000000000000, 0.000000000000000000, 0.000000000000000000 ) ) ;
#1328 = AXIS2_PLACEMENT_3D ( 'NONE', #361, #3651, #2348 ) ;
#1329 = LINE ( 'NONE', #2559, #2181 ) ;
#1330 = PRESENTATION_STYLE_ASSIGNMENT (( #2270 ) ) ;
#1331 = ORIENTED_EDGE ( 'NONE', *, *, #4082, .T. ) ;
#1332 = B_SPLINE_CURVE_WITH_KNOTS ( 'NONE', 3,
 ( #1553, #1308, #2535, #282, #3779, #2226, #3804, #2210, #3178, #2268, #3488, #3863, #2578, #2189, #615, #3219, #1219, #3509, #654, #1536, #299, #982, #48, #1575, #2851, #2515, #901, #1858, #597, #2499, #3546, #1264, #1919, #2811, #1943, #3824, #3470, #2555, #963, #944, #3156, #3236, #671, #343, #3200, #4112, #321, #4092, #3844, #2875, #26, #2247, #1613, #1287, #2829, #1243, #3525, #918, #3609, #1361, #2617, #2999, #2035 ),
 .UNSPECIFIED., .F., .F.,
 ( 4, 2, 1, 1, 1, 2, 2, 2, 1, 1, 1, 2, 2, 2, 1, 1, 1, 2, 2, 2, 1, 1, 1, 2, 2, 2, 2, 1, 1, 1, 1, 2, 2, 2, 1, 1, 1, 1, 1, 2, 2, 4 ),
 ( 0.000000000000000000, 0.06249999999996763700, 0.09374999999995145550, 0.1093749999999438088, 0.1171874999999397843, 0.1210937499999375638, 0.1249999999999353295, 0.1874999999999127920, 0.2187499999999013289, 0.2343749999998955835, 0.2421874999998926414, 0.2460937499998915867, 0.2499999999998905320, 0.3124999999998704370, 0.3437499999998604450, 0.3593749999998552824, 0.3671874999998532285, 0.3710937499998525624, 0.3749999999998519518, 0.4374999999998338551, 0.4687499999998244182, 0.4843749999998196998, 0.4921874999998178124, 0.4960937499998173683, 0.4999999999998169242, 0.6249999999998286926, 0.6874999999998347988, 0.7187499999998376854, 0.7343749999998389066, 0.7421874999998396838, 0.7460937499998401279, 0.7480468749998405720, 0.7499999999998410161, 0.8124999999998653299, 0.8437499999998776534, 0.8593749999998839817, 0.8671874999998868683, 0.8710937499998885336, 0.8730468749998896438, 0.8740234374998905320, 0.8749999999998913092, 1.000000000000000000 ),
 .UNSPECIFIED. ) ;
#1333 = ORIENTED_EDGE ( 'NONE', *, *, #2288, .F. ) ;
#1334 = FACE_OUTER_BOUND ( 'NONE', #3037, .T. ) ;
#1335 = VECTOR ( 'NONE', #1435, 1000.000000000000000 ) ;
#1336 = FILL_AREA_STYLE ('',( #3911 ) ) ;
#1337 = CARTESIAN_POINT ( 'NONE',  ( -9.117623667234806106, 11.00115240495848035, -6.026702465316404300 ) ) ;
#1338 = CARTESIAN_POINT ( 'NONE',  ( 8.315017656309791505, 10.58045742872036321, -5.623760770076632554 ) ) ;
#1339 = CARTESIAN_POINT ( 'NONE',  ( -6.771785156148100171, 9.225228663150817354, -5.779418408718007605 ) ) ;
#1340 = FILL_AREA_STYLE ('',( #708 ) ) ;
#1341 = LINE ( 'NONE', #1283, #3360 ) ;
#1342 = AXIS2_PLACEMENT_3D ( 'NONE', #400, #2009, #1664 ) ;
#1343 = VERTEX_POINT ( 'NONE', #1409 ) ;
#1344 = CYLINDRICAL_SURFACE ( 'NONE', #1701, 3.499999999999999556 ) ;
#1345 = CARTESIAN_POINT ( 'NONE',  ( -7.500000000000000000, 12.39380805885001990, -6.773526244851500344 ) ) ;
#1346 = DIRECTION ( 'NONE',  ( 0.000000000000000000, 0.3420201433256522261, 0.9396926207859146452 ) ) ;
#1347 = DIRECTION ( 'NONE',  ( 0.000000000000000000, -1.000000000000000000, 0.000000000000000000 ) ) ;
#1348 = ORIENTED_EDGE ( 'NONE', *, *, #370, .T. ) ;
#1349 = VERTEX_POINT ( 'NONE', #480 ) ;
#1350 =( GEOMETRIC_REPRESENTATION_CONTEXT ( 3 ) GLOBAL_UNCERTAINTY_ASSIGNED_CONTEXT ( ( #880 ) ) GLOBAL_UNIT_ASSIGNED_CONTEXT ( ( #2579, #2536, #2211 ) ) REPRESENTATION_CONTEXT ( 'NONE', 'WORKASPACE' ) );
#1351 = DIRECTION ( 'NONE',  ( 0.000000000000000000, 1.000000000000000000, 0.000000000000000000 ) ) ;
#1352 = CARTESIAN_POINT ( 'NONE',  ( 7.700000000000000178, 22.50000000000000000, -6.000000000000000000 ) ) ;
#1353 = DIRECTION ( 'NONE',  ( 1.000000000000000000, 0.000000000000000000, 0.000000000000000000 ) ) ;
#1354 = DIRECTION ( 'NONE',  ( 0.000000000000000000, 0.000000000000000000, -1.000000000000000000 ) ) ;
#1355 = CARTESIAN_POINT ( 'NONE',  ( -6.127508603986305147, 9.713258780704425277, -6.264225279347231279 ) ) ;
#1356 = CARTESIAN_POINT ( 'NONE',  ( -7.500000000000000000, 10.00924726251489894, -13.32505318809899997 ) ) ;
#1357 = DIRECTION ( 'NONE',  ( 1.000000000000000000, 0.000000000000000000, 0.000000000000000000 ) ) ;
#1358 =( LENGTH_UNIT ( ) NAMED_UNIT ( * ) SI_UNIT ( .MILLI., .METRE. ) );
#1359 =( BOUNDED_CURVE ( )  B_SPLINE_CURVE ( 3, ( #1936, #2886, #3559, #706 ),
 .UNSPECIFIED., .F., .T. ) 
 B_SPLINE_CURVE_WITH_KNOTS ( ( 4, 4 ),
 ( 1.192815689883625963, 1.570796326794895004 ),
 .UNSPECIFIED. ) 
 CURVE ( )  GEOMETRIC_REPRESENTATION_ITEM ( )  RATIONAL_B_SPLINE_CURVE ( ( 1.000000000000000000, 0.9881296145801350406, 0.9881296145801350406, 1.000000000000000000 ) ) 
 REPRESENTATION_ITEM ( '' )  );
#1360 = ORIENTED_EDGE ( 'NONE', *, *, #319, .F. ) ;
#1361 = CARTESIAN_POINT ( 'NONE',  ( -11.15790028815361623, 13.22577768024430256, -6.434073868122832884 ) ) ;
#1362 =( NAMED_UNIT ( * ) PLANE_ANGLE_UNIT ( ) SI_UNIT ( $, .RADIAN. ) );
#1363 = ADVANCED_FACE ( 'NONE', ( #2111, #3636, #3388 ), #4018, .T. ) ;
#1364 = EDGE_CURVE ( 'NONE', #3255, #2095, #570, .T. ) ;
#1365 = SURFACE_SIDE_STYLE ('',( #3004 ) ) ;
#1366 = ORIENTED_EDGE ( 'NONE', *, *, #246, .F. ) ;
#1367 = CARTESIAN_POINT ( 'NONE',  ( -6.944055398858160366, 9.145367981446899108, -5.698093362071950274 ) ) ;
#1368 = UNCERTAINTY_MEASURE_WITH_UNIT (LENGTH_MEASURE( 1.000000000000000082E-05 ), #2623, 'distance_accuracy_value', 'NONE');
#1369 = DIRECTION ( 'NONE',  ( 1.000000000000000000, 0.000000000000000000, 0.000000000000000000 ) ) ;
#1370 = UNCERTAINTY_MEASURE_WITH_UNIT (LENGTH_MEASURE( 1.000000000000000082E-05 ), #1078, 'distance_accuracy_value', 'NONE');
#1371 = CARTESIAN_POINT ( 'NONE',  ( -7.842263816885842509, 10.47053878166825491, -5.549999999999990941 ) ) ;
#1372 =( LENGTH_UNIT ( ) NAMED_UNIT ( * ) SI_UNIT ( .MILLI., .METRE. ) );
#1373 = AXIS2_PLACEMENT_3D ( 'NONE', #2389, #2685, #3627 ) ;
#1374 = CARTESIAN_POINT ( 'NONE',  ( 9.383780062209833517, 18.12241284397908814, -9.138602256204372054 ) ) ;
#1375 = AXIS2_PLACEMENT_3D ( 'NONE', #971, #2254, #1930 ) ;
#1376 = LINE ( 'NONE', #1150, #1645 ) ;
#1377 = FILL_AREA_STYLE_COLOUR ( '', #3615 ) ;
#1378 = CARTESIAN_POINT ( 'NONE',  ( 8.597675872451132406, 17.84672354634440339, -9.385439137589433045 ) ) ;
#1379 = ORIENTED_EDGE ( 'NONE', *, *, #3953, .F. ) ;
#1380 = PRESENTATION_LAYER_ASSIGNMENT (  '', '', ( #3801 ) ) ;
#1381 =( LENGTH_UNIT ( ) NAMED_UNIT ( * ) SI_UNIT ( .MILLI., .METRE. ) );
#1382 = DIRECTION ( 'NONE',  ( 0.000000000000000000, 0.000000000000000000, 1.000000000000000000 ) ) ;
#1383 = CARTESIAN_POINT ( 'NONE',  ( -8.428260869565219693, 19.29006011803089748, -8.500000000000000000 ) ) ;
#1384 = COLOUR_RGB ( '',0.8078431372549019773, 0.8078431372549019773, 0.8078431372549019773 ) ;
#1385 = LINE ( 'NONE', #2066, #2558 ) ;
#1386 = ORIENTED_EDGE ( 'NONE', *, *, #3245, .T. ) ;
#1387 = CARTESIAN_POINT ( 'NONE',  ( 9.950000000000001066, 10.61060721807882068, -8.680951323690900168 ) ) ;
#1388 = SURFACE_SIDE_STYLE ('',( #2989 ) ) ;
#1389 = DIRECTION ( 'NONE',  ( 0.000000000000000000, 1.000000000000000000, 0.000000000000000000 ) ) ;
#1390 = SURFACE_STYLE_FILL_AREA ( #1413 ) ;
#1391 =( GEOMETRIC_REPRESENTATION_CONTEXT ( 3 ) GLOBAL_UNCERTAINTY_ASSIGNED_CONTEXT ( ( #2202 ) ) GLOBAL_UNIT_ASSIGNED_CONTEXT ( ( #3989, #119, #2084 ) ) REPRESENTATION_CONTEXT ( 'NONE', 'WORKASPACE' ) );
#1392 = FILL_AREA_STYLE_COLOUR ( '', #1941 ) ;
#1393 = CARTESIAN_POINT ( 'NONE',  ( -8.478793390472391778, 7.617724750096314779, -1.786619080010151794 ) ) ;
#1394 =( NAMED_UNIT ( * ) PLANE_ANGLE_UNIT ( ) SI_UNIT ( $, .RADIAN. ) );
#1395 = CARTESIAN_POINT ( 'NONE',  ( 9.002506584785093580, 17.44080076543222546, -9.249784849333076764 ) ) ;
#1396 = AXIS2_PLACEMENT_3D ( 'NONE', #3630, #3357, #3923 ) ;
#1397 = ORIENTED_EDGE ( 'NONE', *, *, #3729, .F. ) ;
#1398 = SURFACE_STYLE_FILL_AREA ( #774 ) ;
#1399 = CARTESIAN_POINT ( 'NONE',  ( 7.700000000000000178, 6.500000000000000000, 6.000000000000000000 ) ) ;
#1400 = FILL_AREA_STYLE_COLOUR ( '', #1795 ) ;
#1401 = COLOUR_RGB ( '',0.8078431372549019773, 0.8078431372549019773, 0.8078431372549019773 ) ;
#1402 = UNCERTAINTY_MEASURE_WITH_UNIT (LENGTH_MEASURE( 1.000000000000000082E-05 ), #3072, 'distance_accuracy_value', 'NONE');
#1403 = B_SPLINE_CURVE_WITH_KNOTS ( 'NONE', 3,
 ( #704, #1031, #2275, #1048, #2292, #1953, #2649, #433 ),
 .UNSPECIFIED., .F., .F.,
 ( 4, 2, 2, 4 ),
 ( 0.000000000000000000, 0.2499999999999995004, 0.4999999999999990008, 1.000000000000000000 ),
 .UNSPECIFIED. ) ;
#1404 = CARTESIAN_POINT ( 'NONE',  ( -10.79393958061365133, 14.60947494640493005, -7.650455798748358127 ) ) ;
#1405 = CARTESIAN_POINT ( 'NONE',  ( 11.16626961556039888, 13.12968300503400343, -6.389241231598519200 ) ) ;
#1406 = VERTEX_POINT ( 'NONE', #1695 ) ;
#1407 = CARTESIAN_POINT ( 'NONE',  ( -5.921402910396779795, 11.12995529399769978, -5.544135758655739821 ) ) ;
#1408 = PRESENTATION_STYLE_ASSIGNMENT (( #3996 ) ) ;
#1409 = CARTESIAN_POINT ( 'NONE',  ( 11.19999999999999929, 6.500000000000000000, 6.000000000000000000 ) ) ;
#1410 = PRESENTATION_LAYER_ASSIGNMENT (  '', '', ( #2619 ) ) ;
#1411 = EDGE_CURVE ( 'NONE', #2200, #1068, #3951, .T. ) ;
#1412 = CARTESIAN_POINT ( 'NONE',  ( -9.423544341341985486, 11.30318975041786622, -6.315351416686396213 ) ) ;
#1413 = FILL_AREA_STYLE ('',( #208 ) ) ;
#1414 = CARTESIAN_POINT ( 'NONE',  ( 9.714652323624969554, 16.63150006557194871, -8.905182072678499594 ) ) ;
#1415 = VERTEX_POINT ( 'NONE', #2399 ) ;
#1416 = EDGE_CURVE ( 'NONE', #1149, #2802, #1568, .T. ) ;
#1417 = CARTESIAN_POINT ( 'NONE',  ( -9.453971375797857846, 8.875659404324430568, -3.080722185995869555 ) ) ;
#1418 = CARTESIAN_POINT ( 'NONE',  ( 9.318352743569139562, 8.652437203252205222, -2.902994229145325011 ) ) ;
#1419 = EDGE_LOOP ( 'NONE', ( #878, #3657, #3437, #785 ) ) ;
#1420 = CARTESIAN_POINT ( 'NONE',  ( 5.549999999999999822, 3.000000000000000000, -9.500000000000000000 ) ) ;
#1421 = PRESENTATION_LAYER_ASSIGNMENT (  '', '', ( #3969 ) ) ;
#1422 = DIRECTION ( 'NONE',  ( 0.000000000000000000, 1.000000000000000000, 0.000000000000000000 ) ) ;
#1423 = CARTESIAN_POINT ( 'NONE',  ( -8.428260869565219693, 19.29006011803089748, -8.500000000000000000 ) ) ;
#1424 = CARTESIAN_POINT ( 'NONE',  ( -9.950000000000001066, 3.000000000000000000, 8.680951323690910826 ) ) ;
#1425 = DIRECTION ( 'NONE',  ( 0.000000000000000000, 0.3420201433256694901, 0.9396926207859080948 ) ) ;
#1426 = CARTESIAN_POINT ( 'NONE',  ( 11.18153215192128691, 12.91834239258482597, -6.290311886671991815 ) ) ;
#1427 = EDGE_LOOP ( 'NONE', ( #3059, #821, #1313, #497 ) ) ;
#1428 = AXIS2_PLACEMENT_3D ( 'NONE', #3028, #3972, #124 ) ;
#1429 = PRESENTATION_STYLE_ASSIGNMENT (( #3026 ) ) ;
#1430 = LINE ( 'NONE', #3366, #3381 ) ;
#1431 = EDGE_CURVE ( 'NONE', #2333, #903, #959, .T. ) ;
#1432 = CIRCLE ( 'NONE', #2238, 1.100000000000000311 ) ;
#1433 = COLOUR_RGB ( '',0.8078431372549019773, 0.8078431372549019773, 0.8078431372549019773 ) ;
#1434 = ADVANCED_FACE ( 'NONE', ( #2381 ), #2713, .F. ) ;
#1435 = DIRECTION ( 'NONE',  ( 0.000000000000000000, 0.000000000000000000, -1.000000000000000000 ) ) ;
#1436 = DIRECTION ( 'NONE',  ( 0.000000000000000000, 0.000000000000000000, -1.000000000000000000 ) ) ;
#1437 = CARTESIAN_POINT ( 'NONE',  ( -6.438307762095012876, 9.980596254833125514, -5.895188979209502911 ) ) ;
#1438 = LINE ( 'NONE', #2991, #1212 ) ;
#1439 = VERTEX_POINT ( 'NONE', #1842 ) ;
#1440 = AXIS2_PLACEMENT_3D ( 'NONE', #1002, #3183, #12 ) ;
#1441 = CARTESIAN_POINT ( 'NONE',  ( -8.432536115822779621, 7.573640191633502106, -1.724031361545085517 ) ) ;
#1442 = CARTESIAN_POINT ( 'NONE',  ( 7.641708374369544643, 6.968470554283153540, -0.6242527853028945195 ) ) ;
#1443 = ORIENTED_EDGE ( 'NONE', *, *, #2980, .T. ) ;
#1444 = EDGE_CURVE ( 'NONE', #2842, #3533, #3720, .T. ) ;
#1445 = CARTESIAN_POINT ( 'NONE',  ( -9.950000000000001066, 3.000000000000000000, -7.750000000000000000 ) ) ;
#1446 = CARTESIAN_POINT ( 'NONE',  ( -9.665197157010529949, 11.50000000181894144, -7.243508986985919051 ) ) ;
#1447 = CARTESIAN_POINT ( 'NONE',  ( -10.85281919956483954, 14.49304723649339977, -7.573987850246159503 ) ) ;
#1448 = PRESENTATION_STYLE_ASSIGNMENT (( #2978 ) ) ;
#1449 = UNCERTAINTY_MEASURE_WITH_UNIT (LENGTH_MEASURE( 1.000000000000000082E-05 ), #1254, 'distance_accuracy_value', 'NONE');
#1450 =( NAMED_UNIT ( * ) PLANE_ANGLE_UNIT ( ) SI_UNIT ( $, .RADIAN. ) );
#1451 = SURFACE_SIDE_STYLE ('',( #516 ) ) ;
#1452 = CIRCLE ( 'NONE', #1115, 1.100000000000000311 ) ;
#1453 = ORIENTED_EDGE ( 'NONE', *, *, #3861, .F. ) ;
#1454 = ORIENTED_EDGE ( 'NONE', *, *, #30, .F. ) ;
#1455 = CARTESIAN_POINT ( 'NONE',  ( -9.950000000000001066, 3.000000000000000000, 7.750000000000000000 ) ) ;
#1456 = FILL_AREA_STYLE_COLOUR ( '', #3444 ) ;
#1457 = SURFACE_SIDE_STYLE ('',( #3145 ) ) ;
#1458 = SURFACE_SIDE_STYLE ('',( #1764 ) ) ;
#1459 =( NAMED_UNIT ( * ) PLANE_ANGLE_UNIT ( ) SI_UNIT ( $, .RADIAN. ) );
#1460 = B_SPLINE_CURVE_WITH_KNOTS ( 'NONE', 3,
 ( #905, #2503, #2878, #3786 ),
 .UNSPECIFIED., .F., .F.,
 ( 4, 4 ),
 ( 0.000000000000000000, 0.0009367128650092750638 ),
 .UNSPECIFIED. ) ;
#1461 = CARTESIAN_POINT ( 'NONE',  ( 8.944937259763774406, 18.70841511058952733, -9.349871434629761779 ) ) ;
#1462 = ORIENTED_EDGE ( 'NONE', *, *, #3359, .F. ) ;
#1463 = PLANE ( 'NONE',  #3527 ) ;
#1464 = VECTOR ( 'NONE', #3258, 1000.000000000000000 ) ;
#1465 = FILL_AREA_STYLE_COLOUR ( '', #2755 ) ;
#1466 = ORIENTED_EDGE ( 'NONE', *, *, #40, .F. ) ;
#1467 = VECTOR ( 'NONE', #1912, 1000.000000000000000 ) ;
#1468 = CARTESIAN_POINT ( 'NONE',  ( -6.259994790605449388, 10.62956498582312115, -6.131394280259369722 ) ) ;
#1469 = VECTOR ( 'NONE', #103, 1000.000000000000000 ) ;
#1470 = DIRECTION ( 'NONE',  ( 0.000000000000000000, -0.9396926207859080948, 0.3420201433256696011 ) ) ;
#1471 = VECTOR ( 'NONE', #3253, 1000.000000000000000 ) ;
#1472 = CARTESIAN_POINT ( 'NONE',  ( -9.221280300141401653, 17.19984808587557623, -9.152106402314368339 ) ) ;
#1473 = CARTESIAN_POINT ( 'NONE',  ( 10.64497722350863995, 15.61961951536194348, -7.501128676685999253 ) ) ;
#1474 = ORIENTED_EDGE ( 'NONE', *, *, #3050, .T. ) ;
#1475 = PRESENTATION_LAYER_ASSIGNMENT (  '', '', ( #3619 ) ) ;
#1476 = ORIENTED_EDGE ( 'NONE', *, *, #1322, .T. ) ;
#1477 = CARTESIAN_POINT ( 'NONE',  ( 6.122378741805468927, 9.718791632750336973, -6.269848143726310497 ) ) ;
#1478 =( GEOMETRIC_REPRESENTATION_CONTEXT ( 3 ) GLOBAL_UNCERTAINTY_ASSIGNED_CONTEXT ( ( #1775 ) ) GLOBAL_UNIT_ASSIGNED_CONTEXT ( ( #1300, #3520, #2279 ) ) REPRESENTATION_CONTEXT ( 'NONE', 'WORKASPACE' ) );
#1479 = CARTESIAN_POINT ( 'NONE',  ( 5.459411651696611578, 11.24925058902060471, -7.146571923393366887 ) ) ;
#1480 = VERTEX_POINT ( 'NONE', #4038 ) ;
#1481 = PLANE ( 'NONE',  #2076 ) ;
#1482 = ORIENTED_EDGE ( 'NONE', *, *, #2567, .T. ) ;
#1483 = STYLED_ITEM ( 'NONE', ( #848 ), #2463 ) ;
#1484 = LINE ( 'NONE', #1771, #778 ) ;
#1485 = CARTESIAN_POINT ( 'NONE',  ( -9.949999999999988631, 10.97492761962705465, -6.573670130287407432 ) ) ;
#1486 = SURFACE_STYLE_USAGE ( .BOTH. , #470 ) ;
#1487 = CARTESIAN_POINT ( 'NONE',  ( -11.19999999999999929, 6.500000000000000000, 1.701245229258260050 ) ) ;
#1488 = AXIS2_PLACEMENT_3D ( 'NONE', #3571, #120, #1733 ) ;
#1489 = CARTESIAN_POINT ( 'NONE',  ( -11.07856191882712871, 13.56527654512330905, -6.918093938116215647 ) ) ;
#1490 = CARTESIAN_POINT ( 'NONE',  ( 9.471516149689669817, 17.98343138103350825, -8.318156931423835942 ) ) ;
#1491 = ORIENTED_EDGE ( 'NONE', *, *, #3123, .F. ) ;
#1492 = ADVANCED_FACE ( 'NONE', ( #2441 ), #1806, .F. ) ;
#1493 = VERTEX_POINT ( 'NONE', #3431 ) ;
#1494 = DIRECTION ( 'NONE',  ( 0.000000000000000000, 0.000000000000000000, 1.000000000000000000 ) ) ;
#1495 = EDGE_CURVE ( 'NONE', #1188, #1439, #3322, .T. ) ;
#1496 = EDGE_CURVE ( 'NONE', #3228, #1619, #1244, .T. ) ;
#1497 = AXIS2_PLACEMENT_3D ( 'NONE', #3598, #721, #1999 ) ;
#1498 = PLANE ( 'NONE',  #1797 ) ;
#1499 = EDGE_CURVE ( 'NONE', #3784, #970, #560, .T. ) ;
#1500 = COLOUR_RGB ( '',0.8078431372549019773, 0.8078431372549019773, 0.8078431372549019773 ) ;
#1501 = CARTESIAN_POINT ( 'NONE',  ( 7.500000000000000000, 12.39380805885001990, -6.773526244851500344 ) ) ;
#1502 = CARTESIAN_POINT ( 'NONE',  ( 7.700000000000000178, 3.000000000000000000, -6.000000000000000000 ) ) ;
#1503 =( GEOMETRIC_REPRESENTATION_CONTEXT ( 3 ) GLOBAL_UNCERTAINTY_ASSIGNED_CONTEXT ( ( #4068 ) ) GLOBAL_UNIT_ASSIGNED_CONTEXT ( ( #746, #1986, #2281 ) ) REPRESENTATION_CONTEXT ( 'NONE', 'WORKASPACE' ) );
#1504 = CARTESIAN_POINT ( 'NONE',  ( 5.472210045859698724, 11.25554603875642812, -7.050090006711134727 ) ) ;
#1505 = ORIENTED_EDGE ( 'NONE', *, *, #1860, .F. ) ;
#1506 = FILL_AREA_STYLE_COLOUR ( '', #4011 ) ;
#1507 = ORIENTED_EDGE ( 'NONE', *, *, #493, .T. ) ;
#1508 = CIRCLE ( 'NONE', #3855, 1.441743575235126418 ) ;
#1509 = CARTESIAN_POINT ( 'NONE',  ( -11.19999999999999929, 3.000000000000000000, 9.500000000000000000 ) ) ;
#1510 = FILL_AREA_STYLE_COLOUR ( '', #3712 ) ;
#1511 = CARTESIAN_POINT ( 'NONE',  ( -7.750000000000000000, 3.000000000000000000, 6.649999999999999467 ) ) ;
#1512 = UNCERTAINTY_MEASURE_WITH_UNIT (LENGTH_MEASURE( 1.000000000000000082E-05 ), #2156, 'distance_accuracy_value', 'NONE');
#1513 = CARTESIAN_POINT ( 'NONE',  ( 9.711669454654748179, 12.07950133397368830, -8.864215178979923948 ) ) ;
#1514 = CARTESIAN_POINT ( 'NONE',  ( 9.680762646923161796, 17.65578740856552997, -8.230200853167650266 ) ) ;
#1515 = ORIENTED_EDGE ( 'NONE', *, *, #2159, .T. ) ;
#1516 = ORIENTED_EDGE ( 'NONE', *, *, #1874, .F. ) ;
#1517 = FACE_OUTER_BOUND ( 'NONE', #870, .T. ) ;
#1518 = SURFACE_STYLE_USAGE ( .BOTH. , #245 ) ;
#1519 = CIRCLE ( 'NONE', #121, 1.441743575235123087 ) ;
#1520 = EDGE_CURVE ( 'NONE', #2692, #2042, #4074, .T. ) ;
#1521 = CARTESIAN_POINT ( 'NONE',  ( 6.533906539394772395, 9.853430296387090337, -5.848904355523211862 ) ) ;
#1522 = MECHANICAL_DESIGN_GEOMETRIC_PRESENTATION_REPRESENTATION (  '', ( #843 ), #3398 ) ;
#1523 = DIRECTION ( 'NONE',  ( 0.000000000000000000, 0.000000000000000000, 1.000000000000000000 ) ) ;
#1524 = CARTESIAN_POINT ( 'NONE',  ( -5.447403883843795036, 11.23944343662094525, -7.250417008394865803 ) ) ;
#1525 = EDGE_LOOP ( 'NONE', ( #2782, #2486, #3887, #3753, #3462 ) ) ;
#1526 = DIRECTION ( 'NONE',  ( 0.000000000000000000, 0.000000000000000000, 1.000000000000000000 ) ) ;
#1527 = ORIENTED_EDGE ( 'NONE', *, *, #2621, .F. ) ;
#1528 = UNCERTAINTY_MEASURE_WITH_UNIT (LENGTH_MEASURE( 1.000000000000000082E-05 ), #2866, 'distance_accuracy_value', 'NONE');
#1529 = AXIS2_PLACEMENT_3D ( 'NONE', #347, #907, #2195 ) ;
#1530 = CARTESIAN_POINT ( 'NONE',  ( -7.475165980545162903, 10.42686196127541010, -5.550000000000004263 ) ) ;
#1531 = FACE_OUTER_BOUND ( 'NONE', #1781, .T. ) ;
#1532 = CARTESIAN_POINT ( 'NONE',  ( 5.412096718738159673, 11.14987323089875915, -7.738875171110000117 ) ) ;
#1533 = FILL_AREA_STYLE_COLOUR ( '', #2873 ) ;
#1534 = PRESENTATION_LAYER_ASSIGNMENT (  '', '', ( #793 ) ) ;
#1535 = CARTESIAN_POINT ( 'NONE',  ( 9.632831690114153744, 12.37616524155963305, -8.917911937498599784 ) ) ;
#1536 = CARTESIAN_POINT ( 'NONE',  ( -9.743732533480759628, 17.55474554917682894, -8.202123036292057634 ) ) ;
#1537 = EDGE_LOOP ( 'NONE', ( #1725, #510, #2052, #830 ) ) ;
#1538 = EDGE_LOOP ( 'NONE', ( #1454, #1397, #838, #2730, #53, #251 ) ) ;
#1539 = DIRECTION ( 'NONE',  ( 0.000000000000000000, 0.000000000000000000, 1.000000000000000000 ) ) ;
#1540 = AXIS2_PLACEMENT_3D ( 'NONE', #3063, #2451, #2157 ) ;
#1541 = SURFACE_SIDE_STYLE ('',( #1559 ) ) ;
#1542 = DIRECTION ( 'NONE',  ( 0.000000000000000000, 0.000000000000000000, -1.000000000000000000 ) ) ;
#1543 =( NAMED_UNIT ( * ) SI_UNIT ( $, .STERADIAN. ) SOLID_ANGLE_UNIT ( ) );
#1544 = PRESENTATION_STYLE_ASSIGNMENT (( #2509 ) ) ;
#1545 = ORIENTED_EDGE ( 'NONE', *, *, #816, .T. ) ;
#1546 = EDGE_CURVE ( 'NONE', #3450, #200, #3125, .T. ) ;
#1547 = CARTESIAN_POINT ( 'NONE',  ( 10.90215072096623317, 14.26971846725230186, -7.414968759365498485 ) ) ;
#1548 = ADVANCED_FACE ( 'NONE', ( #3122 ), #3808, .F. ) ;
#1549 = LINE ( 'NONE', #3418, #453 ) ;
#1550 = FILL_AREA_STYLE ('',( #1570 ) ) ;
#1551 = CARTESIAN_POINT ( 'NONE',  ( 6.057155260113219697, 9.786729904143699699, -6.338459937667169974 ) ) ;
#1552 = CARTESIAN_POINT ( 'NONE',  ( 8.803886383744266908, 13.41798204874954337, -9.321335690678614228 ) ) ;
#1553 = CARTESIAN_POINT ( 'NONE',  ( -8.428260869565219693, 19.29006011803089748, -8.500000000000000000 ) ) ;
#1554 = EDGE_LOOP ( 'NONE', ( #563, #1950, #18, #1203 ) ) ;
#1555 = ORIENTED_EDGE ( 'NONE', *, *, #2680, .T. ) ;
#1556 = STYLED_ITEM ( 'NONE', ( #1429 ), #628 ) ;
#1557 = CARTESIAN_POINT ( 'NONE',  ( -5.408823529411769471, 10.51781285254642029, -9.500000000000000000 ) ) ;
#1558 = DIRECTION ( 'NONE',  ( 0.000000000000000000, 1.000000000000000000, 0.000000000000000000 ) ) ;
#1559 = SURFACE_STYLE_FILL_AREA ( #247 ) ;
#1560 = CYLINDRICAL_SURFACE ( 'NONE', #1529, 1.441743575235126418 ) ;
#1561 = EDGE_CURVE ( 'NONE', #3186, #537, #1329, .T. ) ;
#1562 = CARTESIAN_POINT ( 'NONE',  ( -5.579346001301265900, 10.86901087014859968, -7.379468612957546192 ) ) ;
#1563 = PRESENTATION_STYLE_ASSIGNMENT (( #3793 ) ) ;
#1564 = SURFACE_STYLE_USAGE ( .BOTH. , #308 ) ;
#1565 = DIRECTION ( 'NONE',  ( 0.000000000000000000, -1.000000000000000000, 0.000000000000000000 ) ) ;
#1566 = ORIENTED_EDGE ( 'NONE', *, *, #2159, .F. ) ;
#1567 =( NAMED_UNIT ( * ) SI_UNIT ( $, .STERADIAN. ) SOLID_ANGLE_UNIT ( ) );
#1568 = CIRCLE ( 'NONE', #3910, 10.20000000000000107 ) ;
#1569 = DIRECTION ( 'NONE',  ( 0.000000000000000000, 1.000000000000000000, 0.000000000000000000 ) ) ;
#1570 = FILL_AREA_STYLE_COLOUR ( '', #3982 ) ;
#1571 = CARTESIAN_POINT ( 'NONE',  ( 5.521409871838639738, 11.26381754623169940, -6.731865222369489921 ) ) ;
#1572 = CARTESIAN_POINT ( 'NONE',  ( -8.538320153327132900, 13.56273339006736478, -9.398120033690437580 ) ) ;
#1573 = EDGE_CURVE ( 'NONE', #153, #678, #441, .T. ) ;
#1574 = CARTESIAN_POINT ( 'NONE',  ( 8.716195296543078896, 13.47116624746298719, -9.349226655063946012 ) ) ;
#1575 = CARTESIAN_POINT ( 'NONE',  ( -10.07197427517538912, 16.96287008386363482, -8.013513774910894227 ) ) ;
#1576 = CARTESIAN_POINT ( 'NONE',  ( 11.19999999999999929, 6.500000000000000000, 9.500000000000000000 ) ) ;
#1577 = VECTOR ( 'NONE', #1250, 1000.000000000000114 ) ;
#1578 = EDGE_LOOP ( 'NONE', ( #2273, #1443, #920, #1193 ) ) ;
#1579 = VERTEX_POINT ( 'NONE', #3828 ) ;
#1580 = CARTESIAN_POINT ( 'NONE',  ( -5.549999999999999822, 6.500000000000000000, 7.750000000000000000 ) ) ;
#1581 = VECTOR ( 'NONE', #134, 1000.000000000000000 ) ;
#1582 = CARTESIAN_POINT ( 'NONE',  ( -9.878453796254259345, 11.14643997675116793, -8.739437277180838848 ) ) ;
#1583 = PRESENTATION_LAYER_ASSIGNMENT (  '', '', ( #312 ) ) ;
#1584 = CARTESIAN_POINT ( 'NONE',  ( -11.19999999999999929, 12.50000000000000000, 1.701245229258260050 ) ) ;
#1585 = ORIENTED_EDGE ( 'NONE', *, *, #751, .T. ) ;
#1586 = FACE_OUTER_BOUND ( 'NONE', #1554, .T. ) ;
#1587 =( LENGTH_UNIT ( ) NAMED_UNIT ( * ) SI_UNIT ( .MILLI., .METRE. ) );
#1588 = CARTESIAN_POINT ( 'NONE',  ( -5.616263984595390113, 11.23755127529040010, -6.352683192467419637 ) ) ;
#1589 = CARTESIAN_POINT ( 'NONE',  ( 5.664788238684658417, 10.35927672656174892, -7.047606522199226120 ) ) ;
#1590 = ORIENTED_EDGE ( 'NONE', *, *, #1922, .F. ) ;
#1591 = DIRECTION ( 'NONE',  ( 0.000000000000000000, -1.000000000000000000, 0.000000000000000000 ) ) ;
#1592 = MECHANICAL_DESIGN_GEOMETRIC_PRESENTATION_REPRESENTATION (  '', ( #927 ), #2325 ) ;
#1593 = CARTESIAN_POINT ( 'NONE',  ( 7.750000000000000000, 3.000000000000000000, -6.649999999999999467 ) ) ;
#1594 = DIRECTION ( 'NONE',  ( 0.000000000000000000, 1.000000000000000000, 0.000000000000000000 ) ) ;
#1595 = CARTESIAN_POINT ( 'NONE',  ( 5.545898160501145924, 10.77596607155879127, -7.781395773150767248 ) ) ;
#1596 = CARTESIAN_POINT ( 'NONE',  ( 0.000000000000000000, -0.5000000000000000000, 9.500000000000000000 ) ) ;
#1597 = CARTESIAN_POINT ( 'NONE',  ( 9.113281483741090483, 13.17932770124323838, -9.202213185303616427 ) ) ;
#1598 = DIRECTION ( 'NONE',  ( 0.000000000000000000, 0.000000000000000000, 1.000000000000000000 ) ) ;
#1599 = CARTESIAN_POINT ( 'NONE',  ( -9.181193235826420107, 13.11336161730601013, -9.171350663544922455 ) ) ;
#1600 = FACE_OUTER_BOUND ( 'NONE', #1538, .T. ) ;
#1601 = CARTESIAN_POINT ( 'NONE',  ( -1.000000000000000000, 22.50000000000000000, -8.323523748259249899 ) ) ;
#1602 =( LENGTH_UNIT ( ) NAMED_UNIT ( * ) SI_UNIT ( .MILLI., .METRE. ) );
#1603 = ORIENTED_EDGE ( 'NONE', *, *, #3358, .T. ) ;
#1604 = MECHANICAL_DESIGN_GEOMETRIC_PRESENTATION_REPRESENTATION (  '', ( #538 ), #2000 ) ;
#1605 = ORIENTED_EDGE ( 'NONE', *, *, #2372, .F. ) ;
#1606 = CARTESIAN_POINT ( 'NONE',  ( 5.893269411817604109, 10.00135294727053825, -6.569917924543299925 ) ) ;
#1607 = CIRCLE ( 'NONE', #1540, 2.249999999999999112 ) ;
#1608 = ADVANCED_BREP_SHAPE_REPRESENTATION ( 'DG5F_Seed_Fingertip', ( #459, #1373 ), #3991 ) ;
#1609 = CARTESIAN_POINT ( 'NONE',  ( 7.934316440977237761, 10.48149108247506867, -5.549999999999982947 ) ) ;
#1610 = CARTESIAN_POINT ( 'NONE',  ( -5.899746833111040978, 9.992322040678830675, -6.559794768189583181 ) ) ;
#1611 =( LENGTH_UNIT ( ) NAMED_UNIT ( * ) SI_UNIT ( .MILLI., .METRE. ) );
#1612 = CARTESIAN_POINT ( 'NONE',  ( 6.577899805186453008, 6.533847425633361183, 1.056347007484026879 ) ) ;
#1613 = CARTESIAN_POINT ( 'NONE',  ( -11.12790242631174742, 13.51544120179655550, -6.568771554432958126 ) ) ;
#1614 = CARTESIAN_POINT ( 'NONE',  ( -9.217031768286986448, 13.07472069129210013, -9.154143335692502603 ) ) ;
#1615 = VECTOR ( 'NONE', #1347, 1000.000000000000000 ) ;
#1616 = MECHANICAL_DESIGN_GEOMETRIC_PRESENTATION_REPRESENTATION (  '', ( #1076 ), #3985 ) ;
#1617 = CARTESIAN_POINT ( 'NONE',  ( -6.975021663794432669, 22.49999999999998579, -8.323523748259249899 ) ) ;
#1618 = FILL_AREA_STYLE ('',( #641 ) ) ;
#1619 = VERTEX_POINT ( 'NONE', #2600 ) ;
#1620 = EDGE_CURVE ( 'NONE', #3664, #90, #2778, .T. ) ;
#1621 =( LENGTH_UNIT ( ) NAMED_UNIT ( * ) SI_UNIT ( .MILLI., .METRE. ) );
#1622 = CIRCLE ( 'NONE', #2497, 1.441743575235123087 ) ;
#1623 = EDGE_CURVE ( 'NONE', #3687, #3904, #1033, .T. ) ;
#1624 = CARTESIAN_POINT ( 'NONE',  ( 9.262315079626663561, 11.13062497154679953, -6.152040511233867193 ) ) ;
#1625 = CARTESIAN_POINT ( 'NONE',  ( -6.696217987141642070, 9.263211220382236988, -5.817701393126986531 ) ) ;
#1626 = SURFACE_STYLE_FILL_AREA ( #114 ) ;
#1627 = CARTESIAN_POINT ( 'NONE',  ( -7.700000000000000178, 13.78637463822520104, -9.500000000000000000 ) ) ;
#1628 = STYLED_ITEM ( 'NONE', ( #612 ), #877 ) ;
#1629 = SURFACE_STYLE_USAGE ( .BOTH. , #3586 ) ;
#1630 =( NAMED_UNIT ( * ) PLANE_ANGLE_UNIT ( ) SI_UNIT ( $, .RADIAN. ) );
#1631 = SURFACE_STYLE_USAGE ( .BOTH. , #118 ) ;
#1632 = COLOUR_RGB ( '',0.8078431372549019773, 0.8078431372549019773, 0.8078431372549019773 ) ;
#1633 = AXIS2_PLACEMENT_3D ( 'NONE', #2171, #3701, #862 ) ;
#1634 = CARTESIAN_POINT ( 'NONE',  ( -9.950000000000001066, 3.000000000000000000, -8.680951323690910826 ) ) ;
#1635 = SURFACE_STYLE_FILL_AREA ( #696 ) ;
#1636 = EDGE_LOOP ( 'NONE', ( #284, #1994, #1208 ) ) ;
#1637 = ORIENTED_EDGE ( 'NONE', *, *, #1496, .T. ) ;
#1638 =( NAMED_UNIT ( * ) PLANE_ANGLE_UNIT ( ) SI_UNIT ( $, .RADIAN. ) );
#1639 = EDGE_CURVE ( 'NONE', #2200, #4004, #1948, .T. ) ;
#1640 = PRESENTATION_STYLE_ASSIGNMENT (( #334 ) ) ;
#1641 = UNCERTAINTY_MEASURE_WITH_UNIT (LENGTH_MEASURE( 1.000000000000000082E-05 ), #1611, 'distance_accuracy_value', 'NONE');
#1642 = CARTESIAN_POINT ( 'NONE',  ( -8.789038348689652835, 10.78169379275864692, -5.810817103843868736 ) ) ;
#1643 = CARTESIAN_POINT ( 'NONE',  ( 8.635527381123031532, 10.70258940578629669, -5.734186332699759525 ) ) ;
#1644 = CARTESIAN_POINT ( 'NONE',  ( -5.633136761614859545, 10.41053519653572224, -7.149880533198024857 ) ) ;
#1645 = VECTOR ( 'NONE', #2699, 1000.000000000000114 ) ;
#1646 =( NAMED_UNIT ( * ) SI_UNIT ( $, .STERADIAN. ) SOLID_ANGLE_UNIT ( ) );
#1647 = CARTESIAN_POINT ( 'NONE',  ( -9.950000000000001066, 1.047106842509882174, 8.680951323690910826 ) ) ;
#1648 = ORIENTED_EDGE ( 'NONE', *, *, #585, .F. ) ;
#1649 = PRESENTATION_LAYER_ASSIGNMENT (  '', '', ( #3475 ) ) ;
#1650 = CARTESIAN_POINT ( 'NONE',  ( -5.549999999999999822, 6.500000000000000000, 7.750000000000000000 ) ) ;
#1651 = CARTESIAN_POINT ( 'NONE',  ( 11.03554772689168395, 14.12422598657674300, -6.848321753560946412 ) ) ;
#1652 = VERTEX_POINT ( 'NONE', #2934 ) ;
#1653 = ORIENTED_EDGE ( 'NONE', *, *, #1444, .F. ) ;
#1654 = AXIS2_PLACEMENT_3D ( 'NONE', #1875, #1591, #3171 ) ;
#1655 = DIRECTION ( 'NONE',  ( 0.000000000000000000, -0.9396926207859082059, 0.3420201433256695456 ) ) ;
#1656 = UNCERTAINTY_MEASURE_WITH_UNIT (LENGTH_MEASURE( 1.000000000000000082E-05 ), #2308, 'distance_accuracy_value', 'NONE');
#1657 = CARTESIAN_POINT ( 'NONE',  ( -7.750000000000000000, 3.000000000000000000, -7.750000000000000000 ) ) ;
#1658 = AXIS2_PLACEMENT_3D ( 'NONE', #3137, #834, #1470 ) ;
#1659 = CARTESIAN_POINT ( 'NONE',  ( -8.778934265554440231, 10.77617931739136203, -5.805438350360645039 ) ) ;
#1660 = CARTESIAN_POINT ( 'NONE',  ( 9.489762042562448485, 11.41010676834013893, -6.403152541453785318 ) ) ;
#1661 = DIRECTION ( 'NONE',  ( -1.445602896647339903E-16, 0.000000000000000000, 1.000000000000000000 ) ) ;
#1662 = CARTESIAN_POINT ( 'NONE',  ( -6.023194885292047829, 9.832646208154766754, -6.386505765657473965 ) ) ;
#1663 = CARTESIAN_POINT ( 'NONE',  ( 7.700000000000000178, 18.60476010645924916, -9.500000000000000000 ) ) ;
#1664 = DIRECTION ( 'NONE',  ( 0.000000000000000000, 0.000000000000000000, 1.000000000000000000 ) ) ;
#1665 = CARTESIAN_POINT ( 'NONE',  ( 8.568075003063365003, 7.697235834413140410, -1.908128967540295484 ) ) ;
#1666 = ORIENTED_EDGE ( 'NONE', *, *, #327, .T. ) ;
#1667 = EDGE_CURVE ( 'NONE', #4014, #3397, #1508, .T. ) ;
#1668 = PRESENTATION_STYLE_ASSIGNMENT (( #1708 ) ) ;
#1669 = EDGE_CURVE ( 'NONE', #3608, #1349, #2712, .T. ) ;
#1670 =( NAMED_UNIT ( * ) PLANE_ANGLE_UNIT ( ) SI_UNIT ( $, .RADIAN. ) );
#1671 = VERTEX_POINT ( 'NONE', #2879 ) ;
#1672 = CARTESIAN_POINT ( 'NONE',  ( -5.973878199341530859, 9.889412768248300623, -6.444759241891270030 ) ) ;
#1673 =( NAMED_UNIT ( * ) SI_UNIT ( $, .STERADIAN. ) SOLID_ANGLE_UNIT ( ) );
#1674 = FILL_AREA_STYLE_COLOUR ( '', #3611 ) ;
#1675 =( LENGTH_UNIT ( ) NAMED_UNIT ( * ) SI_UNIT ( .MILLI., .METRE. ) );
#1676 = CIRCLE ( 'NONE', #1083, 3.500000000000000000 ) ;
#1677 = CARTESIAN_POINT ( 'NONE',  ( 8.834090953545342018, 10.80703817092293129, -5.835627036968412007 ) ) ;
#1678 = CARTESIAN_POINT ( 'NONE',  ( -7.500000000000000000, 11.03901226013607939, -6.280420900610719670 ) ) ;
#1679 = CARTESIAN_POINT ( 'NONE',  ( -5.921198536887352759, 9.962875018013066963, -6.526990445420755904 ) ) ;
#1680 = CARTESIAN_POINT ( 'NONE',  ( 7.236938031513729719, 10.91540623603602178, -4.288662826830489827 ) ) ;
#1681 = CARTESIAN_POINT ( 'NONE',  ( 8.215891658353823956, 18.19584822010244096, -9.471589881027679070 ) ) ;
#1682 = VECTOR ( 'NONE', #985, 1000.000000000000000 ) ;
#1683 = VERTEX_POINT ( 'NONE', #1634 ) ;
#1684 = DIRECTION ( 'NONE',  ( 0.000000000000000000, 0.9396926207859080948, -0.3420201433256694901 ) ) ;
#1685 = SURFACE_SIDE_STYLE ('',( #1398 ) ) ;
#1686 = SURFACE_STYLE_FILL_AREA ( #3883 ) ;
#1687 = DIRECTION ( 'NONE',  ( 0.000000000000000000, 0.000000000000000000, -1.000000000000000000 ) ) ;
#1688 = STYLED_ITEM ( 'NONE', ( #1236 ), #935 ) ;
#1689 = AXIS2_PLACEMENT_3D ( 'NONE', #490, #2430, #2725 ) ;
#1690 = PRESENTATION_LAYER_ASSIGNMENT (  '', '', ( #2775 ) ) ;
#1691 =( NAMED_UNIT ( * ) PLANE_ANGLE_UNIT ( ) SI_UNIT ( $, .RADIAN. ) );
#1692 = EDGE_LOOP ( 'NONE', ( #797, #70, #1379, #2772 ) ) ;
#1693 = CARTESIAN_POINT ( 'NONE',  ( -6.345023938302100319, 9.500182317782240204, -6.051401016360260066 ) ) ;
#1694 = FACE_OUTER_BOUND ( 'NONE', #149, .T. ) ;
#1695 = CARTESIAN_POINT ( 'NONE',  ( -9.950000000000001066, 6.500000000000000000, 7.750000000000000000 ) ) ;
#1696 = CARTESIAN_POINT ( 'NONE',  ( -9.543438343106599220, 11.50000000000000000, -6.475802641081430444 ) ) ;
#1697 = UNCERTAINTY_MEASURE_WITH_UNIT (LENGTH_MEASURE( 1.000000000000000082E-05 ), #1248, 'distance_accuracy_value', 'NONE');
#1698 = FACE_OUTER_BOUND ( 'NONE', #3427, .T. ) ;
#1699 =( NAMED_UNIT ( * ) SI_UNIT ( $, .STERADIAN. ) SOLID_ANGLE_UNIT ( ) );
#1700 = CARTESIAN_POINT ( 'NONE',  ( 10.30613221841040250, 16.52342202268395255, -7.865140557060430027 ) ) ;
#1701 = AXIS2_PLACEMENT_3D ( 'NONE', #1044, #4027, #236 ) ;
#1702 = FILL_AREA_STYLE_COLOUR ( '', #3597 ) ;
#1703 = DIRECTION ( 'NONE',  ( -1.000000000000000000, 0.000000000000000000, -1.264902534566421922E-16 ) ) ;
#1704 = CARTESIAN_POINT ( 'NONE',  ( 7.380505670669039731, 10.91532009652399893, -4.252314091033214893 ) ) ;
#1705 = FILL_AREA_STYLE ('',( #2010 ) ) ;
#1706 = ORIENTED_EDGE ( 'NONE', *, *, #1251, .T. ) ;
#1707 = AXIS2_PLACEMENT_3D ( 'NONE', #3986, #1422, #3688 ) ;
#1708 = SURFACE_STYLE_USAGE ( .BOTH. , #1990 ) ;
#1709 = LINE ( 'NONE', #2598, #2011 ) ;
#1710 =( NAMED_UNIT ( * ) PLANE_ANGLE_UNIT ( ) SI_UNIT ( $, .RADIAN. ) );
#1711 = MECHANICAL_DESIGN_GEOMETRIC_PRESENTATION_REPRESENTATION (  '', ( #2859 ), #457 ) ;
#1712 = CARTESIAN_POINT ( 'NONE',  ( -10.15406272220588058, 15.94530838745288115, -8.507257377814372745 ) ) ;
#1713 = CARTESIAN_POINT ( 'NONE',  ( 11.15831136528567136, 13.22125857124509984, -6.431991632823544691 ) ) ;
#1714 = EDGE_CURVE ( 'NONE', #380, #2220, #3256, .T. ) ;
#1715 = ORIENTED_EDGE ( 'NONE', *, *, #3237, .T. ) ;
#1716 = CARTESIAN_POINT ( 'NONE',  ( -5.854889902257223611, 10.76099410758820696, -6.600102800732488006 ) ) ;
#1717 = CARTESIAN_POINT ( 'NONE',  ( 8.849999999999999645, 3.000000000000000000, 7.750000000000000000 ) ) ;
#1718 = CYLINDRICAL_SURFACE ( 'NONE', #2403, 1.100000000000000311 ) ;
#1719 = FILL_AREA_STYLE ('',( #3890 ) ) ;
#1720 = CARTESIAN_POINT ( 'NONE',  ( 8.803414027295390909, 17.65363555858280264, -9.332377215047399588 ) ) ;
#1721 = ORIENTED_EDGE ( 'NONE', *, *, #3126, .T. ) ;
#1722 = CARTESIAN_POINT ( 'NONE',  ( -7.298832505034013707, 6.782903806288545390, -0.1195156339381464872 ) ) ;
#1723 = CARTESIAN_POINT ( 'NONE',  ( 8.290641474783857490, 7.445009925439119769, -1.531171495340147626 ) ) ;
#1724 = PRESENTATION_LAYER_ASSIGNMENT (  '', '', ( #3009 ) ) ;
#1725 = ORIENTED_EDGE ( 'NONE', *, *, #34, .F. ) ;
#1726 = DIRECTION ( 'NONE',  ( 1.982541115402064913E-15, 0.000000000000000000, 1.000000000000000000 ) ) ;
#1727 = PRESENTATION_STYLE_ASSIGNMENT (( #2034 ) ) ;
#1728 = COLOUR_RGB ( '',0.8078431372549019773, 0.8078431372549019773, 0.8078431372549019773 ) ;
#1729 = CARTESIAN_POINT ( 'NONE',  ( 7.500000000000000000, 13.07784834550136033, -4.894141003279680824 ) ) ;
#1730 = EDGE_CURVE ( 'NONE', #2895, #1973, #3077, .T. ) ;
#1731 = EDGE_CURVE ( 'NONE', #3226, #220, #3920, .T. ) ;
#1732 = CARTESIAN_POINT ( 'NONE',  ( -11.10285559310411685, 13.43592734098483454, -6.825495228002449011 ) ) ;
#1733 = DIRECTION ( 'NONE',  ( 1.000000000000000000, 0.000000000000000000, 0.000000000000000000 ) ) ;
#1734 = ORIENTED_EDGE ( 'NONE', *, *, #2803, .T. ) ;
#1735 = SURFACE_SIDE_STYLE ('',( #478 ) ) ;
#1736 =( NAMED_UNIT ( * ) SI_UNIT ( $, .STERADIAN. ) SOLID_ANGLE_UNIT ( ) );
#1737 =( LENGTH_UNIT ( ) NAMED_UNIT ( * ) SI_UNIT ( .MILLI., .METRE. ) );
#1738 = SURFACE_STYLE_FILL_AREA ( #3998 ) ;
#1739 = ADVANCED_FACE ( 'NONE', ( #1904 ), #3204, .F. ) ;
#1740 =( NAMED_UNIT ( * ) PLANE_ANGLE_UNIT ( ) SI_UNIT ( $, .RADIAN. ) );
#1741 = CARTESIAN_POINT ( 'NONE',  ( -6.416053700067598342, 10.01126787956344444, -5.906352537647924450 ) ) ;
#1742 = LINE ( 'NONE', #3350, #2480 ) ;
#1743 = ORIENTED_EDGE ( 'NONE', *, *, #1108, .F. ) ;
#1744 = CARTESIAN_POINT ( 'NONE',  ( -8.705407080114287766, 7.846374231384300124, -2.091787283109187712 ) ) ;
#1745 =( NAMED_UNIT ( * ) SI_UNIT ( $, .STERADIAN. ) SOLID_ANGLE_UNIT ( ) );
#1746 = VERTEX_POINT ( 'NONE', #2925 ) ;
#1747 = CIRCLE ( 'NONE', #4105, 3.500000000000000000 ) ;
#1748 =( GEOMETRIC_REPRESENTATION_CONTEXT ( 3 ) GLOBAL_UNCERTAINTY_ASSIGNED_CONTEXT ( ( #461 ) ) GLOBAL_UNIT_ASSIGNED_CONTEXT ( ( #1621, #3832, #3576 ) ) REPRESENTATION_CONTEXT ( 'NONE', 'WORKASPACE' ) );
#1749 = FACE_BOUND ( 'NONE', #730, .T. ) ;
#1750 = SURFACE_STYLE_USAGE ( .BOTH. , #2393 ) ;
#1751 = CARTESIAN_POINT ( 'NONE',  ( -10.30613221841040250, 16.52342202268395255, -7.865140557060430027 ) ) ;
#1752 = LINE ( 'NONE', #492, #1469 ) ;
#1753 = CARTESIAN_POINT ( 'NONE',  ( -9.977857834095697598, 16.22219199930607303, -8.667371520547867192 ) ) ;
#1754 = FILL_AREA_STYLE_COLOUR ( '', #1297 ) ;
#1755 = ORIENTED_EDGE ( 'NONE', *, *, #2727, .T. ) ;
#1756 = VECTOR ( 'NONE', #3871, 1000.000000000000000 ) ;
#1757 = EDGE_LOOP ( 'NONE', ( #105, #445, #4060, #1227, #1006, #3584 ) ) ;
#1758 = SURFACE_SIDE_STYLE ('',( #4035 ) ) ;
#1759 =( LENGTH_UNIT ( ) NAMED_UNIT ( * ) SI_UNIT ( .MILLI., .METRE. ) );
#1760 = MECHANICAL_DESIGN_GEOMETRIC_PRESENTATION_REPRESENTATION (  '', ( #1965 ), #434 ) ;
#1761 = CARTESIAN_POINT ( 'NONE',  ( -3.550000000000000266, 10.36930306035977978, -7.750000000000000000 ) ) ;
#1762 = MECHANICAL_DESIGN_GEOMETRIC_PRESENTATION_REPRESENTATION (  '', ( #3785 ), #1503 ) ;
#1763 = AXIS2_PLACEMENT_3D ( 'NONE', #1501, #3411, #3682 ) ;
#1764 = SURFACE_STYLE_FILL_AREA ( #3075 ) ;
#1765 = CARTESIAN_POINT ( 'NONE',  ( -7.249192529617433323, 9.100499796103157735, -5.574860064948699900 ) ) ;
#1766 = CARTESIAN_POINT ( 'NONE',  ( 10.85281919956483954, 14.49304723649339977, -7.573987850246159503 ) ) ;
#1767 = ORIENTED_EDGE ( 'NONE', *, *, #3984, .F. ) ;
#1768 = AXIS2_PLACEMENT_3D ( 'NONE', #305, #1025, #384 ) ;
#1769 = FACE_OUTER_BOUND ( 'NONE', #2517, .T. ) ;
#1770 = ORIENTED_EDGE ( 'NONE', *, *, #385, .F. ) ;
#1771 = CARTESIAN_POINT ( 'NONE',  ( 9.950000000000001066, 22.50000000000000000, -7.750000000000000000 ) ) ;
#1772 = LINE ( 'NONE', #3018, #2440 ) ;
#1773 = SURFACE_SIDE_STYLE ('',( #852 ) ) ;
#1774 = VECTOR ( 'NONE', #812, 1000.000000000000114 ) ;
#1775 = UNCERTAINTY_MEASURE_WITH_UNIT (LENGTH_MEASURE( 1.000000000000000082E-05 ), #1300, 'distance_accuracy_value', 'NONE');
#1776 = DIRECTION ( 'NONE',  ( 0.000000000000000000, 1.000000000000000000, 0.000000000000000000 ) ) ;
#1777 =( LENGTH_UNIT ( ) NAMED_UNIT ( * ) SI_UNIT ( .MILLI., .METRE. ) );
#1778 =( GEOMETRIC_REPRESENTATION_CONTEXT ( 3 ) GLOBAL_UNCERTAINTY_ASSIGNED_CONTEXT ( ( #1852 ) ) GLOBAL_UNIT_ASSIGNED_CONTEXT ( ( #3151, #2204, #1897 ) ) REPRESENTATION_CONTEXT ( 'NONE', 'WORKASPACE' ) );
#1779 = VERTEX_POINT ( 'NONE', #2654 ) ;
#1780 =( BOUNDED_SURFACE ( )  B_SPLINE_SURFACE ( 3, 2, ( 
 ( #3853, #3496, #622 ),
 ( #1909, #3575, #950 ),
 ( #1869, #4125, #3534 ),
 ( #660, #3165, #2897 ),
 ( #2524, #1562, #1889 ),
 ( #2840, #54, #3812 ),
 ( #3189, #1316, #3869 ),
 ( #2274, #1716, #141 ),
 ( #3906, #3928, #702 ),
 ( #1672, #1976, #2960 ),
 ( #2398, #2711, #1407 ),
 ( #2379, #3616, #3995 ),
 ( #1693, #106, #3950 ),
 ( #1117, #3634, #2043 ),
 ( #1069, #3286, #2069 ),
 ( #1367, #2353, #2315 ),
 ( #760, #1030, #737 ),
 ( #3325, #2018, #3595 ),
 ( #2648, #780, #1047 ),
 ( #3265, #2939, #719 ) ),
 .UNSPECIFIED., .F., .F., .T. ) 
 B_SPLINE_SURFACE_WITH_KNOTS ( ( 4, 2, 2, 2, 2, 2, 2, 2, 2, 4 ),
 ( 3, 3 ),
 ( 0.03010783002940119885, 0.03052077432670725204, 0.03093371862401329830, 0.03175960721862544633, 0.03258549581323755273, 0.03341138440784965219, 0.03423727300246175165, 0.03506316159707385111, 0.03588905019168599914, 0.03671493878629809859 ),
 ( 0.000000000000000000, 1.000000000000000000 ),
 .UNSPECIFIED. ) 
 GEOMETRIC_REPRESENTATION_ITEM ( )  RATIONAL_B_SPLINE_SURFACE ( (
 ( 1.000000000000000000, 0.9821944218702020057, 1.000000000000000000),
 ( 1.000000000000000000, 0.9832022284087420516, 1.000000000000000000),
 ( 1.000000000000000000, 0.9835079423603340087, 1.000000000000000000),
 ( 1.000000000000000000, 0.9827400507066920143, 1.000000000000000000),
 ( 1.000000000000000000, 0.9816414872190599716, 1.000000000000000000),
 ( 1.000000000000000000, 0.9766750899609389913, 1.000000000000000000),
 ( 1.000000000000000000, 0.9710880817273639387, 1.000000000000000000),
 ( 1.000000000000000000, 0.9573115907140720138, 1.000000000000000000),
 ( 1.000000000000000000, 0.9490774105507879810, 1.000000000000000000),
 ( 1.000000000000000000, 0.9306179620129940711, 1.000000000000000000),
 ( 1.000000000000000000, 0.9204934271816460623, 1.000000000000000000),
 ( 1.000000000000000000, 0.8996413971063830228, 1.000000000000000000),
 ( 1.000000000000000000, 0.8887785014540080519, 1.000000000000000000),
 ( 1.000000000000000000, 0.8677922374825070007, 1.000000000000000000),
 ( 1.000000000000000000, 0.8578246183177959949, 1.000000000000000000),
 ( 1.000000000000000000, 0.8403298709866350302, 1.000000000000000000),
 ( 1.000000000000000000, 0.8328006008190149689, 1.000000000000000000),
 ( 1.000000000000000000, 0.8223504056656100181, 1.000000000000000000),
 ( 1.000000000000000000, 0.8193011302482670066, 1.000000000000000000),
 ( 1.000000000000000000, 0.8188521380641700098, 1.000000000000000000) ) ) 
 REPRESENTATION_ITEM ( '' )  SURFACE ( )  );
#1781 = EDGE_LOOP ( 'NONE', ( #1721, #887, #3283, #2147, #2831, #2583, #1822 ) ) ;
#1782 = CARTESIAN_POINT ( 'NONE',  ( 6.291150041664922199, 9.552412617742863432, -6.102944023581583721 ) ) ;
#1783 = PLANE ( 'NONE',  #3912 ) ;
#1784 = CARTESIAN_POINT ( 'NONE',  ( 5.408823529411769471, 10.51781285254642029, -9.500000000000000000 ) ) ;
#1785 = CARTESIAN_POINT ( 'NONE',  ( -7.700000000000000178, -0.5000000000000000000, -6.000000000000000000 ) ) ;
#1786 = CARTESIAN_POINT ( 'NONE',  ( -6.339142699365188705, 10.12038541569654093, -5.946068072836837359 ) ) ;
#1787 = CARTESIAN_POINT ( 'NONE',  ( 7.700000000000000178, 3.000000000000000000, 9.500000000000000000 ) ) ;
#1788 = EDGE_LOOP ( 'NONE', ( #4033, #3192, #1046, #1196, #3684 ) ) ;
#1789 = SURFACE_SIDE_STYLE ('',( #509 ) ) ;
#1790 = ORIENTED_EDGE ( 'NONE', *, *, #1245, .T. ) ;
#1791 = EDGE_CURVE ( 'NONE', #600, #2832, #3272, .T. ) ;
#1792 = FILL_AREA_STYLE ('',( #3354 ) ) ;
#1793 = CARTESIAN_POINT ( 'NONE',  ( -9.949999999999358025, 11.07238155971567828, -8.100814104454370224 ) ) ;
#1794 = CARTESIAN_POINT ( 'NONE',  ( -11.19999999999999929, 12.91323064363050044, -6.288328210718760580 ) ) ;
#1795 = COLOUR_RGB ( '',0.8078431372549019773, 0.8078431372549019773, 0.8078431372549019773 ) ;
#1796 = EDGE_CURVE ( 'NONE', #1415, #2068, #2714, .T. ) ;
#1797 = AXIS2_PLACEMENT_3D ( 'NONE', #2560, #3829, #3885 ) ;
#1798 =( NAMED_UNIT ( * ) SI_UNIT ( $, .STERADIAN. ) SOLID_ANGLE_UNIT ( ) );
#1799 = CARTESIAN_POINT ( 'NONE',  ( 10.25447822001612153, 16.59012185879489110, -7.881636257128562306 ) ) ;
#1800 = ADVANCED_FACE ( 'NONE', ( #2261 ), #3621, .F. ) ;
#1801 = EDGE_LOOP ( 'NONE', ( #133, #1221, #1566, #4026 ) ) ;
#1802 =( GEOMETRIC_REPRESENTATION_CONTEXT ( 3 ) GLOBAL_UNCERTAINTY_ASSIGNED_CONTEXT ( ( #3248 ) ) GLOBAL_UNIT_ASSIGNED_CONTEXT ( ( #2349, #1362, #2014 ) ) REPRESENTATION_CONTEXT ( 'NONE', 'WORKASPACE' ) );
#1803 = EDGE_LOOP ( 'NONE', ( #758, #2352, #2057, #2806 ) ) ;
#1804 = CARTESIAN_POINT ( 'NONE',  ( 6.219790632584400569, 9.617953540105110832, -6.168037404540459789 ) ) ;
#1805 = DIRECTION ( 'NONE',  ( 0.6853000115716569862, 0.7282608695652178499, 0.000000000000000000 ) ) ;
#1806 = CYLINDRICAL_SURFACE ( 'NONE', #968, 2.200000000000000622 ) ;
#1807 = DIRECTION ( 'NONE',  ( 0.000000000000000000, 0.000000000000000000, 1.000000000000000000 ) ) ;
#1808 = SURFACE_STYLE_USAGE ( .BOTH. , #1457 ) ;
#1809 = SURFACE_STYLE_USAGE ( .BOTH. , #3661 ) ;
#1810 = CARTESIAN_POINT ( 'NONE',  ( -5.428425395143798404, 11.21033546755071164, -7.457303100500991100 ) ) ;
#1811 = CARTESIAN_POINT ( 'NONE',  ( 1.000000000000000000, 22.50000000000000000, -9.500000000000000000 ) ) ;
#1812 = ORIENTED_EDGE ( 'NONE', *, *, #701, .F. ) ;
#1813 = VERTEX_POINT ( 'NONE', #1383 ) ;
#1814 = LINE ( 'NONE', #631, #3396 ) ;
#1815 = FILL_AREA_STYLE_COLOUR ( '', #2985 ) ;
#1816 = CARTESIAN_POINT ( 'NONE',  ( -10.02371535008944115, 17.10231528917769950, -8.075130055705040277 ) ) ;
#1817 = CARTESIAN_POINT ( 'NONE',  ( -5.408823529411769471, 10.51781285254642029, -9.500000000000000000 ) ) ;
#1818 =( GEOMETRIC_REPRESENTATION_CONTEXT ( 3 ) GLOBAL_UNCERTAINTY_ASSIGNED_CONTEXT ( ( #2048 ) ) GLOBAL_UNIT_ASSIGNED_CONTEXT ( ( #2359, #1459, #2444 ) ) REPRESENTATION_CONTEXT ( 'NONE', 'WORKASPACE' ) );
#1819 = ADVANCED_FACE ( 'NONE', ( #2915 ), #2284, .F. ) ;
#1820 = CARTESIAN_POINT ( 'NONE',  ( 7.700000000000000178, 13.78637463822520104, -9.500000000000000000 ) ) ;
#1821 = CARTESIAN_POINT ( 'NONE',  ( 10.52940852017822237, 15.93736838410520562, -7.630464062557718030 ) ) ;
#1822 = ORIENTED_EDGE ( 'NONE', *, *, #2796, .F. ) ;
#1823 = ORIENTED_EDGE ( 'NONE', *, *, #2278, .T. ) ;
#1824 = VECTOR ( 'NONE', #926, 1000.000000000000000 ) ;
#1825 =( GEOMETRIC_REPRESENTATION_CONTEXT ( 3 ) GLOBAL_UNCERTAINTY_ASSIGNED_CONTEXT ( ( #125 ) ) GLOBAL_UNIT_ASSIGNED_CONTEXT ( ( #972, #372, #2546 ) ) REPRESENTATION_CONTEXT ( 'NONE', 'WORKASPACE' ) );
#1826 = CARTESIAN_POINT ( 'NONE',  ( 6.099207846015718637, 10.48638322552164581, -6.079280381419800428 ) ) ;
#1827 = SURFACE_STYLE_FILL_AREA ( #270 ) ;
#1828 =( NAMED_UNIT ( * ) PLANE_ANGLE_UNIT ( ) SI_UNIT ( $, .RADIAN. ) );
#1829 = CARTESIAN_POINT ( 'NONE',  ( 5.503883240660473852, 11.26131930574562112, -6.848210659204290174 ) ) ;
#1830 = EDGE_LOOP ( 'NONE', ( #1648, #1453, #1770, #1666, #2346, #3092 ) ) ;
#1831 = COLOUR_RGB ( '',0.8078431372549019773, 0.8078431372549019773, 0.8078431372549019773 ) ;
#1832 = CARTESIAN_POINT ( 'NONE',  ( 10.97622058157284108, 14.00750024678745298, -7.231414689138135010 ) ) ;
#1833 = ORIENTED_EDGE ( 'NONE', *, *, #1364, .F. ) ;
#1834 = AXIS2_PLACEMENT_3D ( 'NONE', #1345, #3240, #3590 ) ;
#1835 = DIRECTION ( 'NONE',  ( 0.000000000000000000, 0.000000000000000000, -1.000000000000000000 ) ) ;
#1836 = CARTESIAN_POINT ( 'NONE',  ( 8.504067762555093779, 13.57833245820096835, -9.406402460435682400 ) ) ;
#1837 = CARTESIAN_POINT ( 'NONE',  ( 10.71559593600887439, 15.40950688748178798, -7.413597837883036945 ) ) ;
#1838 = ORIENTED_EDGE ( 'NONE', *, *, #3729, .T. ) ;
#1839 = EDGE_LOOP ( 'NONE', ( #1862, #2228, #4015, #772, #3068, #1028 ) ) ;
#1840 = UNCERTAINTY_MEASURE_WITH_UNIT (LENGTH_MEASURE( 1.000000000000000082E-05 ), #3879, 'distance_accuracy_value', 'NONE');
#1841 = CARTESIAN_POINT ( 'NONE',  ( 8.300000000000000711, 2.500000000000000000, -6.000000000000000000 ) ) ;
#1842 = CARTESIAN_POINT ( 'NONE',  ( -9.950000000000001066, 6.500000000000000000, 8.680951323690910826 ) ) ;
#1843 = EDGE_CURVE ( 'NONE', #3632, #678, #341, .T. ) ;
#1844 = STYLED_ITEM ( 'NONE', ( #255 ), #3368 ) ;
#1845 = EDGE_CURVE ( 'NONE', #3664, #3105, #1709, .T. ) ;
#1846 = CARTESIAN_POINT ( 'NONE',  ( 9.665243567100720412, 11.50000000178585502, -7.248476874256987834 ) ) ;
#1847 = FACE_OUTER_BOUND ( 'NONE', #254, .T. ) ;
#1848 = DIRECTION ( 'NONE',  ( 0.000000000000000000, 0.000000000000000000, 1.000000000000000000 ) ) ;
#1849 = ORIENTED_EDGE ( 'NONE', *, *, #2409, .F. ) ;
#1850 = CARTESIAN_POINT ( 'NONE',  ( 10.73747617411559219, 14.74721252559692353, -7.742227203681303571 ) ) ;
#1851 = ADVANCED_FACE ( 'NONE', ( #2331 ), #1023, .T. ) ;
#1852 = UNCERTAINTY_MEASURE_WITH_UNIT (LENGTH_MEASURE( 1.000000000000000082E-05 ), #3151, 'distance_accuracy_value', 'NONE');
#1853 = VECTOR ( 'NONE', #1661, 1000.000000000000000 ) ;
#1854 = CARTESIAN_POINT ( 'NONE',  ( -6.467614245776204029, 10.55931300060163736, -5.957123624977936238 ) ) ;
#1855 = CARTESIAN_POINT ( 'NONE',  ( 5.837235184525989773, 11.15927659695807961, -5.720369370020709887 ) ) ;
#1856 = LINE ( 'NONE', #4029, #202 ) ;
#1857 = CARTESIAN_POINT ( 'NONE',  ( 8.355133593551032689, 13.63906875119387152, -9.438164902858638072 ) ) ;
#1858 = CARTESIAN_POINT ( 'NONE',  ( -10.13398587106721571, 16.83986684396420941, -7.970916651826325250 ) ) ;
#1859 = CARTESIAN_POINT ( 'NONE',  ( -9.526438488319334041, 12.63048455266451597, -8.985793553783414822 ) ) ;
#1860 = EDGE_CURVE ( 'NONE', #2095, #3255, #2345, .T. ) ;
#1861 = ORIENTED_EDGE ( 'NONE', *, *, #3797, .T. ) ;
#1862 = ORIENTED_EDGE ( 'NONE', *, *, #690, .F. ) ;
#1863 = EDGE_CURVE ( 'NONE', #518, #928, #3506, .T. ) ;
#1864 = FILL_AREA_STYLE ('',( #1289 ) ) ;
#1865 = SURFACE_STYLE_FILL_AREA ( #840 ) ;
#1866 = PRESENTATION_LAYER_ASSIGNMENT (  '', '', ( #2743 ) ) ;
#1867 = CARTESIAN_POINT ( 'NONE',  ( 6.488955934432438788, 9.912351359340496160, -5.870349868609578081 ) ) ;
#1868 = CARTESIAN_POINT ( 'NONE',  ( 5.549999999999999822, 6.500000000000000000, 9.500000000000000000 ) ) ;
#1869 = CARTESIAN_POINT ( 'NONE',  ( -5.553238552150919993, 10.44928218037603962, -7.610604271786419517 ) ) ;
#1870 = CARTESIAN_POINT ( 'NONE',  ( 9.543438343106609878, 11.50000000000000000, -6.475802641081470412 ) ) ;
#1871 = DIRECTION ( 'NONE',  ( 0.000000000000000000, 0.3420201433256695456, 0.9396926207859082059 ) ) ;
#1872 = CARTESIAN_POINT ( 'NONE',  ( 1.300000000000000044, -0.5000000000000000000, 6.000000000000000000 ) ) ;
#1873 = ORIENTED_EDGE ( 'NONE', *, *, #1639, .T. ) ;
#1874 = EDGE_CURVE ( 'NONE', #310, #487, #4020, .T. ) ;
#1875 = CARTESIAN_POINT ( 'NONE',  ( 0.000000000000000000, 6.500000000000000000, 0.000000000000000000 ) ) ;
#1876 = EDGE_CURVE ( 'NONE', #3351, #3297, #1066, .T. ) ;
#1877 = DIRECTION ( 'NONE',  ( 1.000000000000000000, 0.000000000000000000, 0.000000000000000000 ) ) ;
#1878 = DIRECTION ( 'NONE',  ( 0.000000000000000000, 0.000000000000000000, -1.000000000000000000 ) ) ;
#1879 = CARTESIAN_POINT ( 'NONE',  ( 5.577831458447509938, 10.47959100868071936, -7.393802821598839614 ) ) ;
#1880 = CARTESIAN_POINT ( 'NONE',  ( -8.626633342088780410, 13.51974655457842012, -9.375094915737951951 ) ) ;
#1881 = PLANE ( 'NONE',  #318 ) ;
#1882 = DIRECTION ( 'NONE',  ( 0.000000000000000000, 0.000000000000000000, -1.000000000000000000 ) ) ;
#1883 = VERTEX_POINT ( 'NONE', #873 ) ;
#1884 = ORIENTED_EDGE ( 'NONE', *, *, #2266, .T. ) ;
#1885 = CARTESIAN_POINT ( 'NONE',  ( 9.950000000000001066, 10.62139526040050086, -8.889044851105680323 ) ) ;
#1886 = PRESENTATION_STYLE_ASSIGNMENT (( #1518 ) ) ;
#1887 = VERTEX_POINT ( 'NONE', #1511 ) ;
#1888 = EDGE_LOOP ( 'NONE', ( #1974, #1812, #33 ) ) ;
#1889 = CARTESIAN_POINT ( 'NONE',  ( -5.436952652575690159, 11.23018652754251967, -7.343181631907869544 ) ) ;
#1890 = CARTESIAN_POINT ( 'NONE',  ( 7.750000000000000000, 3.000000000000000000, -7.750000000000000000 ) ) ;
#1891 = CARTESIAN_POINT ( 'NONE',  ( -5.412412801149216968, 11.15174665876793902, -7.731341007935810694 ) ) ;
#1892 = CARTESIAN_POINT ( 'NONE',  ( 5.819961814449687409, 10.10771205315294274, -6.693475395529655536 ) ) ;
#1893 = ORIENTED_EDGE ( 'NONE', *, *, #1561, .T. ) ;
#1894 = DIRECTION ( 'NONE',  ( 1.000000000000000000, 0.000000000000000000, 0.000000000000000000 ) ) ;
#1895 = STYLED_ITEM ( 'NONE', ( #552 ), #874 ) ;
#1896 = PRESENTATION_STYLE_ASSIGNMENT (( #665 ) ) ;
#1897 =( NAMED_UNIT ( * ) SI_UNIT ( $, .STERADIAN. ) SOLID_ANGLE_UNIT ( ) );
#1898 = CARTESIAN_POINT ( 'NONE',  ( 5.408823527995789249, 11.11084745538791907, -7.870650830164080070 ) ) ;
#1899 = SURFACE_SIDE_STYLE ('',( #359 ) ) ;
#1900 = CARTESIAN_POINT ( 'NONE',  ( 8.831809139813950438, 13.40005608861785369, -9.312014817226470953 ) ) ;
#1901 = DIRECTION ( 'NONE',  ( 0.000000000000000000, 1.000000000000000000, 0.000000000000000000 ) ) ;
#1902 = CARTESIAN_POINT ( 'NONE',  ( -9.312747461934144155, 12.96366019058750929, -9.106447101490138252 ) ) ;
#1903 = STYLED_ITEM ( 'NONE', ( #2774 ), #3973 ) ;
#1904 = FACE_OUTER_BOUND ( 'NONE', #2758, .T. ) ;
#1905 = MECHANICAL_DESIGN_GEOMETRIC_PRESENTATION_REPRESENTATION (  '', ( #1182 ), #2974 ) ;
#1906 = STYLED_ITEM ( 'NONE', ( #930 ), #506 ) ;
#1907 = DIRECTION ( 'NONE',  ( 1.000000000000000000, 0.000000000000000000, 0.000000000000000000 ) ) ;
#1908 = CARTESIAN_POINT ( 'NONE',  ( -9.950000000000001066, 1.047106842509882174, 8.680951323690910826 ) ) ;
#1909 = CARTESIAN_POINT ( 'NONE',  ( -5.549999999999999822, 10.41729158951425838, -7.680937086381200096 ) ) ;
#1910 = DIRECTION ( 'NONE',  ( -0.000000000000000000, 1.000000000000000000, 0.000000000000000000 ) ) ;
#1911 = CARTESIAN_POINT ( 'NONE',  ( 5.804014720088446211, 10.13214270248855442, -6.723285118145406969 ) ) ;
#1912 = DIRECTION ( 'NONE',  ( 0.000000000000000000, -1.000000000000000000, 0.000000000000000000 ) ) ;
#1913 = COLOUR_RGB ( '',0.8078431372549019773, 0.8078431372549019773, 0.8078431372549019773 ) ;
#1914 = CARTESIAN_POINT ( 'NONE',  ( 7.750000000000000000, 10.45956135341902105, -5.549999999999999822 ) ) ;
#1915 = FILL_AREA_STYLE_COLOUR ( '', #3873 ) ;
#1916 = CARTESIAN_POINT ( 'NONE',  ( -6.877941585375583422, 9.176413981610473058, -5.729561425264975583 ) ) ;
#1917 = CARTESIAN_POINT ( 'NONE',  ( 5.973878199341470463, 9.889412768248080354, -6.444759241891381052 ) ) ;
#1918 =( NAMED_UNIT ( * ) PLANE_ANGLE_UNIT ( ) SI_UNIT ( $, .RADIAN. ) );
#1919 = CARTESIAN_POINT ( 'NONE',  ( -10.46982274496625820, 16.09018452253723552, -7.691155498137776547 ) ) ;
#1920 = FILL_AREA_STYLE_COLOUR ( '', #3170 ) ;
#1921 =( BOUNDED_SURFACE ( )  B_SPLINE_SURFACE ( 3, 2, ( 
 ( #2131, #3406, #2457 ),
 ( #3741, #858, #3008 ),
 ( #3658, #781, #3343 ),
 ( #1885, #2477, #3429 ) ),
 .UNSPECIFIED., .F., .F., .F. ) 
 B_SPLINE_SURFACE_WITH_KNOTS ( ( 4, 4 ),
 ( 3, 3 ),
 ( 0.002655349263007004620, 0.004854541664596770389 ),
 ( 0.000000000000000000, 1.000000000000000000 ),
 .UNSPECIFIED. ) 
 GEOMETRIC_REPRESENTATION_ITEM ( )  RATIONAL_B_SPLINE_SURFACE ( (
 ( 1.000000000000000000, 0.9475274325138040021, 1.000000000000000000),
 ( 1.000000000000000000, 0.9638331509790750706, 1.000000000000000000),
 ( 1.000000000000000000, 0.9721439415145820551, 1.000000000000000000),
 ( 1.000000000000000000, 0.9742093565086550333, 1.000000000000000000) ) ) 
 REPRESENTATION_ITEM ( '' )  SURFACE ( )  );
#1922 = EDGE_CURVE ( 'NONE', #1415, #2119, #1607, .T. ) ;
#1923 = APPLICATION_PROTOCOL_DEFINITION ( 'draft international standard', 'automotive_design', 1998, #715 ) ;
#1924 = COLOUR_RGB ( '',0.8078431372549019773, 0.8078431372549019773, 0.8078431372549019773 ) ;
#1925 = DIRECTION ( 'NONE',  ( 1.000000000000000000, 0.000000000000000000, 0.000000000000000000 ) ) ;
#1926 = ADVANCED_FACE ( 'NONE', ( #4028 ), #2350, .T. ) ;
#1927 = CARTESIAN_POINT ( 'NONE',  ( 9.863200747262276025, 11.21720927605623253, -8.751810568418642688 ) ) ;
#1928 = FACE_OUTER_BOUND ( 'NONE', #1578, .T. ) ;
#1929 = EDGE_LOOP ( 'NONE', ( #2821, #3394 ) ) ;
#1930 = DIRECTION ( 'NONE',  ( 0.000000000000000000, 0.000000000000000000, 1.000000000000000000 ) ) ;
#1931 = LINE ( 'NONE', #2565, #1756 ) ;
#1932 = STYLED_ITEM ( 'NONE', ( #2468 ), #1926 ) ;
#1933 = CARTESIAN_POINT ( 'NONE',  ( 5.846616490717096326, 10.06816961907916941, -6.646616963165879355 ) ) ;
#1934 = CARTESIAN_POINT ( 'NONE',  ( 9.765856546063925947, 11.20421536191009970, -6.866866651768209984 ) ) ;
#1935 = CARTESIAN_POINT ( 'NONE',  ( 9.147706570892445654, 11.02441631553546131, -6.048914535010928795 ) ) ;
#1936 = CARTESIAN_POINT ( 'NONE',  ( 5.408823529411769471, 10.51781285254642029, -9.500000000000000000 ) ) ;
#1937 = CARTESIAN_POINT ( 'NONE',  ( -6.422715335143056592, 9.443345746040328947, -5.995464703951693508 ) ) ;
#1938 = DIRECTION ( 'NONE',  ( 0.000000000000000000, 1.000000000000000000, 0.000000000000000000 ) ) ;
#1939 = CARTESIAN_POINT ( 'NONE',  ( 7.081090440396629937, 9.100017568432889448, -5.649280025869280131 ) ) ;
#1940 = CARTESIAN_POINT ( 'NONE',  ( -8.538235505953846172, 13.56277362564015831, -9.398141637409212379 ) ) ;
#1941 = COLOUR_RGB ( '',0.8078431372549019773, 0.8078431372549019773, 0.8078431372549019773 ) ;
#1942 = DIRECTION ( 'NONE',  ( 0.000000000000000000, -1.000000000000000000, 0.000000000000000000 ) ) ;
#1943 = CARTESIAN_POINT ( 'NONE',  ( -10.50807072784714791, 15.99279049831157629, -7.652575014622977179 ) ) ;
#1944 = CARTESIAN_POINT ( 'NONE',  ( -8.821107498209634912, 13.40950849870342942, -9.316713823087956925 ) ) ;
#1945 = COLOUR_RGB ( '',0.8078431372549019773, 0.8078431372549019773, 0.8078431372549019773 ) ;
#1946 = EDGE_CURVE ( 'NONE', #1005, #3739, #1138, .T. ) ;
#1947 =( LENGTH_UNIT ( ) NAMED_UNIT ( * ) SI_UNIT ( .MILLI., .METRE. ) );
#1948 = LINE ( 'NONE', #1650, #3921 ) ;
#1949 = CARTESIAN_POINT ( 'NONE',  ( -7.500000000000000000, 12.39380805885001990, -6.773526244851500344 ) ) ;
#1950 = ORIENTED_EDGE ( 'NONE', *, *, #1112, .F. ) ;
#1951 = VECTOR ( 'NONE', #2199, 1000.000000000000000 ) ;
#1952 = SURFACE_STYLE_USAGE ( .BOTH. , #2585 ) ;
#1953 = CARTESIAN_POINT ( 'NONE',  ( 6.690687164227471229, 10.49579849701693668, -5.802759443619255997 ) ) ;
#1954 = FILL_AREA_STYLE ('',( #2941 ) ) ;
#1955 = CARTESIAN_POINT ( 'NONE',  ( 9.845567396869260079, 11.03950064647252916, -7.080214709705838771 ) ) ;
#1956 = CARTESIAN_POINT ( 'NONE',  ( -8.763759073490463791, 10.76796736253856857, -5.797436811621008879 ) ) ;
#1957 = CARTESIAN_POINT ( 'NONE',  ( 9.950000000000001066, 22.50000000000000000, -7.750000000000000000 ) ) ;
#1958 = CARTESIAN_POINT ( 'NONE',  ( -6.259994790605449388, 10.62956498582312115, -6.131394280259369722 ) ) ;
#1959 = CARTESIAN_POINT ( 'NONE',  ( -5.951130292847292225, 9.923090875552079027, -6.483267082686422711 ) ) ;
#1960 = PRESENTATION_STYLE_ASSIGNMENT (( #3275 ) ) ;
#1961 = CARTESIAN_POINT ( 'NONE',  ( 7.262584184401044141, 10.41723278795620011, -5.595189600903917260 ) ) ;
#1962 = STYLED_ITEM ( 'NONE', ( #2650 ), #1363 ) ;
#1963 = CARTESIAN_POINT ( 'NONE',  ( -8.589069220935641624, 13.53852708059591414, -9.385164987888067856 ) ) ;
#1964 = ORIENTED_EDGE ( 'NONE', *, *, #402, .T. ) ;
#1965 = STYLED_ITEM ( 'NONE', ( #2629 ), #3791 ) ;
#1966 = PRESENTATION_LAYER_ASSIGNMENT (  '', '', ( #3785 ) ) ;
#1967 = LINE ( 'NONE', #1085, #3279 ) ;
#1968 = DIRECTION ( 'NONE',  ( 0.000000000000000000, -0.9396926207859080948, 0.3420201433256697676 ) ) ;
#1969 = DIRECTION ( 'NONE',  ( 0.000000000000000000, 0.3420201433256691570, 0.9396926207859084279 ) ) ;
#1970 = AXIS2_PLACEMENT_3D ( 'NONE', #2520, #4054, #1185 ) ;
#1971 = CARTESIAN_POINT ( 'NONE',  ( 11.17692316733854341, 12.98871035783854566, -6.323281949150844738 ) ) ;
#1972 =( NAMED_UNIT ( * ) SI_UNIT ( $, .STERADIAN. ) SOLID_ANGLE_UNIT ( ) );
#1973 = VERTEX_POINT ( 'NONE', #2531 ) ;
#1974 = ORIENTED_EDGE ( 'NONE', *, *, #2927, .F. ) ;
#1975 = PRESENTATION_LAYER_ASSIGNMENT (  '', '', ( #2848 ) ) ;
#1976 = CARTESIAN_POINT ( 'NONE',  ( -6.146681714444610201, 10.62104860837499309, -6.207095001372877618 ) ) ;
#1977 = LINE ( 'NONE', #3889, #762 ) ;
#1978 = CARTESIAN_POINT ( 'NONE',  ( -9.531592315316169461, 11.47871458806270084, -6.459129305271908983 ) ) ;
#1979 = ADVANCED_FACE ( 'NONE', ( #2222 ), #3218, .T. ) ;
#1980 =( LENGTH_UNIT ( ) NAMED_UNIT ( * ) SI_UNIT ( .MILLI., .METRE. ) );
#1981 = CARTESIAN_POINT ( 'NONE',  ( -9.186829046410654342, 11.06016762256617447, -6.083976374216121918 ) ) ;
#1982 = FACE_BOUND ( 'NONE', #505, .T. ) ;
#1983 = EDGE_CURVE ( 'NONE', #659, #3664, #541, .T. ) ;
#1984 = CARTESIAN_POINT ( 'NONE',  ( -5.596944625490197112, 10.46079779818553845, -7.297930691361282030 ) ) ;
#1985 = MECHANICAL_DESIGN_GEOMETRIC_PRESENTATION_REPRESENTATION (  '', ( #3801 ), #1186 ) ;
#1986 =( NAMED_UNIT ( * ) PLANE_ANGLE_UNIT ( ) SI_UNIT ( $, .RADIAN. ) );
#1987 = DIRECTION ( 'NONE',  ( 0.000000000000000000, 1.000000000000000000, 0.000000000000000000 ) ) ;
#1988 = CARTESIAN_POINT ( 'NONE',  ( 7.784016324267136078, 7.058431355539578789, -0.8275203632994403424 ) ) ;
#1989 = ORIENTED_EDGE ( 'NONE', *, *, #899, .F. ) ;
#1990 = SURFACE_SIDE_STYLE ('',( #2642 ) ) ;
#1991 = DIRECTION ( 'NONE',  ( 0.000000000000000000, 0.3420201433256695456, 0.9396926207859082059 ) ) ;
#1992 = CYLINDRICAL_SURFACE ( 'NONE', #2272, 6.000000000000000000 ) ;
#1993 = AXIS2_PLACEMENT_3D ( 'NONE', #637, #1901, #1598 ) ;
#1994 = ORIENTED_EDGE ( 'NONE', *, *, #3234, .T. ) ;
#1995 = EDGE_LOOP ( 'NONE', ( #2773, #367, #3015, #1386, #2405, #1653 ) ) ;
#1996 = AXIS2_PLACEMENT_3D ( 'NONE', #2118, #232, #1526 ) ;
#1997 = CARTESIAN_POINT ( 'NONE',  ( -5.408823529411769471, 10.51781285254642029, -9.500000000000000000 ) ) ;
#1998 = SURFACE_STYLE_USAGE ( .BOTH. , #720 ) ;
#1999 = DIRECTION ( 'NONE',  ( 0.000000000000000000, 0.000000000000000000, 1.000000000000000000 ) ) ;
#2000 =( GEOMETRIC_REPRESENTATION_CONTEXT ( 3 ) GLOBAL_UNCERTAINTY_ASSIGNED_CONTEXT ( ( #277 ) ) GLOBAL_UNIT_ASSIGNED_CONTEXT ( ( #595, #916, #3756 ) ) REPRESENTATION_CONTEXT ( 'NONE', 'WORKASPACE' ) );
#2001 = DIRECTION ( 'NONE',  ( 0.000000000000000000, 0.000000000000000000, 1.000000000000000000 ) ) ;
#2002 = UNCERTAINTY_MEASURE_WITH_UNIT (LENGTH_MEASURE( 1.000000000000000082E-05 ), #1675, 'distance_accuracy_value', 'NONE');
#2003 = CARTESIAN_POINT ( 'NONE',  ( -8.224161965039618494, 10.55314125903627698, -5.601487049856753053 ) ) ;
#2004 = STYLED_ITEM ( 'NONE', ( #522 ), #2163 ) ;
#2005 = CARTESIAN_POINT ( 'NONE',  ( 9.506470999590499460, 11.43708553421550000, -6.425307723432509555 ) ) ;
#2006 = CARTESIAN_POINT ( 'NONE',  ( 10.79259338060832896, 15.21970309750173378, -7.704115833409275638 ) ) ;
#2007 = CARTESIAN_POINT ( 'NONE',  ( -5.762710354149488623, 10.19735430248319297, -6.805844782222449929 ) ) ;
#2008 = DIRECTION ( 'NONE',  ( 0.000000000000000000, -0.9396926207859080948, 0.3420201433256693790 ) ) ;
#2009 = DIRECTION ( 'NONE',  ( 0.000000000000000000, 1.000000000000000000, 0.000000000000000000 ) ) ;
#2010 = FILL_AREA_STYLE_COLOUR ( '', #2955 ) ;
#2011 = VECTOR ( 'NONE', #3000, 1000.000000000000000 ) ;
#2012 = ORIENTED_EDGE ( 'NONE', *, *, #993, .F. ) ;
#2013 = CARTESIAN_POINT ( 'NONE',  ( 7.750000000000000000, 6.500000000000000000, 7.750000000000000000 ) ) ;
#2014 =( NAMED_UNIT ( * ) SI_UNIT ( $, .STERADIAN. ) SOLID_ANGLE_UNIT ( ) );
#2015 = VECTOR ( 'NONE', #1321, 1000.000000000000000 ) ;
#2016 = ORIENTED_EDGE ( 'NONE', *, *, #1845, .F. ) ;
#2017 = VECTOR ( 'NONE', #3860, 1000.000000000000000 ) ;
#2018 = CARTESIAN_POINT ( 'NONE',  ( -7.441786790621247150, 10.42760476186612095, -5.568884071736238006 ) ) ;
#2019 =( NAMED_UNIT ( * ) PLANE_ANGLE_UNIT ( ) SI_UNIT ( $, .RADIAN. ) );
#2020 =( NAMED_UNIT ( * ) SI_UNIT ( $, .STERADIAN. ) SOLID_ANGLE_UNIT ( ) );
#2021 = CARTESIAN_POINT ( 'NONE',  ( -7.750000000000000000, 6.500000000000000000, 7.750000000000000000 ) ) ;
#2022 = B_SPLINE_CURVE_WITH_KNOTS ( 'NONE', 3,
 ( #3524, #1304, #2282, #2615, #1612, #45, #2575, #3896, #980, #1020, #2265, #3486, #3822, #941, #2223, #669, #3505, #317, #710, #1442, #2658, #1988, #423, #3667, #3607, #173, #1723, #728, #3583, #1665, #2387, #401, #771, #3625, #1418, #467, #152, #3646, #1058, #3314, #444 ),
 .UNSPECIFIED., .F., .F.,
 ( 4, 2, 1, 1, 2, 2, 2, 1, 2, 2, 2, 2, 2, 2, 1, 2, 2, 2, 1, 1, 1, 2, 2, 4 ),
 ( 0.000000000000000000, 0.06249999999999962530, 0.09374999999999944489, 0.1093749999999993894, 0.1171874999999992784, 0.1249999999999991812, 0.1874999999999982236, 0.2187499999999976963, 0.2343749999999975298, 0.2499999999999973910, 0.3124999999999968359, 0.3437499999999966693, 0.3749999999999965028, 0.4374999999999961142, 0.4687499999999957256, 0.4843749999999957812, 0.4999999999999957812, 0.6249999999999958922, 0.6874999999999957812, 0.7187499999999956701, 0.7343749999999957812, 0.7421874999999961142, 0.7499999999999963363, 1.000000000000000000 ),
 .UNSPECIFIED. ) ;
#2023 = DIRECTION ( 'NONE',  ( 0.000000000000000000, -0.9396926207859082059, 0.3420201433256691570 ) ) ;
#2024 = COLOUR_RGB ( '',0.8078431372549019773, 0.8078431372549019773, 0.8078431372549019773 ) ;
#2025 = FILL_AREA_STYLE_COLOUR ( '', #752 ) ;
#2026 = PRESENTATION_LAYER_ASSIGNMENT (  '', '', ( #3842 ) ) ;
#2027 = CARTESIAN_POINT ( 'NONE',  ( 10.92505868254580115, 14.73142193618880036, -7.124277035642629485 ) ) ;
#2028 = CARTESIAN_POINT ( 'NONE',  ( -8.408661224787724819, 7.551315522721233187, -1.691676362120999366 ) ) ;
#2029 =( NAMED_UNIT ( * ) SI_UNIT ( $, .STERADIAN. ) SOLID_ANGLE_UNIT ( ) );
#2030 = DIRECTION ( 'NONE',  ( 0.000000000000000000, 1.000000000000000000, 0.000000000000000000 ) ) ;
#2031 = STYLED_ITEM ( 'NONE', ( #307 ), #83 ) ;
#2032 = ORIENTED_EDGE ( 'NONE', *, *, #1140, .F. ) ;
#2033 = COLOUR_RGB ( '',0.8078431372549019773, 0.8078431372549019773, 0.8078431372549019773 ) ;
#2034 = SURFACE_STYLE_USAGE ( .BOTH. , #3319 ) ;
#2035 = CARTESIAN_POINT ( 'NONE',  ( -11.19999999999999929, 12.30000000000000071, -6.000000000000000000 ) ) ;
#2036 =( NAMED_UNIT ( * ) SI_UNIT ( $, .STERADIAN. ) SOLID_ANGLE_UNIT ( ) );
#2037 = SURFACE_SIDE_STYLE ('',( #1045 ) ) ;
#2038 = STYLED_ITEM ( 'NONE', ( #2884 ), #3725 ) ;
#2039 = UNCERTAINTY_MEASURE_WITH_UNIT (LENGTH_MEASURE( 1.000000000000000082E-05 ), #4097, 'distance_accuracy_value', 'NONE');
#2040 = MECHANICAL_DESIGN_GEOMETRIC_PRESENTATION_REPRESENTATION (  '', ( #4048 ), #3452 ) ;
#2041 = FACE_OUTER_BOUND ( 'NONE', #3593, .T. ) ;
#2042 = VERTEX_POINT ( 'NONE', #2970 ) ;
#2043 = CARTESIAN_POINT ( 'NONE',  ( -6.438950831941789410, 10.99562183157946116, -4.800889829776069817 ) ) ;
#2044 = AXIS2_PLACEMENT_3D ( 'NONE', #2858, #3223, #693 ) ;
#2045 = FILL_AREA_STYLE_COLOUR ( '', #2570 ) ;
#2046 = SURFACE_STYLE_USAGE ( .BOTH. , #1120 ) ;
#2047 =( NAMED_UNIT ( * ) SI_UNIT ( $, .STERADIAN. ) SOLID_ANGLE_UNIT ( ) );
#2048 = UNCERTAINTY_MEASURE_WITH_UNIT (LENGTH_MEASURE( 1.000000000000000082E-05 ), #2359, 'distance_accuracy_value', 'NONE');
#2049 = STYLED_ITEM ( 'NONE', ( #4118 ), #4086 ) ;
#2050 = CARTESIAN_POINT ( 'NONE',  ( -8.928860618176496899, 10.86291584164838042, -5.890844403080308211 ) ) ;
#2051 = CARTESIAN_POINT ( 'NONE',  ( 11.19999999999999929, 12.85309489157739904, -6.403648474507400046 ) ) ;
#2052 = ORIENTED_EDGE ( 'NONE', *, *, #3177, .T. ) ;
#2053 = LINE ( 'NONE', #3395, #2124 ) ;
#2054 = SURFACE_STYLE_FILL_AREA ( #3644 ) ;
#2055 = FILL_AREA_STYLE ('',( #3389 ) ) ;
#2056 = CARTESIAN_POINT ( 'NONE',  ( 7.750000000000000000, -0.5000000000000000000, -7.750000000000000000 ) ) ;
#2057 = ORIENTED_EDGE ( 'NONE', *, *, #1431, .F. ) ;
#2058 = EDGE_CURVE ( 'NONE', #1343, #3083, #2327, .T. ) ;
#2059 = CARTESIAN_POINT ( 'NONE',  ( -6.638376137018434875, 9.672568008405253437, -5.783075866196540460 ) ) ;
#2060 = CIRCLE ( 'NONE', #3660, 3.500000000000000000 ) ;
#2061 = LINE ( 'NONE', #4006, #253 ) ;
#2062 = DIRECTION ( 'NONE',  ( 0.000000000000000000, -1.000000000000000000, 0.000000000000000000 ) ) ;
#2063 = SURFACE_SIDE_STYLE ('',( #102 ) ) ;
#2064 = LINE ( 'NONE', #2688, #2336 ) ;
#2065 = CARTESIAN_POINT ( 'NONE',  ( -9.300457481080501410, 17.10898201222556736, -9.112856818414632798 ) ) ;
#2066 = CARTESIAN_POINT ( 'NONE',  ( 5.549999999999999822, 3.000000000000000000, 9.500000000000000000 ) ) ;
#2067 = ADVANCED_FACE ( 'NONE', ( #2302 ), #2681, .F. ) ;
#2068 = VERTEX_POINT ( 'NONE', #3582 ) ;
#2069 = CARTESIAN_POINT ( 'NONE',  ( -6.559794785218279856, 10.97403833982964017, -4.683978865014060133 ) ) ;
#2070 = FACE_OUTER_BOUND ( 'NONE', #1525, .T. ) ;
#2071 = EDGE_CURVE ( 'NONE', #3263, #2842, #709, .T. ) ;
#2072 = PRESENTATION_LAYER_ASSIGNMENT (  '', '', ( #1129 ) ) ;
#2073 =( BOUNDED_CURVE ( )  B_SPLINE_CURVE ( 3, ( #2580, #2059, #1107, #2599 ),
 .UNSPECIFIED., .F., .F. ) 
 B_SPLINE_CURVE_WITH_KNOTS ( ( 4, 4 ),
 ( 2.397540038420340025, 3.084959066089150159 ),
 .UNSPECIFIED. ) 
 CURVE ( )  GEOMETRIC_REPRESENTATION_ITEM ( )  RATIONAL_B_SPLINE_CURVE ( ( 1.000000000000000000, 0.9610074046710549434, 0.9610074046710549434, 1.000000000000000000 ) ) 
 REPRESENTATION_ITEM ( '' )  );
#2074 = DIRECTION ( 'NONE',  ( 0.000000000000000000, 1.000000000000000000, 0.000000000000000000 ) ) ;
#2075 = CARTESIAN_POINT ( 'NONE',  ( -5.983690729169416578, 10.67014437288728956, -6.146163969275499461 ) ) ;
#2076 = AXIS2_PLACEMENT_3D ( 'NONE', #912, #1894, #4106 ) ;
#2077 = CARTESIAN_POINT ( 'NONE',  ( 8.428260869565219693, 19.29006011803089748, -8.500000000000000000 ) ) ;
#2078 = VERTEX_POINT ( 'NONE', #727 ) ;
#2079 = CARTESIAN_POINT ( 'NONE',  ( -7.506503318024263294, 6.889935957306700054, -0.4283408154166619131 ) ) ;
#2080 = SURFACE_STYLE_USAGE ( .BOTH. , #2996 ) ;
#2081 = ORIENTED_EDGE ( 'NONE', *, *, #1444, .T. ) ;
#2082 = FILL_AREA_STYLE ('',( #1510 ) ) ;
#2083 = CARTESIAN_POINT ( 'NONE',  ( -9.493927706481260387, 17.95735007146449647, -8.314705744352679062 ) ) ;
#2084 =( NAMED_UNIT ( * ) SI_UNIT ( $, .STERADIAN. ) SOLID_ANGLE_UNIT ( ) );
#2085 = B_SPLINE_CURVE_WITH_KNOTS ( 'NONE', 3,
 ( #2852, #3489, #945, #3471, #2516, #283, #3547, #2227, #1220, #3510, #3805, #672, #1859, #4113, #3780, #8, #638, #1288, #2891, #616, #1902, #3526, #919, #300, #3864, #3201, #1614, #1599, #2876, #27, #2556, #655, #3220, #3157, #1309, #983, #1944, #3233, #3544, #1880, #1963, #633, #613, #2847, #3563, #1572, #1940, #652, #2595, #1627 ),
 .UNSPECIFIED., .F., .F.,
 ( 4, 2, 2, 2, 2, 2, 1, 1, 2, 2, 2, 2, 1, 1, 2, 2, 2, 2, 1, 2, 2, 2, 2, 1, 1, 1, 2, 2, 4 ),
 ( 0.000000000000000000, 0.1250000000000206779, 0.1875000000000304201, 0.2187500000000359435, 0.2500000000000414113, 0.3125000000000536793, 0.3437500000000595080, 0.3593750000000613398, 0.3671875000000620060, 0.3750000000000627276, 0.4375000000000598410, 0.4687500000000585643, 0.4843750000000567324, 0.4921875000000565659, 0.4960937500000568434, 0.5000000000000571765, 0.5625000000000688338, 0.5937500000000739409, 0.6093750000000771605, 0.6171875000000786038, 0.6250000000000799361, 0.6875000000000899281, 0.7187500000000952571, 0.7343750000000978106, 0.7421875000000983658, 0.7460937500000989209, 0.7480468750000983658, 0.7500000000000976996, 1.000000000000000000 ),
 .UNSPECIFIED. ) ;
#2086 = CARTESIAN_POINT ( 'NONE',  ( 9.095188143366911504, 18.50548543033295701, -8.427429957110886605 ) ) ;
#2087 = ORIENTED_EDGE ( 'NONE', *, *, #4110, .F. ) ;
#2088 = ORIENTED_EDGE ( 'NONE', *, *, #2980, .F. ) ;
#2089 = PLANE ( 'NONE',  #1633 ) ;
#2090 =( NAMED_UNIT ( * ) PLANE_ANGLE_UNIT ( ) SI_UNIT ( $, .RADIAN. ) );
#2091 =( NAMED_UNIT ( * ) SI_UNIT ( $, .STERADIAN. ) SOLID_ANGLE_UNIT ( ) );
#2092 = AXIS2_PLACEMENT_3D ( 'NONE', #2056, #787, #3277 ) ;
#2093 = CARTESIAN_POINT ( 'NONE',  ( -6.854031273719583872, 9.412636508372635546, -5.688468537236504474 ) ) ;
#2094 = CARTESIAN_POINT ( 'NONE',  ( 10.94953891896215659, 14.62673974135529598, -7.366727663780938684 ) ) ;
#2095 = VERTEX_POINT ( 'NONE', #3957 ) ;
#2096 = DIRECTION ( 'NONE',  ( 0.000000000000000000, 0.000000000000000000, -1.000000000000000000 ) ) ;
#2097 = FACE_OUTER_BOUND ( 'NONE', #736, .T. ) ;
#2098 = AXIS2_PLACEMENT_3D ( 'NONE', #432, #389, #1655 ) ;
#2099 = ORIENTED_EDGE ( 'NONE', *, *, #3551, .T. ) ;
#2100 = CARTESIAN_POINT ( 'NONE',  ( -9.950000000000001066, 10.46720117961130114, -7.429060558832879302 ) ) ;
#2101 = CARTESIAN_POINT ( 'NONE',  ( -8.698956208459950545, 19.00239511581079555, -9.439181099292733634 ) ) ;
#2102 = DIRECTION ( 'NONE',  ( -1.000000000000000000, 0.000000000000000000, 0.000000000000000000 ) ) ;
#2103 = CARTESIAN_POINT ( 'NONE',  ( -10.34327053717761480, 15.59936354699619443, -8.294205920473361360 ) ) ;
#2104 = DIRECTION ( 'NONE',  ( 0.000000000000000000, 1.000000000000000000, 0.000000000000000000 ) ) ;
#2105 = EDGE_LOOP ( 'NONE', ( #550, #3825, #4071, #170 ) ) ;
#2106 = MECHANICAL_DESIGN_GEOMETRIC_PRESENTATION_REPRESENTATION (  '', ( #2701 ), #1825 ) ;
#2107 = ORIENTED_EDGE ( 'NONE', *, *, #4103, .F. ) ;
#2108 = CARTESIAN_POINT ( 'NONE',  ( 6.123309136414309073, 9.717784432912953463, -6.268825698277187719 ) ) ;
#2109 = SURFACE_SIDE_STYLE ('',( #2694 ) ) ;
#2110 = PRESENTATION_LAYER_ASSIGNMENT (  '', '', ( #2038 ) ) ;
#2111 = FACE_BOUND ( 'NONE', #3695, .T. ) ;
#2112 = CARTESIAN_POINT ( 'NONE',  ( -7.500000000000000000, 13.74860385756396042, -7.266631589092280130 ) ) ;
#2113 = EDGE_CURVE ( 'NONE', #2424, #1779, #85, .T. ) ;
#2114 =( LENGTH_UNIT ( ) NAMED_UNIT ( * ) SI_UNIT ( .MILLI., .METRE. ) );
#2115 = ORIENTED_EDGE ( 'NONE', *, *, #1140, .T. ) ;
#2116 = EDGE_CURVE ( 'NONE', #4004, #1406, #3348, .T. ) ;
#2117 = CARTESIAN_POINT ( 'NONE',  ( -6.871102612010722588, 6.580980160552661218, 0.5277834358008253179 ) ) ;
#2118 = CARTESIAN_POINT ( 'NONE',  ( 7.750000000000000000, 6.500000000000000000, 7.750000000000000000 ) ) ;
#2119 = VERTEX_POINT ( 'NONE', #131 ) ;
#2120 = PRESENTATION_LAYER_ASSIGNMENT (  '', '', ( #1906 ) ) ;
#2121 = CARTESIAN_POINT ( 'NONE',  ( -9.730635002165930914, 11.49999999976100007, -8.050599707959220197 ) ) ;
#2122 = CARTESIAN_POINT ( 'NONE',  ( -11.19999999999567208, 12.88321210508445525, -6.346018645083354670 ) ) ;
#2123 = CARTESIAN_POINT ( 'NONE',  ( -4.718538665528600795, 12.36781433407817943, -9.500000000000008882 ) ) ;
#2124 = VECTOR ( 'NONE', #3312, 1000.000000000000000 ) ;
#2125 = UNCERTAINTY_MEASURE_WITH_UNIT (LENGTH_MEASURE( 1.000000000000000082E-05 ), #2239, 'distance_accuracy_value', 'NONE');
#2126 = CARTESIAN_POINT ( 'NONE',  ( -11.19999999999999929, 3.000000000000000000, 9.500000000000000000 ) ) ;
#2127 = SURFACE_STYLE_USAGE ( .BOTH. , #1451 ) ;
#2128 = VECTOR ( 'NONE', #159, 1000.000000000000000 ) ;
#2129 = ORIENTED_EDGE ( 'NONE', *, *, #3880, .F. ) ;
#2130 = EDGE_LOOP ( 'NONE', ( #3574, #904 ) ) ;
#2131 = CARTESIAN_POINT ( 'NONE',  ( 9.950000000000001066, 10.31497097004993968, -6.714210576431290711 ) ) ;
#2132 = CARTESIAN_POINT ( 'NONE',  ( 6.063196327244710915, 10.54341465123164667, -6.100038122796001439 ) ) ;
#2133 = FILL_AREA_STYLE_COLOUR ( '', #3629 ) ;
#2134 = CARTESIAN_POINT ( 'NONE',  ( -5.408823529411769471, 11.06287966545547974, -8.002441239438240927 ) ) ;
#2135 = ORIENTED_EDGE ( 'NONE', *, *, #3728, .F. ) ;
#2136 = CARTESIAN_POINT ( 'NONE',  ( 10.44394968996890505, 15.41588859210947504, -8.181343812211208544 ) ) ;
#2137 = ORIENTED_EDGE ( 'NONE', *, *, #3243, .F. ) ;
#2138 = PRESENTATION_LAYER_ASSIGNMENT (  '', '', ( #3816 ) ) ;
#2139 = DIRECTION ( 'NONE',  ( 0.000000000000000000, -1.000000000000000000, 0.000000000000000000 ) ) ;
#2140 = CYLINDRICAL_SURFACE ( 'NONE', #1689, 2.249999999999999112 ) ;
#2141 = CARTESIAN_POINT ( 'NONE',  ( -10.07127284138673851, 16.10936103991845414, -8.611196781113850562 ) ) ;
#2142 = AXIS2_PLACEMENT_3D ( 'NONE', #3337, #2102, #472 ) ;
#2143 = LINE ( 'NONE', #3424, #782 ) ;
#2144 = ORIENTED_EDGE ( 'NONE', *, *, #381, .F. ) ;
#2145 = EDGE_LOOP ( 'NONE', ( #212, #1265 ) ) ;
#2146 = DIRECTION ( 'NONE',  ( 1.000000000000000000, 0.000000000000000000, 0.000000000000000000 ) ) ;
#2147 = ORIENTED_EDGE ( 'NONE', *, *, #1232, .F. ) ;
#2148 = CARTESIAN_POINT ( 'NONE',  ( 7.750000000000000000, -0.5000000000000000000, -7.750000000000000000 ) ) ;
#2149 = CARTESIAN_POINT ( 'NONE',  ( 1.300000000000000044, 2.500000000000000000, 6.000000000000000000 ) ) ;
#2150 =( NAMED_UNIT ( * ) PLANE_ANGLE_UNIT ( ) SI_UNIT ( $, .RADIAN. ) );
#2151 = ORIENTED_EDGE ( 'NONE', *, *, #1495, .T. ) ;
#2152 = VECTOR ( 'NONE', #3296, 1000.000000000000000 ) ;
#2153 = CARTESIAN_POINT ( 'NONE',  ( 10.86608279455867709, 14.38253494181925873, -7.493025802721615669 ) ) ;
#2154 = ORIENTED_EDGE ( 'NONE', *, *, #2584, .F. ) ;
#2155 = CARTESIAN_POINT ( 'NONE',  ( -7.700000000000000178, 3.000000000000000000, 6.000000000000000000 ) ) ;
#2156 =( LENGTH_UNIT ( ) NAMED_UNIT ( * ) SI_UNIT ( .MILLI., .METRE. ) );
#2157 = DIRECTION ( 'NONE',  ( 0.000000000000000000, -0.9396926207859080948, 0.3420201433256697676 ) ) ;
#2158 = DIRECTION ( 'NONE',  ( 1.000000000000000000, 0.000000000000000000, 0.000000000000000000 ) ) ;
#2159 = EDGE_CURVE ( 'NONE', #518, #2119, #3518, .T. ) ;
#2160 = MECHANICAL_DESIGN_GEOMETRIC_PRESENTATION_REPRESENTATION (  '', ( #3969 ), #1748 ) ;
#2161 = CARTESIAN_POINT ( 'NONE',  ( 9.434872124830791407, 12.79124919371712465, -9.039812164071685530 ) ) ;
#2162 = CARTESIAN_POINT ( 'NONE',  ( 10.14652578676001404, 16.81454932223761745, -7.962031664663604680 ) ) ;
#2163 = ADVANCED_FACE ( 'NONE', ( #2754 ), #226, .T. ) ;
#2164 = ORIENTED_EDGE ( 'NONE', *, *, #755, .F. ) ;
#2165 = ORIENTED_EDGE ( 'NONE', *, *, #2584, .T. ) ;
#2166 =( NAMED_UNIT ( * ) SI_UNIT ( $, .STERADIAN. ) SOLID_ANGLE_UNIT ( ) );
#2167 = DIRECTION ( 'NONE',  ( 0.000000000000000000, 1.000000000000000000, 0.000000000000000000 ) ) ;
#2168 = PRESENTATION_LAYER_ASSIGNMENT (  '', '', ( #2566 ) ) ;
#2169 = CARTESIAN_POINT ( 'NONE',  ( 7.437980774763912173, 9.071092992858464044, -5.564156863882709914 ) ) ;
#2170 = COLOUR_RGB ( '',0.8078431372549019773, 0.8078431372549019773, 0.8078431372549019773 ) ;
#2171 = CARTESIAN_POINT ( 'NONE',  ( -6.649999999999999467, 3.000000000000000000, -7.750000000000000000 ) ) ;
#2172 = FILL_AREA_STYLE_COLOUR ( '', #2170 ) ;
#2173 = CARTESIAN_POINT ( 'NONE',  ( 11.19999999999999929, 10.44787914004598051, -3.936910495457184744 ) ) ;
#2174 = MECHANICAL_DESIGN_GEOMETRIC_PRESENTATION_REPRESENTATION (  '', ( #1628 ), #52 ) ;
#2175 = CARTESIAN_POINT ( 'NONE',  ( -9.667290632497568481, 11.37011271827029191, -6.650125278874225110 ) ) ;
#2176 = ORIENTED_EDGE ( 'NONE', *, *, #1860, .T. ) ;
#2177 = CIRCLE ( 'NONE', #965, 1.000000000000000222 ) ;
#2178 = SURFACE_STYLE_USAGE ( .BOTH. , #4061 ) ;
#2179 = VECTOR ( 'NONE', #3458, 1000.000000000000000 ) ;
#2180 = ORIENTED_EDGE ( 'NONE', *, *, #34, .T. ) ;
#2181 = VECTOR ( 'NONE', #364, 1000.000000000000000 ) ;
#2182 = ADVANCED_FACE ( 'NONE', ( #2479, #2363 ), #1498, .F. ) ;
#2183 = CARTESIAN_POINT ( 'NONE',  ( -7.750000000000000000, 3.000000000000000000, -6.649999999999999467 ) ) ;
#2184 = SURFACE_STYLE_FILL_AREA ( #1550 ) ;
#2185 = CARTESIAN_POINT ( 'NONE',  ( 5.436952652575650191, 11.23018652754259961, -7.343181631907899742 ) ) ;
#2186 = CYLINDRICAL_SURFACE ( 'NONE', #1658, 1.441743575235124641 ) ;
#2187 = ADVANCED_FACE ( 'NONE', ( #949 ), #1290, .F. ) ;
#2188 = CARTESIAN_POINT ( 'NONE',  ( 9.035683156875320421, 13.24933833194636001, -9.235726720353488517 ) ) ;
#2189 = CARTESIAN_POINT ( 'NONE',  ( -9.495136168899048101, 17.94673987754750044, -8.308347338229859602 ) ) ;
#2190 = ORIENTED_EDGE ( 'NONE', *, *, #246, .T. ) ;
#2191 = ORIENTED_EDGE ( 'NONE', *, *, #2567, .F. ) ;
#2192 = PRESENTATION_STYLE_ASSIGNMENT (( #559 ) ) ;
#2193 = CIRCLE ( 'NONE', #1707, 1.100000000000000311 ) ;
#2194 =( LENGTH_UNIT ( ) NAMED_UNIT ( * ) SI_UNIT ( .MILLI., .METRE. ) );
#2195 = DIRECTION ( 'NONE',  ( 0.000000000000000000, -0.9396926207859082059, 0.3420201433256691570 ) ) ;
#2196 = DIRECTION ( 'NONE',  ( 0.000000000000000000, 0.000000000000000000, 1.000000000000000000 ) ) ;
#2197 = FILL_AREA_STYLE ('',( #3146 ) ) ;
#2198 = CARTESIAN_POINT ( 'NONE',  ( -5.486079473088138592, 11.26928911822797019, -6.921731398921020073 ) ) ;
#2199 = DIRECTION ( 'NONE',  ( -1.000000000000000000, 0.000000000000000000, 0.000000000000000000 ) ) ;
#2200 = VERTEX_POINT ( 'NONE', #3241 ) ;
#2201 =( NAMED_UNIT ( * ) PLANE_ANGLE_UNIT ( ) SI_UNIT ( $, .RADIAN. ) );
#2202 = UNCERTAINTY_MEASURE_WITH_UNIT (LENGTH_MEASURE( 1.000000000000000082E-05 ), #3989, 'distance_accuracy_value', 'NONE');
#2203 = CIRCLE ( 'NONE', #2734, 2.200000000000000622 ) ;
#2204 =( NAMED_UNIT ( * ) PLANE_ANGLE_UNIT ( ) SI_UNIT ( $, .RADIAN. ) );
#2205 = DIRECTION ( 'NONE',  ( 1.000000000000000000, 0.000000000000000000, 0.000000000000000000 ) ) ;
#2206 = LINE ( 'NONE', #3400, #857 ) ;
#2207 = STYLED_ITEM ( 'NONE', ( #3612 ), #2620 ) ;
#2208 = CIRCLE ( 'NONE', #2739, 1.441743575235125974 ) ;
#2209 = CARTESIAN_POINT ( 'NONE',  ( 9.534286676216947143, 12.61629310761242806, -8.981072871825331205 ) ) ;
#2210 = CARTESIAN_POINT ( 'NONE',  ( -9.061721021094857775, 18.54890184028202427, -8.434717319310234274 ) ) ;
#2211 =( NAMED_UNIT ( * ) SI_UNIT ( $, .STERADIAN. ) SOLID_ANGLE_UNIT ( ) );
#2212 = ORIENTED_EDGE ( 'NONE', *, *, #4103, .T. ) ;
#2213 = ORIENTED_EDGE ( 'NONE', *, *, #2898, .T. ) ;
#2214 = MECHANICAL_DESIGN_GEOMETRIC_PRESENTATION_REPRESENTATION (  '', ( #798 ), #606 ) ;
#2215 = CARTESIAN_POINT ( 'NONE',  ( 7.750000000000000000, 6.500000000000000000, -7.750000000000000000 ) ) ;
#2216 = CARTESIAN_POINT ( 'NONE',  ( 9.950000000000001066, 3.000000000000000000, 8.680951323690910826 ) ) ;
#2217 = ORIENTED_EDGE ( 'NONE', *, *, #94, .F. ) ;
#2218 = SURFACE_STYLE_USAGE ( .BOTH. , #3459 ) ;
#2219 = CARTESIAN_POINT ( 'NONE',  ( 5.581944848958654504, 10.47432846242586102, -7.375512870175239932 ) ) ;
#2220 = VERTEX_POINT ( 'NONE', #2216 ) ;
#2221 =( BOUNDED_SURFACE ( )  B_SPLINE_SURFACE ( 3, 2, ( 
 ( #1154, #1485, #791 ),
 ( #1446, #813, #2100 ),
 ( #2121, #1793, #2764 ),
 ( #4047, #1175, #22 ) ),
 .UNSPECIFIED., .F., .F., .F. ) 
 B_SPLINE_SURFACE_WITH_KNOTS ( ( 4, 4 ),
 ( 3, 3 ),
 ( 0.002655349263006964722, 0.004854541664597350654 ),
 ( 0.000000000000000000, 1.000000000000000000 ),
 .UNSPECIFIED. ) 
 GEOMETRIC_REPRESENTATION_ITEM ( )  RATIONAL_B_SPLINE_SURFACE ( (
 ( 1.000000000000000000, 0.9475274325138040021, 1.000000000000000000),
 ( 1.000000000000000000, 0.9638331509790770690, 1.000000000000000000),
 ( 1.000000000000000000, 0.9721439415145880503, 1.000000000000000000),
 ( 1.000000000000000000, 0.9742093565086570317, 1.000000000000000000) ) ) 
 REPRESENTATION_ITEM ( '' )  SURFACE ( )  );
#2222 = FACE_OUTER_BOUND ( 'NONE', #1801, .T. ) ;
#2223 = CARTESIAN_POINT ( 'NONE',  ( 7.222805080085692886, 6.747362872011986035, -0.004217094307735084167 ) ) ;
#2224 =( GEOMETRIC_REPRESENTATION_CONTEXT ( 3 ) GLOBAL_UNCERTAINTY_ASSIGNED_CONTEXT ( ( #2814 ) ) GLOBAL_UNIT_ASSIGNED_CONTEXT ( ( #1358, #3939, #1745 ) ) REPRESENTATION_CONTEXT ( 'NONE', 'WORKASPACE' ) );
#2225 = CARTESIAN_POINT ( 'NONE',  ( 8.974071967208656631, 13.30024560060277317, -9.260804895893601341 ) ) ;
#2226 = CARTESIAN_POINT ( 'NONE',  ( -8.994478323627522087, 18.63495380291627512, -8.448347769124580964 ) ) ;
#2227 = CARTESIAN_POINT ( 'NONE',  ( -9.660616375207254691, 12.28931109224159890, -8.899366925171776188 ) ) ;
#2228 = ORIENTED_EDGE ( 'NONE', *, *, #30, .T. ) ;
#2229 = CARTESIAN_POINT ( 'NONE',  ( -9.808601061898459150, 11.36046678309651270, -8.793706245969740820 ) ) ;
#2230 = SURFACE_STYLE_USAGE ( .BOTH. , #3184 ) ;
#2231 = LINE ( 'NONE', #2860, #47 ) ;
#2232 = SURFACE_SIDE_STYLE ('',( #2544 ) ) ;
#2233 = SURFACE_SIDE_STYLE ('',( #952 ) ) ;
#2234 = CARTESIAN_POINT ( 'NONE',  ( 6.062461068522594587, 9.786128885668672339, -6.338198031114753661 ) ) ;
#2235 = CARTESIAN_POINT ( 'NONE',  ( 9.842018256867717696, 11.04810371692437876, -7.069144240420567549 ) ) ;
#2236 = EDGE_CURVE ( 'NONE', #1579, #3169, #1278, .T. ) ;
#2237 = ADVANCED_FACE ( 'NONE', ( #3531, #2918 ), #3572, .F. ) ;
#2238 = AXIS2_PLACEMENT_3D ( 'NONE', #2586, #73, #2604 ) ;
#2239 =( LENGTH_UNIT ( ) NAMED_UNIT ( * ) SI_UNIT ( .MILLI., .METRE. ) );
#2240 = EDGE_CURVE ( 'NONE', #4115, #1105, #2935, .T. ) ;
#2241 = CARTESIAN_POINT ( 'NONE',  ( -5.606722774850887880, 10.44906557064310348, -7.253226969673367108 ) ) ;
#2242 =( NAMED_UNIT ( * ) SI_UNIT ( $, .STERADIAN. ) SOLID_ANGLE_UNIT ( ) );
#2243 = CARTESIAN_POINT ( 'NONE',  ( 5.945252128387958024, 10.71278957860123526, -6.459267097478128328 ) ) ;
#2244 =( NAMED_UNIT ( * ) PLANE_ANGLE_UNIT ( ) SI_UNIT ( $, .RADIAN. ) );
#2245 = ADVANCED_FACE ( 'NONE', ( #2624 ), #3903, .F. ) ;
#2246 = CARTESIAN_POINT ( 'NONE',  ( 8.519871000199028543, 13.57120421996387449, -9.402622034934026374 ) ) ;
#2247 = CARTESIAN_POINT ( 'NONE',  ( -11.11275579298482263, 13.63346253473591041, -6.623342125584875006 ) ) ;
#2248 = LINE ( 'NONE', #1576, #3558 ) ;
#2249 = PRODUCT_CONTEXT ( 'NONE', #3164, 'mechanical' ) ;
#2250 = CARTESIAN_POINT ( 'NONE',  ( -11.19999999999999929, 18.27502166379441562, -6.785757393460864151 ) ) ;
#2251 =( LENGTH_UNIT ( ) NAMED_UNIT ( * ) SI_UNIT ( .MILLI., .METRE. ) );
#2252 = CARTESIAN_POINT ( 'NONE',  ( -7.700000000000000178, 13.78637463822520104, -9.500000000000000000 ) ) ;
#2253 = ORIENTED_EDGE ( 'NONE', *, *, #3549, .F. ) ;
#2254 = DIRECTION ( 'NONE',  ( -1.000000000000000000, 0.000000000000000000, 0.000000000000000000 ) ) ;
#2255 =( NAMED_UNIT ( * ) PLANE_ANGLE_UNIT ( ) SI_UNIT ( $, .RADIAN. ) );
#2256 = AXIS2_PLACEMENT_3D ( 'NONE', #2632, #2338, #3954 ) ;
#2257 = LINE ( 'NONE', #988, #2637 ) ;
#2258 = CARTESIAN_POINT ( 'NONE',  ( 5.694224639124254139, 10.31034674225812076, -6.966111777638691827 ) ) ;
#2259 = CARTESIAN_POINT ( 'NONE',  ( 9.741418316695835244, 11.24526770167917356, -6.813198451576954362 ) ) ;
#2260 = VECTOR ( 'NONE', #2914, 1000.000000000000000 ) ;
#2261 = FACE_OUTER_BOUND ( 'NONE', #139, .T. ) ;
#2262 = FACE_BOUND ( 'NONE', #826, .T. ) ;
#2263 = CARTESIAN_POINT ( 'NONE',  ( -5.853673528720649166, 10.05654740958150306, -6.631779798218961908 ) ) ;
#2264 = CARTESIAN_POINT ( 'NONE',  ( 6.956289268688069960, 10.92759230580070096, -4.404717400209344547 ) ) ;
#2265 = CARTESIAN_POINT ( 'NONE',  ( 6.903106514489251389, 6.619954020180236043, 0.4982670876439444507 ) ) ;
#2266 = EDGE_CURVE ( 'NONE', #1343, #475, #2248, .T. ) ;
#2267 = FILL_AREA_STYLE_COLOUR ( '', #1384 ) ;
#2268 = CARTESIAN_POINT ( 'NONE',  ( -9.082509573810161996, 18.52198810751858105, -8.430237572718452199 ) ) ;
#2269 = VECTOR ( 'NONE', #2295, 1000.000000000000000 ) ;
#2270 = SURFACE_STYLE_USAGE ( .BOTH. , #306 ) ;
#2271 = ORIENTED_EDGE ( 'NONE', *, *, #3811, .F. ) ;
#2272 = AXIS2_PLACEMENT_3D ( 'NONE', #2981, #735, #3282 ) ;
#2273 = ORIENTED_EDGE ( 'NONE', *, *, #1667, .F. ) ;
#2274 = CARTESIAN_POINT ( 'NONE',  ( -5.765168490610149910, 10.19236477720009937, -6.791209094285520109 ) ) ;
#2275 = CARTESIAN_POINT ( 'NONE',  ( 7.475120554269031103, 10.43583638345517883, -5.562938527075944606 ) ) ;
#2276 = DIRECTION ( 'NONE',  ( 1.000000000000000000, 0.000000000000000000, 0.000000000000000000 ) ) ;
#2277 = CARTESIAN_POINT ( 'NONE',  ( 8.717833730775607748, 10.74217980326610089, -5.772196206956899722 ) ) ;
#2278 = EDGE_CURVE ( 'NONE', #1652, #3180, #322, .T. ) ;
#2279 =( NAMED_UNIT ( * ) SI_UNIT ( $, .STERADIAN. ) SOLID_ANGLE_UNIT ( ) );
#2280 = CARTESIAN_POINT ( 'NONE',  ( -5.723086724899554945, 10.26239914902103045, -6.894649366501791832 ) ) ;
#2281 =( NAMED_UNIT ( * ) SI_UNIT ( $, .STERADIAN. ) SOLID_ANGLE_UNIT ( ) );
#2282 = CARTESIAN_POINT ( 'NONE',  ( 6.394555127814876450, 6.505548632396490838, 1.400611709936439908 ) ) ;
#2283 = SURFACE_STYLE_FILL_AREA ( #66 ) ;
#2284 = PLANE ( 'NONE',  #144 ) ;
#2285 = VECTOR ( 'NONE', #6, 1000.000000000000000 ) ;
#2286 = EDGE_CURVE ( 'NONE', #3226, #9, #2085, .T. ) ;
#2287 =( NAMED_UNIT ( * ) SI_UNIT ( $, .STERADIAN. ) SOLID_ANGLE_UNIT ( ) );
#2288 = EDGE_CURVE ( 'NONE', #3772, #1105, #3217, .T. ) ;
#2289 = ORIENTED_EDGE ( 'NONE', *, *, #808, .F. ) ;
#2290 = ORIENTED_EDGE ( 'NONE', *, *, #2979, .F. ) ;
#2291 = VECTOR ( 'NONE', #4059, 1000.000000000000000 ) ;
#2292 = CARTESIAN_POINT ( 'NONE',  ( 7.070002919272881492, 10.44716255064704846, -5.653320876944119000 ) ) ;
#2293 = CARTESIAN_POINT ( 'NONE',  ( 7.500000000000000000, 12.39380805885001990, -6.773526244851500344 ) ) ;
#2294 = STYLED_ITEM ( 'NONE', ( #439 ), #1050 ) ;
#2295 = DIRECTION ( 'NONE',  ( -4.956352788505160310E-16, 0.000000000000000000, -1.000000000000000000 ) ) ;
#2296 = ADVANCED_FACE ( 'NONE', ( #1262 ), #339, .F. ) ;
#2297 = PRESENTATION_STYLE_ASSIGNMENT (( #1012 ) ) ;
#2298 = CARTESIAN_POINT ( 'NONE',  ( 8.345090875873628633, 10.59017041214292298, -5.631991587609399552 ) ) ;
#2299 = CARTESIAN_POINT ( 'NONE',  ( 9.543438343106609878, 11.50000000000000000, -6.475802641081470412 ) ) ;
#2300 = CARTESIAN_POINT ( 'NONE',  ( -6.815839129518503903, 9.204141598929520995, -5.758012675553123572 ) ) ;
#2301 = SURFACE_SIDE_STYLE ('',( #2326 ) ) ;
#2302 = FACE_OUTER_BOUND ( 'NONE', #3573, .T. ) ;
#2303 =( GEOMETRIC_REPRESENTATION_CONTEXT ( 3 ) GLOBAL_UNCERTAINTY_ASSIGNED_CONTEXT ( ( #1402 ) ) GLOBAL_UNIT_ASSIGNED_CONTEXT ( ( #3072, #3699, #2020 ) ) REPRESENTATION_CONTEXT ( 'NONE', 'WORKASPACE' ) );
#2304 = CARTESIAN_POINT ( 'NONE',  ( 1.000000000000000000, 22.50000000000000000, -8.323523748259249899 ) ) ;
#2305 = ORIENTED_EDGE ( 'NONE', *, *, #3731, .T. ) ;
#2306 = EDGE_CURVE ( 'NONE', #2832, #1188, #2889, .T. ) ;
#2307 =( LENGTH_UNIT ( ) NAMED_UNIT ( * ) SI_UNIT ( .MILLI., .METRE. ) );
#2308 =( LENGTH_UNIT ( ) NAMED_UNIT ( * ) SI_UNIT ( .MILLI., .METRE. ) );
#2309 = CARTESIAN_POINT ( 'NONE',  ( 1.300000000000000044, 2.500000000000000000, 6.000000000000000000 ) ) ;
#2310 = AXIS2_PLACEMENT_3D ( 'NONE', #2944, #95, #723 ) ;
#2311 = CARTESIAN_POINT ( 'NONE',  ( -9.857533131080488786, 11.21826179432905057, -8.755944180550939038 ) ) ;
#2312 = DIRECTION ( 'NONE',  ( 0.000000000000000000, -0.9396926207859144231, 0.3420201433256521151 ) ) ;
#2313 = ORIENTED_EDGE ( 'NONE', *, *, #1573, .T. ) ;
#2314 = ORIENTED_EDGE ( 'NONE', *, *, #3502, .T. ) ;
#2315 = CARTESIAN_POINT ( 'NONE',  ( -6.817788611620249739, 10.94000350774271979, -4.485917605444799783 ) ) ;
#2316 = CARTESIAN_POINT ( 'NONE',  ( 7.700000000000000178, 13.78637463822520104, -9.500000000000000000 ) ) ;
#2317 = CARTESIAN_POINT ( 'NONE',  ( 5.408823529411769471, 10.51781285254642029, -9.500000000000000000 ) ) ;
#2318 = EDGE_CURVE ( 'NONE', #210, #498, #1341, .T. ) ;
#2319 = LINE ( 'NONE', #2382, #923 ) ;
#2320 = VECTOR ( 'NONE', #3336, 1000.000000000000000 ) ;
#2321 =( NAMED_UNIT ( * ) SI_UNIT ( $, .STERADIAN. ) SOLID_ANGLE_UNIT ( ) );
#2322 =( NAMED_UNIT ( * ) SI_UNIT ( $, .STERADIAN. ) SOLID_ANGLE_UNIT ( ) );
#2323 = DIRECTION ( 'NONE',  ( 0.000000000000000000, -1.000000000000000000, 0.000000000000000000 ) ) ;
#2324 = CARTESIAN_POINT ( 'NONE',  ( -5.567423199259119215, 10.48086561483803258, -7.464329520288580433 ) ) ;
#2325 =( GEOMETRIC_REPRESENTATION_CONTEXT ( 3 ) GLOBAL_UNCERTAINTY_ASSIGNED_CONTEXT ( ( #4087 ) ) GLOBAL_UNIT_ASSIGNED_CONTEXT ( ( #2469, #1450, #1798 ) ) REPRESENTATION_CONTEXT ( 'NONE', 'WORKASPACE' ) );
#2326 = SURFACE_STYLE_FILL_AREA ( #1340 ) ;
#2327 = LINE ( 'NONE', #422, #1471 ) ;
#2328 = EDGE_LOOP ( 'NONE', ( #856, #581, #911, #2135 ) ) ;
#2329 =( NAMED_UNIT ( * ) SI_UNIT ( $, .STERADIAN. ) SOLID_ANGLE_UNIT ( ) );
#2330 = SURFACE_STYLE_USAGE ( .BOTH. , #1685 ) ;
#2331 = FACE_OUTER_BOUND ( 'NONE', #699, .T. ) ;
#2332 =( LENGTH_UNIT ( ) NAMED_UNIT ( * ) SI_UNIT ( .MILLI., .METRE. ) );
#2333 = VERTEX_POINT ( 'NONE', #3197 ) ;
#2334 = CARTESIAN_POINT ( 'NONE',  ( 9.950000000000001066, 10.55466467296723998, -8.058806571397671092 ) ) ;
#2335 =( NAMED_UNIT ( * ) SI_UNIT ( $, .STERADIAN. ) SOLID_ANGLE_UNIT ( ) );
#2336 = VECTOR ( 'NONE', #3944, 1000.000000000000000 ) ;
#2337 = UNCERTAINTY_MEASURE_WITH_UNIT (LENGTH_MEASURE( 1.000000000000000082E-05 ), #2439, 'distance_accuracy_value', 'NONE');
#2338 = DIRECTION ( 'NONE',  ( 0.000000000000000000, 1.000000000000000000, 0.000000000000000000 ) ) ;
#2339 = STYLED_ITEM ( 'NONE', ( #925 ), #2187 ) ;
#2340 = CARTESIAN_POINT ( 'NONE',  ( 9.417745957980855565, 11.30790330622173556, -6.315061703507609536 ) ) ;
#2341 = DIRECTION ( 'NONE',  ( 0.000000000000000000, 0.3420201433256694901, 0.9396926207859080948 ) ) ;
#2342 = SURFACE_STYLE_FILL_AREA ( #3937 ) ;
#2343 = CARTESIAN_POINT ( 'NONE',  ( 7.522549540435925053, 10.43550621858469540, -5.561080696335687357 ) ) ;
#2344 = CARTESIAN_POINT ( 'NONE',  ( 11.19999999999999929, 6.500000000000000000, 9.500000000000000000 ) ) ;
#2345 = CIRCLE ( 'NONE', #545, 1.100000000000000311 ) ;
#2346 = ORIENTED_EDGE ( 'NONE', *, *, #1232, .T. ) ;
#2347 = SHAPE_DEFINITION_REPRESENTATION ( #764, #1608 ) ;
#2348 = DIRECTION ( 'NONE',  ( 0.000000000000000000, -0.9396926207859082059, 0.3420201433256692680 ) ) ;
#2349 =( LENGTH_UNIT ( ) NAMED_UNIT ( * ) SI_UNIT ( .MILLI., .METRE. ) );
#2350 =( BOUNDED_SURFACE ( )  B_SPLINE_SURFACE ( 3, 2, ( 
 ( #851, #3019, #1423 ),
 ( #3734, #2101, #3109 ),
 ( #237, #3710, #2704 ),
 ( #2787, #3399, #1176 ),
 ( #195, #792, #2083 ),
 ( #3755, #491, #1816 ),
 ( #2141, #3041, #1751 ),
 ( #2747, #1155, #177 ),
 ( #1447, #2726, #3690 ),
 ( #3379, #2431, #833 ),
 ( #3421, #2122, #1794 ),
 ( #3087, #216, #2846 ) ),
 .UNSPECIFIED., .F., .F., .F. ) 
 B_SPLINE_SURFACE_WITH_KNOTS ( ( 4, 2, 2, 2, 2, 4 ),
 ( 3, 3 ),
 ( 0.000000000000000000, 0.0009293810560828219373, 0.001858762112165644959, 0.003717524224331289918, 0.005576286336496929889, 0.007435048448662579836 ),
 ( 0.000000000000000000, 1.000000000000000000 ),
 .UNSPECIFIED. ) 
 GEOMETRIC_REPRESENTATION_ITEM ( )  RATIONAL_B_SPLINE_SURFACE ( (
 ( 1.000000000000000000, 0.7071067811865480168, 1.000000000000000000),
 ( 1.000000000000000000, 0.7292982469454429850, 1.000000000000000000),
 ( 1.000000000000000000, 0.7509559436971170454, 1.000000000000000000),
 ( 1.000000000000000000, 0.7924491106035269627, 1.000000000000000000),
 ( 1.000000000000000000, 0.8123295690134340052, 1.000000000000000000),
 ( 1.000000000000000000, 0.8682159250689529539, 1.000000000000000000),
 ( 1.000000000000000000, 0.8993316174415160180, 1.000000000000000000),
 ( 1.000000000000000000, 0.9495388910134600069, 1.000000000000000000),
 ( 1.000000000000000000, 0.9686098533727030002, 1.000000000000000000),
 ( 1.000000000000000000, 0.9937116279269619934, 1.000000000000000000),
 ( 1.000000000000000000, 0.9999790262530809937, 1.000000000000000000),
 ( 1.000000000000000000, 1.000000000000000000, 1.000000000000000000) ) ) 
 REPRESENTATION_ITEM ( '' )  SURFACE ( )  );
#2351 = CARTESIAN_POINT ( 'NONE',  ( 11.15864497796758492, 13.21757003490599480, -6.430271455265761382 ) ) ;
#2352 = ORIENTED_EDGE ( 'NONE', *, *, #151, .F. ) ;
#2353 = CARTESIAN_POINT ( 'NONE',  ( -7.163634413197030426, 10.41503238091439698, -5.614139296892330044 ) ) ;
#2354 = SURFACE_SIDE_STYLE ('',( #93 ) ) ;
#2355 = DIRECTION ( 'NONE',  ( 1.000000000000000000, 0.000000000000000000, 0.000000000000000000 ) ) ;
#2356 = LINE ( 'NONE', #2964, #2269 ) ;
#2357 = CARTESIAN_POINT ( 'NONE',  ( -8.281479931789197835, 10.57005513942331021, -5.615131360235931623 ) ) ;
#2358 = AXIS2_PLACEMENT_3D ( 'NONE', #3498, #1207, #16 ) ;
#2359 =( LENGTH_UNIT ( ) NAMED_UNIT ( * ) SI_UNIT ( .MILLI., .METRE. ) );
#2360 = SURFACE_SIDE_STYLE ('',( #3955 ) ) ;
#2361 = CARTESIAN_POINT ( 'NONE',  ( -9.643902188196603831, 9.221750749191455654, -3.328749800483207455 ) ) ;
#2362 = FILL_AREA_STYLE_COLOUR ( '', #561 ) ;
#2363 = FACE_OUTER_BOUND ( 'NONE', #934, .T. ) ;
#2364 = CARTESIAN_POINT ( 'NONE',  ( 9.183939488730819889, 17.24197867178653354, -9.169856789399482011 ) ) ;
#2365 = EDGE_LOOP ( 'NONE', ( #3473, #2465, #3749, #1838, #2462, #2684 ) ) ;
#2366 =( NAMED_UNIT ( * ) PLANE_ANGLE_UNIT ( ) SI_UNIT ( $, .RADIAN. ) );
#2367 = EDGE_CURVE ( 'NONE', #189, #3564, #2022, .T. ) ;
#2368 = AXIS2_PLACEMENT_3D ( 'NONE', #2293, #351, #1009 ) ;
#2369 =( NAMED_UNIT ( * ) SI_UNIT ( $, .STERADIAN. ) SOLID_ANGLE_UNIT ( ) );
#2370 = LINE ( 'NONE', #2661, #3480 ) ;
#2371 = CYLINDRICAL_SURFACE ( 'NONE', #1059, 3.500000000000000000 ) ;
#2372 = EDGE_CURVE ( 'NONE', #799, #424, #3301, .T. ) ;
#2373 = PRESENTATION_LAYER_ASSIGNMENT (  '', '', ( #1965 ) ) ;
#2374 = AXIS2_PLACEMENT_3D ( 'NONE', #632, #2205, #3195 ) ;
#2375 = MECHANICAL_DESIGN_GEOMETRIC_PRESENTATION_REPRESENTATION (  '', ( #2572 ), #2706 ) ;
#2376 = CARTESIAN_POINT ( 'NONE',  ( -9.386604093100748614, 17.00776700290129995, -9.067702238010223681 ) ) ;
#2377 = CARTESIAN_POINT ( 'NONE',  ( 11.19999999999999929, 12.30000000000000071, -6.000000000000000000 ) ) ;
#2378 = ORIENTED_EDGE ( 'NONE', *, *, #3551, .F. ) ;
#2379 = CARTESIAN_POINT ( 'NONE',  ( -6.242136750115370170, 9.592790329520871850, -6.142356668728959690 ) ) ;
#2380 =( GEOMETRIC_REPRESENTATION_CONTEXT ( 3 ) GLOBAL_UNCERTAINTY_ASSIGNED_CONTEXT ( ( #3965 ) ) GLOBAL_UNIT_ASSIGNED_CONTEXT ( ( #3407, #204, #3493 ) ) REPRESENTATION_CONTEXT ( 'NONE', 'WORKASPACE' ) );
#2381 = FACE_OUTER_BOUND ( 'NONE', #303, .T. ) ;
#2382 = CARTESIAN_POINT ( 'NONE',  ( 1.300000000000000044, 2.500000000000000000, 6.000000000000000000 ) ) ;
#2383 = FILL_AREA_STYLE ('',( #2716 ) ) ;
#2384 =( LENGTH_UNIT ( ) NAMED_UNIT ( * ) SI_UNIT ( .MILLI., .METRE. ) );
#2385 = CARTESIAN_POINT ( 'NONE',  ( 10.09707759354473389, 16.96349378445698974, -8.629471109256575900 ) ) ;
#2386 = ORIENTED_EDGE ( 'NONE', *, *, #2318, .T. ) ;
#2387 = CARTESIAN_POINT ( 'NONE',  ( 8.746096489133057261, 7.885876584772593567, -2.146524909492345756 ) ) ;
#2388 = ORIENTED_EDGE ( 'NONE', *, *, #1791, .F. ) ;
#2389 = CARTESIAN_POINT ( 'NONE',  ( 0.000000000000000000, 0.000000000000000000, 0.000000000000000000 ) ) ;
#2390 = AXIS2_PLACEMENT_3D ( 'NONE', #3484, #294, #611 ) ;
#2391 = ADVANCED_FACE ( 'NONE', ( #2950 ), #1104, .F. ) ;
#2392 = CARTESIAN_POINT ( 'NONE',  ( -5.549999999999999822, 9.732355150393930288, -9.500000000000000000 ) ) ;
#2393 = SURFACE_SIDE_STYLE ('',( #4007 ) ) ;
#2394 =( GEOMETRIC_REPRESENTATION_CONTEXT ( 3 ) GLOBAL_UNCERTAINTY_ASSIGNED_CONTEXT ( ( #3929 ) ) GLOBAL_UNIT_ASSIGNED_CONTEXT ( ( #2953, #101, #1063 ) ) REPRESENTATION_CONTEXT ( 'NONE', 'WORKASPACE' ) );
#2395 = CARTESIAN_POINT ( 'NONE',  ( -9.604691667987356851, 16.73692920663074446, -8.938518757072058563 ) ) ;
#2396 = CARTESIAN_POINT ( 'NONE',  ( 10.56638607244597061, 15.83926828557616773, -7.591017693976065850 ) ) ;
#2397 = VERTEX_POINT ( 'NONE', #2304 ) ;
#2398 = CARTESIAN_POINT ( 'NONE',  ( -6.057155260113269435, 9.786729904143459891, -6.338459937667110466 ) ) ;
#2399 = CARTESIAN_POINT ( 'NONE',  ( 9.506470999590499460, 11.43708553421550000, -6.425307723432509555 ) ) ;
#2400 = MECHANICAL_DESIGN_GEOMETRIC_PRESENTATION_REPRESENTATION (  '', ( #2207 ), #1391 ) ;
#2401 = DIRECTION ( 'NONE',  ( 0.000000000000000000, 1.000000000000000000, 0.000000000000000000 ) ) ;
#2402 = CARTESIAN_POINT ( 'NONE',  ( -6.224682321038588206, 10.28969563503415863, -6.007691953032812116 ) ) ;
#2403 = AXIS2_PLACEMENT_3D ( 'NONE', #2021, #2074, #1010 ) ;
#2404 = CARTESIAN_POINT ( 'NONE',  ( 9.302082537491800807, 18.23555246691674725, -8.380269441570620259 ) ) ;
#2405 = ORIENTED_EDGE ( 'NONE', *, *, #3728, .T. ) ;
#2406 = CARTESIAN_POINT ( 'NONE',  ( -9.924870023654193574, 9.850129569802021479, -3.691792302672483927 ) ) ;
#2407 = CARTESIAN_POINT ( 'NONE',  ( 11.19999999999999929, 12.30000000000000071, -6.000000000000000000 ) ) ;
#2408 = ORIENTED_EDGE ( 'NONE', *, *, #2116, .T. ) ;
#2409 = EDGE_CURVE ( 'NONE', #2958, #2895, #2971, .T. ) ;
#2410 = CARTESIAN_POINT ( 'NONE',  ( -11.19999999999999929, -0.5000000000000000000, -6.000000000000000000 ) ) ;
#2411 = PRESENTATION_LAYER_ASSIGNMENT (  '', '', ( #2004 ) ) ;
#2412 = B_SPLINE_CURVE_WITH_KNOTS ( 'NONE', 3,
 ( #3913, #1371, #109, #2653, #2924, #2003, #2676, #2357, #3556, #3934, #682, #3308, #3289, #2990, #1956, #1659, #1642, #462, #3639, #2050, #76, #765, #1337, #438, #2609, #1981, #1053, #3329, #1412, #3620 ),
 .UNSPECIFIED., .F., .F.,
 ( 4, 2, 1, 1, 2, 2, 2, 1, 1, 1, 2, 2, 2, 2, 1, 2, 2, 4 ),
 ( 0.000000000000000000, 0.1249999999999850675, 0.1874999999999773792, 0.2187499999999747424, 0.2343749999999736322, 0.2499999999999725220, 0.3749999999999656386, 0.4374999999999621969, 0.4687499999999602540, 0.4843749999999586442, 0.4921874999999580336, 0.4999999999999573674, 0.6249999999999698019, 0.6874999999999763522, 0.7187499999999805711, 0.7343749999999822364, 0.7499999999999839018, 1.000000000000000000 ),
 .UNSPECIFIED. ) ;
#2413 = UNCERTAINTY_MEASURE_WITH_UNIT (LENGTH_MEASURE( 1.000000000000000082E-05 ), #206, 'distance_accuracy_value', 'NONE');
#2414 = CARTESIAN_POINT ( 'NONE',  ( -10.98953363882991674, 13.95642644821715628, -7.195453691949737163 ) ) ;
#2415 = CARTESIAN_POINT ( 'NONE',  ( 9.985530264608927453, 17.12981121950937791, -8.070149541217682909 ) ) ;
#2416 = ORIENTED_EDGE ( 'NONE', *, *, #1623, .T. ) ;
#2417 = ORIENTED_EDGE ( 'NONE', *, *, #2116, .F. ) ;
#2418 = CARTESIAN_POINT ( 'NONE',  ( 7.625472699796710607, 9.041888112304949487, -5.553527156665929887 ) ) ;
#2419 = CARTESIAN_POINT ( 'NONE',  ( 8.300000000000000711, -0.5000000000000000000, 6.000000000000000000 ) ) ;
#2420 = EDGE_CURVE ( 'NONE', #970, #3186, #2823, .T. ) ;
#2421 =( GEOMETRIC_REPRESENTATION_CONTEXT ( 3 ) GLOBAL_UNCERTAINTY_ASSIGNED_CONTEXT ( ( #3451 ) ) GLOBAL_UNIT_ASSIGNED_CONTEXT ( ( #1602, #1269, #1004 ) ) REPRESENTATION_CONTEXT ( 'NONE', 'WORKASPACE' ) );
#2422 = SURFACE_SIDE_STYLE ('',( #1390 ) ) ;
#2423 = CARTESIAN_POINT ( 'NONE',  ( 5.549999999999999822, 10.36930306035980109, -7.750000000000000000 ) ) ;
#2424 = VERTEX_POINT ( 'NONE', #3707 ) ;
#2425 = CARTESIAN_POINT ( 'NONE',  ( -9.085888358846032631, 8.303020459286681643, -2.597700848465439805 ) ) ;
#2426 = CARTESIAN_POINT ( 'NONE',  ( 11.20000000000000107, 12.68000720064177322, -6.277329160555169096 ) ) ;
#2427 = MECHANICAL_DESIGN_GEOMETRIC_PRESENTATION_REPRESENTATION (  '', ( #3504 ), #1157 ) ;
#2428 = ORIENTED_EDGE ( 'NONE', *, *, #2898, .F. ) ;
#2429 = CARTESIAN_POINT ( 'NONE',  ( -5.408823529411769471, 9.228973581782220492, -13.04105679373098070 ) ) ;
#2430 = DIRECTION ( 'NONE',  ( 0.000000000000000000, 0.3420201433256691015, 0.9396926207859082059 ) ) ;
#2431 = CARTESIAN_POINT ( 'NONE',  ( -11.14964269189578872, 13.46810857175265141, -6.693027149705674361 ) ) ;
#2432 = PRESENTATION_STYLE_ASSIGNMENT (( #3064 ) ) ;
#2433 = CARTESIAN_POINT ( 'NONE',  ( 5.549999999999999822, 3.000000000000000000, -9.500000000000000000 ) ) ;
#2434 = FACE_OUTER_BOUND ( 'NONE', #4046, .T. ) ;
#2435 = ORIENTED_EDGE ( 'NONE', *, *, #1561, .F. ) ;
#2436 = EDGE_LOOP ( 'NONE', ( #1183, #3056, #3594, #711 ) ) ;
#2437 = AXIS2_PLACEMENT_3D ( 'NONE', #1356, #399, #2008 ) ;
#2438 = PRESENTATION_STYLE_ASSIGNMENT (( #3386 ) ) ;
#2439 =( LENGTH_UNIT ( ) NAMED_UNIT ( * ) SI_UNIT ( .MILLI., .METRE. ) );
#2440 = VECTOR ( 'NONE', #3689, 1000.000000000000000 ) ;
#2441 = FACE_OUTER_BOUND ( 'NONE', #244, .T. ) ;
#2442 = CARTESIAN_POINT ( 'NONE',  ( 7.625472699796710607, 9.041888112304949487, -5.553527156665929887 ) ) ;
#2443 =( NAMED_UNIT ( * ) SI_UNIT ( $, .STERADIAN. ) SOLID_ANGLE_UNIT ( ) );
#2444 =( NAMED_UNIT ( * ) SI_UNIT ( $, .STERADIAN. ) SOLID_ANGLE_UNIT ( ) );
#2445 = CARTESIAN_POINT ( 'NONE',  ( 7.750000000000000000, -0.5000000000000000000, -8.849999999999999645 ) ) ;
#2446 = ORIENTED_EDGE ( 'NONE', *, *, #3339, .F. ) ;
#2447 = FILL_AREA_STYLE ('',( #1465 ) ) ;
#2448 = ORIENTED_EDGE ( 'NONE', *, *, #57, .T. ) ;
#2449 =( GEOMETRIC_REPRESENTATION_CONTEXT ( 3 ) GLOBAL_UNCERTAINTY_ASSIGNED_CONTEXT ( ( #1656 ) ) GLOBAL_UNIT_ASSIGNED_CONTEXT ( ( #2308, #1630, #67 ) ) REPRESENTATION_CONTEXT ( 'NONE', 'WORKASPACE' ) );
#2450 = DIRECTION ( 'NONE',  ( 0.000000000000000000, 1.000000000000000000, 0.000000000000000000 ) ) ;
#2451 = DIRECTION ( 'NONE',  ( 0.000000000000000000, 0.3420201433256695456, 0.9396926207859082059 ) ) ;
#2452 = LINE ( 'NONE', #3088, #3483 ) ;
#2453 = CARTESIAN_POINT ( 'NONE',  ( -8.736150750798403308, 17.74920489460761530, -9.384828249449251203 ) ) ;
#2454 = AXIS2_PLACEMENT_3D ( 'NONE', #2728, #3003, #3361 ) ;
#2455 = ORIENTED_EDGE ( 'NONE', *, *, #1946, .T. ) ;
#2456 = VERTEX_POINT ( 'NONE', #3149 ) ;
#2457 = CARTESIAN_POINT ( 'NONE',  ( 9.541232941464800277, 11.50000000000000000, -6.461853836531350481 ) ) ;
#2458 = FILL_AREA_STYLE ('',( #3787 ) ) ;
#2459 =( NAMED_UNIT ( * ) SI_UNIT ( $, .STERADIAN. ) SOLID_ANGLE_UNIT ( ) );
#2460 = FILL_AREA_STYLE_COLOUR ( '', #1632 ) ;
#2461 = CARTESIAN_POINT ( 'NONE',  ( -9.950000000000001066, 22.50000000000000000, -7.750000000000000000 ) ) ;
#2462 = ORIENTED_EDGE ( 'NONE', *, *, #690, .T. ) ;
#2463 = ADVANCED_FACE ( 'NONE', ( #2097 ), #3374, .F. ) ;
#2464 = CARTESIAN_POINT ( 'NONE',  ( 9.606996449786535663, 16.74127806184078082, -8.943955493975440874 ) ) ;
#2465 = ORIENTED_EDGE ( 'NONE', *, *, #3298, .F. ) ;
#2466 = MECHANICAL_DESIGN_GEOMETRIC_PRESENTATION_REPRESENTATION (  '', ( #793 ), #662 ) ;
#2467 = DIRECTION ( 'NONE',  ( 0.000000000000000000, 1.000000000000000000, 0.000000000000000000 ) ) ;
#2468 = PRESENTATION_STYLE_ASSIGNMENT (( #1486 ) ) ;
#2469 =( LENGTH_UNIT ( ) NAMED_UNIT ( * ) SI_UNIT ( .MILLI., .METRE. ) );
#2470 = AXIS2_PLACEMENT_3D ( 'NONE', #3925, #1346, #2312 ) ;
#2471 = UNCERTAINTY_MEASURE_WITH_UNIT (LENGTH_MEASURE( 1.000000000000000082E-05 ), #98, 'distance_accuracy_value', 'NONE');
#2472 = CARTESIAN_POINT ( 'NONE',  ( 9.394610751996758324, 12.85274333520751178, -9.062513332515505837 ) ) ;
#2473 = CARTESIAN_POINT ( 'NONE',  ( 10.30338386345518309, 16.48251543995851520, -7.841716239869882976 ) ) ;
#2474 = ORIENTED_EDGE ( 'NONE', *, *, #3359, .T. ) ;
#2475 = AXIS2_PLACEMENT_3D ( 'NONE', #1399, #2687, #3652 ) ;
#2476 = ORIENTED_EDGE ( 'NONE', *, *, #402, .F. ) ;
#2477 = CARTESIAN_POINT ( 'NONE',  ( 9.950000000000001066, 11.08426517479143314, -8.870549279563991973 ) ) ;
#2478 = CARTESIAN_POINT ( 'NONE',  ( -7.750000000000000000, 6.500000000000000000, 7.750000000000000000 ) ) ;
#2479 = FACE_BOUND ( 'NONE', #261, .T. ) ;
#2480 = VECTOR ( 'NONE', #169, 1000.000000000000000 ) ;
#2481 = ADVANCED_FACE ( 'NONE', ( #211 ), #1481, .F. ) ;
#2482 =( NAMED_UNIT ( * ) SI_UNIT ( $, .STERADIAN. ) SOLID_ANGLE_UNIT ( ) );
#2483 = CARTESIAN_POINT ( 'NONE',  ( 7.700000000000000178, -0.5000000000000000000, 9.500000000000000000 ) ) ;
#2484 =( NAMED_UNIT ( * ) SI_UNIT ( $, .STERADIAN. ) SOLID_ANGLE_UNIT ( ) );
#2485 = EDGE_CURVE ( 'NONE', #465, #3069, #3187, .T. ) ;
#2486 = ORIENTED_EDGE ( 'NONE', *, *, #2611, .T. ) ;
#2487 = MECHANICAL_DESIGN_GEOMETRIC_PRESENTATION_REPRESENTATION (  '', ( #2619 ), #1350 ) ;
#2488 = CARTESIAN_POINT ( 'NONE',  ( 10.96039660368747981, 14.06648245716814749, -7.272868901692381094 ) ) ;
#2489 = VERTEX_POINT ( 'NONE', #3835 ) ;
#2490 = UNCERTAINTY_MEASURE_WITH_UNIT (LENGTH_MEASURE( 1.000000000000000082E-05 ), #2307, 'distance_accuracy_value', 'NONE');
#2491 = CARTESIAN_POINT ( 'NONE',  ( -7.750000000000000000, 3.000000000000000000, -7.750000000000000000 ) ) ;
#2492 = SURFACE_STYLE_FILL_AREA ( #1214 ) ;
#2493 =( NAMED_UNIT ( * ) SI_UNIT ( $, .STERADIAN. ) SOLID_ANGLE_UNIT ( ) );
#2494 = FILL_AREA_STYLE ('',( #4067 ) ) ;
#2495 = VECTOR ( 'NONE', #1565, 1000.000000000000000 ) ;
#2496 = EDGE_CURVE ( 'NONE', #1415, #928, #533, .T. ) ;
#2497 = AXIS2_PLACEMENT_3D ( 'NONE', #3460, #1871, #588 ) ;
#2498 = CARTESIAN_POINT ( 'NONE',  ( 9.749525798132570031, 11.79653545351089328, -8.837229577533834757 ) ) ;
#2499 = CARTESIAN_POINT ( 'NONE',  ( -10.27118906880732574, 16.55565516603211407, -7.869301753239434483 ) ) ;
#2500 = EDGE_CURVE ( 'NONE', #4124, #1005, #41, .T. ) ;
#2501 = ORIENTED_EDGE ( 'NONE', *, *, #3604, .F. ) ;
#2502 = ORIENTED_EDGE ( 'NONE', *, *, #3665, .F. ) ;
#2503 = CARTESIAN_POINT ( 'NONE',  ( -9.950000000000001066, 10.59078672371339991, -8.369176767442748854 ) ) ;
#2504 = VECTOR ( 'NONE', #2146, 1000.000000000000000 ) ;
#2505 =( GEOMETRIC_REPRESENTATION_CONTEXT ( 3 ) GLOBAL_UNCERTAINTY_ASSIGNED_CONTEXT ( ( #3307 ) ) GLOBAL_UNIT_ASSIGNED_CONTEXT ( ( #1759, #2090, #3027 ) ) REPRESENTATION_CONTEXT ( 'NONE', 'WORKASPACE' ) );
#2506 = CARTESIAN_POINT ( 'NONE',  ( -1.000000000000000000, 12.30000000000000071, -8.500000000000000000 ) ) ;
#2507 = CARTESIAN_POINT ( 'NONE',  ( 8.428260869565219693, 19.29006011803089748, -8.500000000000000000 ) ) ;
#2508 = PRESENTATION_LAYER_ASSIGNMENT (  '', '', ( #896 ) ) ;
#2509 = SURFACE_STYLE_USAGE ( .BOTH. , #2360 ) ;
#2510 = EDGE_LOOP ( 'NONE', ( #2919, #3449, #2386, #749, #530, #811, #2217 ) ) ;
#2511 = AXIS2_PLACEMENT_3D ( 'NONE', #881, #3454, #267 ) ;
#2512 = CARTESIAN_POINT ( 'NONE',  ( 6.604575416893095685, 10.47667589274495015, -5.837869002720751155 ) ) ;
#2513 = CARTESIAN_POINT ( 'NONE',  ( 1.000000000000000000, 22.50000000000000000, -8.500000000000000000 ) ) ;
#2514 = CARTESIAN_POINT ( 'NONE',  ( 9.458775910437850598, 12.75217958913739835, -9.026010171742106181 ) ) ;
#2515 = CARTESIAN_POINT ( 'NONE',  ( -10.11937113914951603, 16.86915538754653454, -7.981138744474326252 ) ) ;
#2516 = CARTESIAN_POINT ( 'NONE',  ( -9.711100906077609451, 12.08223987981301661, -8.864951434886959802 ) ) ;
#2517 = EDGE_LOOP ( 'NONE', ( #82, #2190, #1767, #2719 ) ) ;
#2518 = EDGE_LOOP ( 'NONE', ( #3372, #807, #3696, #3927 ) ) ;
#2519 =( NAMED_UNIT ( * ) PLANE_ANGLE_UNIT ( ) SI_UNIT ( $, .RADIAN. ) );
#2520 = CARTESIAN_POINT ( 'NONE',  ( 7.750000000000000000, 3.000000000000000000, 7.750000000000000000 ) ) ;
#2521 = AXIS2_PLACEMENT_3D ( 'NONE', #2155, #2450, #551 ) ;
#2522 = CARTESIAN_POINT ( 'NONE',  ( 9.949897423601511193, 10.68782836960448357, -8.681037411377229063 ) ) ;
#2523 = CARTESIAN_POINT ( 'NONE',  ( 9.531587107320200758, 11.47870523012925936, -6.459121974994850746 ) ) ;
#2524 = CARTESIAN_POINT ( 'NONE',  ( -5.577831458447519708, 10.47959100868060034, -7.393802821598780106 ) ) ;
#2525 =( NAMED_UNIT ( * ) PLANE_ANGLE_UNIT ( ) SI_UNIT ( $, .RADIAN. ) );
#2526 = CARTESIAN_POINT ( 'NONE',  ( 5.622777614277416625, 10.42713612442543791, -7.184367742635376253 ) ) ;
#2527 = ORIENTED_EDGE ( 'NONE', *, *, #2729, .F. ) ;
#2528 = DIRECTION ( 'NONE',  ( 0.000000000000000000, 0.9396926207859080948, -0.3420201433256697676 ) ) ;
#2529 = DIRECTION ( 'NONE',  ( 0.000000000000000000, 1.000000000000000000, 0.000000000000000000 ) ) ;
#2530 = CARTESIAN_POINT ( 'NONE',  ( -7.750000000000000000, 6.500000000000000000, 6.649999999999999467 ) ) ;
#2531 = CARTESIAN_POINT ( 'NONE',  ( -1.000000000000000000, 22.50000000000000000, -8.323523748259249899 ) ) ;
#2532 = CARTESIAN_POINT ( 'NONE',  ( -11.19999999999999929, 6.500000000000000000, 9.500000000000000000 ) ) ;
#2533 = MECHANICAL_DESIGN_GEOMETRIC_PRESENTATION_REPRESENTATION (  '', ( #269 ), #3943 ) ;
#2534 = FILL_AREA_STYLE_COLOUR ( '', #1913 ) ;
#2535 = CARTESIAN_POINT ( 'NONE',  ( -8.652252160062101183, 19.04625022488400887, -8.494075729792067264 ) ) ;
#2536 =( NAMED_UNIT ( * ) PLANE_ANGLE_UNIT ( ) SI_UNIT ( $, .RADIAN. ) );
#2537 = ORIENTED_EDGE ( 'NONE', *, *, #2920, .T. ) ;
#2538 = SURFACE_STYLE_FILL_AREA ( #2797 ) ;
#2539 = CARTESIAN_POINT ( 'NONE',  ( -9.779510167219989114, 11.43064443337348912, -8.815552906970266278 ) ) ;
#2540 = EDGE_CURVE ( 'NONE', #2042, #468, #3817, .T. ) ;
#2541 = LINE ( 'NONE', #1868, #4042 ) ;
#2542 = ORIENTED_EDGE ( 'NONE', *, *, #3599, .F. ) ;
#2543 = ADVANCED_FACE ( 'NONE', ( #311 ), #3796, .F. ) ;
#2544 = SURFACE_STYLE_FILL_AREA ( #987 ) ;
#2545 = CARTESIAN_POINT ( 'NONE',  ( 9.729954585533723943, 11.49999999978719423, -8.045816885897624005 ) ) ;
#2546 =( NAMED_UNIT ( * ) SI_UNIT ( $, .STERADIAN. ) SOLID_ANGLE_UNIT ( ) );
#2547 = CARTESIAN_POINT ( 'NONE',  ( 5.593257543946671184, 10.46469912906394839, -7.315847925332519708 ) ) ;
#2548 = VECTOR ( 'NONE', #440, 1000.000000000000114 ) ;
#2549 = ADVANCED_FACE ( 'NONE', ( #293 ), #3659, .F. ) ;
#2550 = CARTESIAN_POINT ( 'NONE',  ( 9.605350382192286318, 11.43507115207378178, -6.562944106270487410 ) ) ;
#2551 = CARTESIAN_POINT ( 'NONE',  ( -6.789384182704961468, 9.216703369936716683, -5.770779613030864397 ) ) ;
#2552 = CARTESIAN_POINT ( 'NONE',  ( 5.640020188946321511, 10.87330150103955440, -7.092821718810933262 ) ) ;
#2553 = DIRECTION ( 'NONE',  ( 0.000000000000000000, -0.3420201433256694901, -0.9396926207859080948 ) ) ;
#2554 = CARTESIAN_POINT ( 'NONE',  ( 9.598059620700903238, 12.47139491276482026, -8.940733154245634751 ) ) ;
#2555 = CARTESIAN_POINT ( 'NONE',  ( -10.62240611950027969, 15.69499003262374970, -7.533653519862933301 ) ) ;
#2556 = CARTESIAN_POINT ( 'NONE',  ( -9.034034390456605834, 13.24968591265638373, -9.236062428089606868 ) ) ;
#2557 = SURFACE_SIDE_STYLE ('',( #266 ) ) ;
#2558 = VECTOR ( 'NONE', #2664, 1000.000000000000000 ) ;
#2559 = CARTESIAN_POINT ( 'NONE',  ( 11.19999999999999929, 12.30000000000000071, -9.500000000000000000 ) ) ;
#2560 = CARTESIAN_POINT ( 'NONE',  ( -6.649999999999999467, 3.000000000000000000, 7.750000000000000000 ) ) ;
#2561 = LINE ( 'NONE', #3185, #3507 ) ;
#2562 = ORIENTED_EDGE ( 'NONE', *, *, #3050, .F. ) ;
#2563 = PLANE ( 'NONE',  #1375 ) ;
#2564 = CARTESIAN_POINT ( 'NONE',  ( 1.300000000000000044, -0.5000000000000000000, -6.000000000000000000 ) ) ;
#2565 = CARTESIAN_POINT ( 'NONE',  ( 1.300000000000000044, 2.500000000000000000, 6.000000000000000000 ) ) ;
#2566 = STYLED_ITEM ( 'NONE', ( #3051 ), #1434 ) ;
#2567 = EDGE_CURVE ( 'NONE', #3005, #3687, #2356, .T. ) ;
#2568 = CARTESIAN_POINT ( 'NONE',  ( 5.860627790477276555, 10.04767428702469445, -6.622652730685692823 ) ) ;
#2569 = CARTESIAN_POINT ( 'NONE',  ( 9.543438343106609878, 11.50000000000000000, -6.475802641081470412 ) ) ;
#2570 = COLOUR_RGB ( '',0.8078431372549019773, 0.8078431372549019773, 0.8078431372549019773 ) ;
#2571 = CARTESIAN_POINT ( 'NONE',  ( 8.324343073545584559, 10.58343326093219261, -5.626267465574655624 ) ) ;
#2572 = STYLED_ITEM ( 'NONE', ( #187 ), #3649 ) ;
#2573 = CARTESIAN_POINT ( 'NONE',  ( -5.728896537902011588, 10.25277605983168705, -6.880975137962316523 ) ) ;
#2574 = CARTESIAN_POINT ( 'NONE',  ( 6.108362811171190287, 11.07322796967595835, -5.219697966258140198 ) ) ;
#2575 = CARTESIAN_POINT ( 'NONE',  ( 6.687742198929456094, 6.558880156885626533, 0.8624874813287239927 ) ) ;
#2576 = MECHANICAL_DESIGN_GEOMETRIC_PRESENTATION_REPRESENTATION (  '', ( #3387 ), #514 ) ;
#2577 = FILL_AREA_STYLE ('',( #2534 ) ) ;
#2578 = CARTESIAN_POINT ( 'NONE',  ( -9.423776597027877955, 18.05212852747243346, -8.333932052095756049 ) ) ;
#2579 =( LENGTH_UNIT ( ) NAMED_UNIT ( * ) SI_UNIT ( .MILLI., .METRE. ) );
#2580 = CARTESIAN_POINT ( 'NONE',  ( -6.259994790605449388, 10.62956498582312115, -6.131394280259369722 ) ) ;
#2581 = PRESENTATION_STYLE_ASSIGNMENT (( #1312 ) ) ;
#2582 = FILL_AREA_STYLE ('',( #4121 ) ) ;
#2583 = ORIENTED_EDGE ( 'NONE', *, *, #2286, .T. ) ;
#2584 = EDGE_CURVE ( 'NONE', #1173, #3404, #2319, .T. ) ;
#2585 = SURFACE_SIDE_STYLE ('',( #1272 ) ) ;
#2586 = CARTESIAN_POINT ( 'NONE',  ( 7.750000000000000000, -0.5000000000000000000, 7.750000000000000000 ) ) ;
#2587 = AXIS2_PLACEMENT_3D ( 'NONE', #914, #2467, #2868 ) ;
#2588 = DIRECTION ( 'NONE',  ( 0.000000000000000000, -1.000000000000000000, 0.000000000000000000 ) ) ;
#2589 = FILL_AREA_STYLE ('',( #936 ) ) ;
#2590 = CARTESIAN_POINT ( 'NONE',  ( 8.942436616204007649, 10.87317143309320144, -5.900758045840392541 ) ) ;
#2591 = FILL_AREA_STYLE ('',( #1036 ) ) ;
#2592 = EDGE_CURVE ( 'NONE', #200, #3450, #333, .T. ) ;
#2593 = CARTESIAN_POINT ( 'NONE',  ( -7.112818273490774779, 9.096042570107284675, -5.642932313368651087 ) ) ;
#2594 = PLANE ( 'NONE',  #635 ) ;
#2595 = CARTESIAN_POINT ( 'NONE',  ( -7.957677290350526178, 13.76190315170039291, -9.499999999999996447 ) ) ;
#2596 = ADVANCED_FACE ( 'NONE', ( #2651 ), #1718, .F. ) ;
#2597 = FILL_AREA_STYLE ('',( #383 ) ) ;
#2598 = CARTESIAN_POINT ( 'NONE',  ( 1.000000000000000000, 21.50000000000000000, -9.500000000000000000 ) ) ;
#2599 = CARTESIAN_POINT ( 'NONE',  ( -7.625472699796710607, 9.041888112304949487, -5.553527156665929887 ) ) ;
#2600 = CARTESIAN_POINT ( 'NONE',  ( 7.750000000000000000, -0.5000000000000000000, 6.649999999999999467 ) ) ;
#2601 = EDGE_CURVE ( 'NONE', #487, #3046, #3270, .T. ) ;
#2602 = VERTEX_POINT ( 'NONE', #1696 ) ;
#2603 = VERTEX_POINT ( 'NONE', #3327 ) ;
#2604 = DIRECTION ( 'NONE',  ( 0.000000000000000000, 0.000000000000000000, 1.000000000000000000 ) ) ;
#2605 = AXIS2_PLACEMENT_3D ( 'NONE', #1647, #1057, #1018 ) ;
#2606 = EDGE_CURVE ( 'NONE', #3904, #2722, #460, .T. ) ;
#2607 =( NAMED_UNIT ( * ) PLANE_ANGLE_UNIT ( ) SI_UNIT ( $, .RADIAN. ) );
#2608 = UNCERTAINTY_MEASURE_WITH_UNIT (LENGTH_MEASURE( 1.000000000000000082E-05 ), #2636, 'distance_accuracy_value', 'NONE');
#2609 = CARTESIAN_POINT ( 'NONE',  ( -9.169553702713260535, 11.04494282357626922, -6.069248063688172934 ) ) ;
#2610 = FILL_AREA_STYLE ('',( #3914 ) ) ;
#2611 = EDGE_CURVE ( 'NONE', #2220, #201, #3974, .T. ) ;
#2612 = PRESENTATION_STYLE_ASSIGNMENT (( #336 ) ) ;
#2613 = CARTESIAN_POINT ( 'NONE',  ( -5.624163242531708740, 10.42440271348751324, -7.182657686023509847 ) ) ;
#2614 = CARTESIAN_POINT ( 'NONE',  ( 6.688791665738700765, 9.262699854354719875, -5.817720407866080912 ) ) ;
#2615 = CARTESIAN_POINT ( 'NONE',  ( 6.515400791250421264, 6.522907474358979663, 1.171518689059993790 ) ) ;
#2616 = EDGE_LOOP ( 'NONE', ( #1060, #302, #1161, #548 ) ) ;
#2617 = CARTESIAN_POINT ( 'NONE',  ( -11.17666443796111153, 13.01953287679486593, -6.337909331734057794 ) ) ;
#2618 = DIRECTION ( 'NONE',  ( 0.000000000000000000, 0.000000000000000000, 1.000000000000000000 ) ) ;
#2619 = STYLED_ITEM ( 'NONE', ( #2830 ), #2245 ) ;
#2620 = ADVANCED_FACE ( 'NONE', ( #3030 ), #164, .F. ) ;
#2621 = EDGE_CURVE ( 'NONE', #1579, #1883, #2064, .T. ) ;
#2622 = CARTESIAN_POINT ( 'NONE',  ( -9.846071427119717612, 11.25396718220537373, -8.764891622912690750 ) ) ;
#2623 =( LENGTH_UNIT ( ) NAMED_UNIT ( * ) SI_UNIT ( .MILLI., .METRE. ) );
#2624 = FACE_OUTER_BOUND ( 'NONE', #1830, .T. ) ;
#2625 = ORIENTED_EDGE ( 'NONE', *, *, #1791, .T. ) ;
#2626 = VECTOR ( 'NONE', #3007, 1000.000000000000000 ) ;
#2627 = ORIENTED_EDGE ( 'NONE', *, *, #585, .T. ) ;
#2628 =( LENGTH_UNIT ( ) NAMED_UNIT ( * ) SI_UNIT ( .MILLI., .METRE. ) );
#2629 = PRESENTATION_STYLE_ASSIGNMENT (( #1998 ) ) ;
#2630 = LINE ( 'NONE', #3210, #3309 ) ;
#2631 = DIRECTION ( 'NONE',  ( -4.956352788505160310E-16, 0.000000000000000000, -1.000000000000000000 ) ) ;
#2632 = CARTESIAN_POINT ( 'NONE',  ( 7.750000000000000000, 3.000000000000000000, 7.750000000000000000 ) ) ;
#2633 = LINE ( 'NONE', #976, #410 ) ;
#2634 = CARTESIAN_POINT ( 'NONE',  ( -6.414320200029130170, 9.449840814812048961, -6.001854626830200878 ) ) ;
#2635 = SURFACE_SIDE_STYLE ('',( #995 ) ) ;
#2636 =( LENGTH_UNIT ( ) NAMED_UNIT ( * ) SI_UNIT ( .MILLI., .METRE. ) );
#2637 = VECTOR ( 'NONE', #681, 1000.000000000000000 ) ;
#2638 = DIRECTION ( 'NONE',  ( -1.000000000000000000, 0.000000000000000000, 0.000000000000000000 ) ) ;
#2639 = ORIENTED_EDGE ( 'NONE', *, *, #2240, .T. ) ;
#2640 = AXIS2_PLACEMENT_3D ( 'NONE', #2148, #1122, #4057 ) ;
#2641 =( NAMED_UNIT ( * ) SI_UNIT ( $, .STERADIAN. ) SOLID_ANGLE_UNIT ( ) );
#2642 = SURFACE_STYLE_FILL_AREA ( #2597 ) ;
#2643 = DIRECTION ( 'NONE',  ( 0.000000000000000000, -0.9396926207859080948, 0.3420201433256696011 ) ) ;
#2644 =( BOUNDED_CURVE ( )  B_SPLINE_CURVE ( 3, ( #2900, #331, #1032, #2317 ),
 .UNSPECIFIED., .F., .F. ) 
 B_SPLINE_CURVE_WITH_KNOTS ( ( 4, 4 ),
 ( 6.194178944799039854, 8.231962270885750499 ),
 .UNSPECIFIED. ) 
 CURVE ( )  GEOMETRIC_REPRESENTATION_ITEM ( )  RATIONAL_B_SPLINE_CURVE ( ( 1.000000000000000000, 0.6828733682772719638, 0.6828733682772719638, 1.000000000000000000 ) ) 
 REPRESENTATION_ITEM ( '' )  );
#2645 = COLOUR_RGB ( '',0.8078431372549019773, 0.8078431372549019773, 0.8078431372549019773 ) ;
#2646 = SURFACE_STYLE_USAGE ( .BOTH. , #1365 ) ;
#2647 = ORIENTED_EDGE ( 'NONE', *, *, #2367, .F. ) ;
#2648 = CARTESIAN_POINT ( 'NONE',  ( -7.500825882944790024, 9.034574174407801195, -5.559312104449060321 ) ) ;
#2649 = CARTESIAN_POINT ( 'NONE',  ( 6.460021672078156918, 10.55599476616601962, -5.947259817012215954 ) ) ;
#2650 = PRESENTATION_STYLE_ASSIGNMENT (( #2046 ) ) ;
#2651 = FACE_OUTER_BOUND ( 'NONE', #4085, .T. ) ;
#2652 = AXIS2_PLACEMENT_3D ( 'NONE', #531, #3709, #2724 ) ;
#2653 = CARTESIAN_POINT ( 'NONE',  ( -8.074154140753559972, 10.51488140205206179, -5.573540155538139196 ) ) ;
#2654 = CARTESIAN_POINT ( 'NONE',  ( -7.750000000000000000, -0.5000000000000000000, 8.849999999999999645 ) ) ;
#2655 = CARTESIAN_POINT ( 'NONE',  ( 11.19999999999999929, 12.91323064363050044, -6.288328210718760580 ) ) ;
#2656 = CARTESIAN_POINT ( 'NONE',  ( -7.288510504520737676, 6.777962784446560640, -0.1039389831208389764 ) ) ;
#2657 = CARTESIAN_POINT ( 'NONE',  ( -7.750000000000000000, 6.500000000000000000, 7.750000000000000000 ) ) ;
#2658 = CARTESIAN_POINT ( 'NONE',  ( 7.735961891286278203, 7.027194210474883462, -0.7592307715758870312 ) ) ;
#2659 = EDGE_LOOP ( 'NONE', ( #3815, #689, #2562, #2016 ) ) ;
#2660 = PRESENTATION_STYLE_ASSIGNMENT (( #3565 ) ) ;
#2661 = CARTESIAN_POINT ( 'NONE',  ( 7.750000000000000000, 6.500000000000000000, -8.849999999999999645 ) ) ;
#2662 =( NAMED_UNIT ( * ) PLANE_ANGLE_UNIT ( ) SI_UNIT ( $, .RADIAN. ) );
#2663 = CARTESIAN_POINT ( 'NONE',  ( -7.700000000000000178, 6.500000000000000000, 6.000000000000000000 ) ) ;
#2664 = DIRECTION ( 'NONE',  ( -1.982541115402064913E-15, 0.000000000000000000, 1.000000000000000000 ) ) ;
#2665 = ORIENTED_EDGE ( 'NONE', *, *, #137, .T. ) ;
#2666 = VECTOR ( 'NONE', #3010, 1000.000000000000000 ) ;
#2667 = CARTESIAN_POINT ( 'NONE',  ( -6.250483284646409565, 6.500000000000000000, 1.701245229258260050 ) ) ;
#2668 = FILL_AREA_STYLE ('',( #2045 ) ) ;
#2669 = CARTESIAN_POINT ( 'NONE',  ( -11.19999999999999929, 6.500000000000000000, -2.500000000000000000 ) ) ;
#2670 = EDGE_CURVE ( 'NONE', #3404, #3730, #1752, .T. ) ;
#2671 = CIRCLE ( 'NONE', #2142, 6.000000000000000000 ) ;
#2672 = EDGE_CURVE ( 'NONE', #2895, #946, #2705, .T. ) ;
#2673 = UNCERTAINTY_MEASURE_WITH_UNIT (LENGTH_MEASURE( 1.000000000000000082E-05 ), #1737, 'distance_accuracy_value', 'NONE');
#2674 = ADVANCED_FACE ( 'NONE', ( #3653 ), #2371, .T. ) ;
#2675 = UNCERTAINTY_MEASURE_WITH_UNIT (LENGTH_MEASURE( 1.000000000000000082E-05 ), #1587, 'distance_accuracy_value', 'NONE');
#2676 = CARTESIAN_POINT ( 'NONE',  ( -8.258571426409341498, 10.56320328695084498, -5.609560712504126023 ) ) ;
#2677 = MECHANICAL_DESIGN_GEOMETRIC_PRESENTATION_REPRESENTATION (  '', ( #2004 ), #2942 ) ;
#2678 = CARTESIAN_POINT ( 'NONE',  ( -5.740258770809145261, 11.05352118633443581, -6.285701717878085404 ) ) ;
#2679 = FILL_AREA_STYLE ('',( #1392 ) ) ;
#2680 = EDGE_CURVE ( 'NONE', #3904, #1406, #1065, .T. ) ;
#2681 = PLANE ( 'NONE',  #2605 ) ;
#2682 = CARTESIAN_POINT ( 'NONE',  ( 9.108752014520744567, 17.32556263465512458, -9.204267501845311727 ) ) ;
#2683 = MECHANICAL_DESIGN_GEOMETRIC_PRESENTATION_REPRESENTATION (  '', ( #1277 ), #734 ) ;
#2684 = ORIENTED_EDGE ( 'NONE', *, *, #381, .T. ) ;
#2685 = DIRECTION ( 'NONE',  ( 0.000000000000000000, 0.000000000000000000, 1.000000000000000000 ) ) ;
#2686 = DIRECTION ( 'NONE',  ( 0.000000000000000000, 0.3420201433256695456, 0.9396926207859082059 ) ) ;
#2687 = DIRECTION ( 'NONE',  ( 0.000000000000000000, -1.000000000000000000, 0.000000000000000000 ) ) ;
#2688 = CARTESIAN_POINT ( 'NONE',  ( 9.950000000000001066, 22.50000000000000000, -8.680951323690900168 ) ) ;
#2689 = PRESENTATION_LAYER_ASSIGNMENT (  '', '', ( #3763 ) ) ;
#2690 = CARTESIAN_POINT ( 'NONE',  ( -10.31919402452050427, 15.64372483522139312, -8.321601140908130745 ) ) ;
#2691 = CARTESIAN_POINT ( 'NONE',  ( 11.12354962466857522, 13.55601320554097278, -6.587660755713451444 ) ) ;
#2692 = VERTEX_POINT ( 'NONE', #776 ) ;
#2693 = FACE_OUTER_BOUND ( 'NONE', #3983, .T. ) ;
#2694 = SURFACE_STYLE_FILL_AREA ( #1118 ) ;
#2695 = SURFACE_SIDE_STYLE ('',( #783 ) ) ;
#2696 = EDGE_CURVE ( 'NONE', #1125, #475, #2671, .T. ) ;
#2697 = CARTESIAN_POINT ( 'NONE',  ( 8.001525739120239678, 18.37588287330459735, -9.500000000000000000 ) ) ;
#2698 = ORIENTED_EDGE ( 'NONE', *, *, #265, .F. ) ;
#2699 = DIRECTION ( 'NONE',  ( 0.000000000000000000, -0.9396926207859080948, 0.3420201433256694901 ) ) ;
#2700 = ORIENTED_EDGE ( 'NONE', *, *, #370, .F. ) ;
#2701 = STYLED_ITEM ( 'NONE', ( #2923 ), #1194 ) ;
#2702 = DIRECTION ( 'NONE',  ( 0.000000000000000000, 0.000000000000000000, -1.000000000000000000 ) ) ;
#2703 = SURFACE_STYLE_FILL_AREA ( #2082 ) ;
#2704 = CARTESIAN_POINT ( 'NONE',  ( -8.888842035882069226, 18.77468368955175038, -8.472708770398899247 ) ) ;
#2705 = LINE ( 'NONE', #3963, #3747 ) ;
#2706 =( GEOMETRIC_REPRESENTATION_CONTEXT ( 3 ) GLOBAL_UNCERTAINTY_ASSIGNED_CONTEXT ( ( #3933 ) ) GLOBAL_UNIT_ASSIGNED_CONTEXT ( ( #3100, #1828, #863 ) ) REPRESENTATION_CONTEXT ( 'NONE', 'WORKASPACE' ) );
#2707 = CARTESIAN_POINT ( 'NONE',  ( -11.00976336081554230, 13.87549680807996388, -7.138354551336812293 ) ) ;
#2708 = CARTESIAN_POINT ( 'NONE',  ( 10.54485569685614443, 15.89670155417225850, -7.614158259804610474 ) ) ;
#2709 = STYLED_ITEM ( 'NONE', ( #4077 ), #476 ) ;
#2710 = ORIENTED_EDGE ( 'NONE', *, *, #2606, .F. ) ;
#2711 = CARTESIAN_POINT ( 'NONE',  ( -6.257293788408828661, 10.57770120806001302, -6.097934685991129200 ) ) ;
#2712 = CIRCLE ( 'NONE', #2044, 1.100000000000000311 ) ;
#2713 = CYLINDRICAL_SURFACE ( 'NONE', #692, 1.100000000000000311 ) ;
#2714 = B_SPLINE_CURVE_WITH_KNOTS ( 'NONE', 3,
 ( #2005, #1660, #3290, #683, #2340, #3856, #724, #353, #1014, #1319, #664, #1624, #417, #1935, #2905, #59, #2590, #377, #3874, #1677, #992, #975, #2277, #1643, #335, #77, #3250, #2298, #2571, #1338, #2967, #1609, #1914 ),
 .UNSPECIFIED., .F., .F.,
 ( 4, 2, 1, 1, 2, 2, 2, 2, 2, 2, 1, 2, 2, 2, 1, 1, 2, 2, 4 ),
 ( 0.000000000000000000, 0.06249999999999822364, 0.09374999999999658606, 0.1093749999999960587, 0.1171874999999960865, 0.1249999999999961142, 0.1874999999999939770, 0.2499999999999918399, 0.3749999999999896749, 0.4374999999999883427, 0.4687499999999871214, 0.4843749999999870659, 0.4999999999999870104, 0.6249999999999834577, 0.6874999999999812372, 0.7187499999999801270, 0.7343749999999810152, 0.7499999999999819034, 1.000000000000000000 ),
 .UNSPECIFIED. ) ;
#2715 = FILL_AREA_STYLE_COLOUR ( '', #471 ) ;
#2716 = FILL_AREA_STYLE_COLOUR ( '', #1096 ) ;
#2717 = CARTESIAN_POINT ( 'NONE',  ( 7.700000000000000178, -0.5000000000000000000, -9.500000000000000000 ) ) ;
#2718 = CARTESIAN_POINT ( 'NONE',  ( 8.281596610455139285, 18.13991077862410251, -9.461792281709920260 ) ) ;
#2719 = ORIENTED_EDGE ( 'NONE', *, *, #2611, .F. ) ;
#2720 = CARTESIAN_POINT ( 'NONE',  ( -5.553357087749369647, 10.45010688041444169, -7.608546720893723858 ) ) ;
#2721 = CARTESIAN_POINT ( 'NONE',  ( 8.723819749446134253, 17.72563301520390056, -9.349488737994764875 ) ) ;
#2722 = VERTEX_POINT ( 'NONE', #1424 ) ;
#2723 = CIRCLE ( 'NONE', #841, 9.199999999999999289 ) ;
#2724 = DIRECTION ( 'NONE',  ( 0.000000000000000000, 0.000000000000000000, -1.000000000000000000 ) ) ;
#2725 = DIRECTION ( 'NONE',  ( 0.000000000000000000, -0.9396926207859080948, 0.3420201433256693790 ) ) ;
#2726 = CARTESIAN_POINT ( 'NONE',  ( -10.94953891896215659, 14.62673974135529598, -7.366727663780938684 ) ) ;
#2727 = EDGE_CURVE ( 'NONE', #3772, #380, #3674, .T. ) ;
#2728 = CARTESIAN_POINT ( 'NONE',  ( -3.550000000000000266, 8.535396976686518755, -12.78861555429273977 ) ) ;
#2729 = EDGE_CURVE ( 'NONE', #1779, #2424, #135, .T. ) ;
#2730 = ORIENTED_EDGE ( 'NONE', *, *, #452, .T. ) ;
#2731 = VERTEX_POINT ( 'NONE', #3153 ) ;
#2732 = CARTESIAN_POINT ( 'NONE',  ( 6.608721194022054490, 9.314851846055404394, -5.868871130245255863 ) ) ;
#2733 = FILL_AREA_STYLE_COLOUR ( '', #2033 ) ;
#2734 = AXIS2_PLACEMENT_3D ( 'NONE', #2013, #405, #1382 ) ;
#2735 = VECTOR ( 'NONE', #2817, 1000.000000000000000 ) ;
#2736 = VECTOR ( 'NONE', #1258, 1000.000000000000000 ) ;
#2737 = B_SPLINE_CURVE_WITH_KNOTS ( 'NONE', 3,
 ( #2984, #2334, #91, #1387 ),
 .UNSPECIFIED., .F., .F.,
 ( 4, 4 ),
 ( 0.000000000000000000, 0.0009370637705601389403 ),
 .UNSPECIFIED. ) ;
#2738 = CARTESIAN_POINT ( 'NONE',  ( 7.750000000000000000, 6.500000000000000000, 7.750000000000000000 ) ) ;
#2739 = AXIS2_PLACEMENT_3D ( 'NONE', #3466, #1216, #2765 ) ;
#2740 = CARTESIAN_POINT ( 'NONE',  ( 10.75724479150800050, 15.33933619838570017, -7.390990337447509440 ) ) ;
#2741 = ORIENTED_EDGE ( 'NONE', *, *, #2071, .T. ) ;
#2742 = PRESENTATION_STYLE_ASSIGNMENT (( #2992 ) ) ;
#2743 = STYLED_ITEM ( 'NONE', ( #3216 ), #1979 ) ;
#2744 = ORIENTED_EDGE ( 'NONE', *, *, #1119, .F. ) ;
#2745 = DIRECTION ( 'NONE',  ( 0.000000000000000000, 0.000000000000000000, 1.000000000000000000 ) ) ;
#2746 = SURFACE_STYLE_USAGE ( .BOTH. , #3355 ) ;
#2747 = CARTESIAN_POINT ( 'NONE',  ( -10.64091302996120092, 15.04136206143845023, -7.947386471197258828 ) ) ;
#2748 = CARTESIAN_POINT ( 'NONE',  ( -8.213881034797070768, 18.21469168706508412, -9.500000000000003553 ) ) ;
#2749 = CARTESIAN_POINT ( 'NONE',  ( 9.130515507661113972, 18.45917256258541173, -8.419325888129414182 ) ) ;
#2750 = ORIENTED_EDGE ( 'NONE', *, *, #676, .F. ) ;
#2751 = ORIENTED_EDGE ( 'NONE', *, *, #1499, .F. ) ;
#2752 = CARTESIAN_POINT ( 'NONE',  ( 6.522080010458402910, 9.369960834329086552, -5.923291197349448645 ) ) ;
#2753 = SURFACE_STYLE_FILL_AREA ( #1146 ) ;
#2754 = FACE_OUTER_BOUND ( 'NONE', #2883, .T. ) ;
#2755 = COLOUR_RGB ( '',0.8078431372549019773, 0.8078431372549019773, 0.8078431372549019773 ) ;
#2756 = DIRECTION ( 'NONE',  ( 1.000000000000000000, 0.000000000000000000, 0.000000000000000000 ) ) ;
#2757 = CARTESIAN_POINT ( 'NONE',  ( -6.109069523858984496, 10.46981974800786830, -6.073251768628844971 ) ) ;
#2758 = EDGE_LOOP ( 'NONE', ( #1491, #122, #2838, #2144 ) ) ;
#2759 =( NAMED_UNIT ( * ) PLANE_ANGLE_UNIT ( ) SI_UNIT ( $, .RADIAN. ) );
#2760 = CARTESIAN_POINT ( 'NONE',  ( 10.27976276330655203, 15.71513326870835670, -8.365422540757085912 ) ) ;
#2761 = CIRCLE ( 'NONE', #3840, 3.499999999999999556 ) ;
#2762 = ORIENTED_EDGE ( 'NONE', *, *, #2420, .F. ) ;
#2763 = LINE ( 'NONE', #2429, #1774 ) ;
#2764 = CARTESIAN_POINT ( 'NONE',  ( -9.950000000000001066, 10.59228553518790150, -8.160545368127309018 ) ) ;
#2765 = DIRECTION ( 'NONE',  ( 0.000000000000000000, -0.9396926207859085389, 0.3420201433256686574 ) ) ;
#2766 = PRESENTATION_LAYER_ASSIGNMENT (  '', '', ( #2031 ) ) ;
#2767 = UNCERTAINTY_MEASURE_WITH_UNIT (LENGTH_MEASURE( 1.000000000000000082E-05 ), #1110, 'distance_accuracy_value', 'NONE');
#2768 = PRESENTATION_LAYER_ASSIGNMENT (  '', '', ( #1962 ) ) ;
#2769 = CARTESIAN_POINT ( 'NONE',  ( -10.42669912253557918, 15.44090528225126668, -8.195321133116987511 ) ) ;
#2770 = CARTESIAN_POINT ( 'NONE',  ( 9.865743407790644071, 17.34433359972278410, -8.138072214956110884 ) ) ;
#2771 = VECTOR ( 'NONE', #2862, 1000.000000000000000 ) ;
#2772 = ORIENTED_EDGE ( 'NONE', *, *, #673, .F. ) ;
#2773 = ORIENTED_EDGE ( 'NONE', *, *, #1131, .T. ) ;
#2774 = PRESENTATION_STYLE_ASSIGNMENT (( #3071 ) ) ;
#2775 = STYLED_ITEM ( 'NONE', ( #2940 ), #3777 ) ;
#2776 = CARTESIAN_POINT ( 'NONE',  ( 5.549999999999999822, 11.78832503929401909, -3.851269155168405067 ) ) ;
#2777 = B_SPLINE_CURVE_WITH_KNOTS ( 'NONE', 3,
 ( #2134, #624, #1891, #2841, #1810, #2801, #3766, #1524, #3190, #2198, #3129, #1588 ),
 .UNSPECIFIED., .F., .F.,
 ( 4, 2, 2, 2, 2, 4 ),
 ( 0.000000000000000000, 0.2500000000000028311, 0.3750000000000046074, 0.4375000000000051625, 0.5000000000000057732, 1.000000000000000000 ),
 .UNSPECIFIED. ) ;
#2778 = CIRCLE ( 'NONE', #373, 1.000000000000000888 ) ;
#2779 = DIRECTION ( 'NONE',  ( 1.000000000000000000, 0.000000000000000000, 0.000000000000000000 ) ) ;
#2780 = CARTESIAN_POINT ( 'NONE',  ( 1.300000000000000044, 2.500000000000000000, -6.000000000000000000 ) ) ;
#2781 = CARTESIAN_POINT ( 'NONE',  ( 5.422443232714062589, 11.22148693950700959, -7.458217508330145407 ) ) ;
#2782 = ORIENTED_EDGE ( 'NONE', *, *, #1714, .T. ) ;
#2783 = FILL_AREA_STYLE ('',( #1506 ) ) ;
#2784 = ORIENTED_EDGE ( 'NONE', *, *, #3221, .F. ) ;
#2785 = PRESENTATION_LAYER_ASSIGNMENT (  '', '', ( #1182 ) ) ;
#2786 = DIRECTION ( 'NONE',  ( 0.000000000000000000, 1.000000000000000000, 0.000000000000000000 ) ) ;
#2787 = CARTESIAN_POINT ( 'NONE',  ( -8.803414027295390909, 17.65363555858280264, -9.332377215047399588 ) ) ;
#2788 = FILL_AREA_STYLE ('',( #1533 ) ) ;
#2789 =( BOUNDED_CURVE ( )  B_SPLINE_CURVE ( 3, ( #3492, #3762, #325, #1557 ),
 .UNSPECIFIED., .F., .F. ) 
 B_SPLINE_CURVE_WITH_KNOTS ( ( 4, 4 ),
 ( 4.712388980384689674, 5.090369617295960047 ),
 .UNSPECIFIED. ) 
 CURVE ( )  GEOMETRIC_REPRESENTATION_ITEM ( )  RATIONAL_B_SPLINE_CURVE ( ( 1.000000000000000000, 0.9881296145801350406, 0.9881296145801350406, 1.000000000000000000 ) ) 
 REPRESENTATION_ITEM ( '' )  );
#2790 = MECHANICAL_DESIGN_GEOMETRIC_PRESENTATION_REPRESENTATION (  '', ( #1844 ), #1778 ) ;
#2791 = CARTESIAN_POINT ( 'NONE',  ( 8.175953361653942153, 13.69826758030699487, -9.467850961981921998 ) ) ;
#2792 = CARTESIAN_POINT ( 'NONE',  ( 8.653166836449651456, 19.05105499290616677, -8.500000000000001776 ) ) ;
#2793 = MECHANICAL_DESIGN_GEOMETRIC_PRESENTATION_REPRESENTATION (  '', ( #4064 ), #913 ) ;
#2794 = ORIENTED_EDGE ( 'NONE', *, *, #750, .T. ) ;
#2795 = ORIENTED_EDGE ( 'NONE', *, *, #1411, .F. ) ;
#2796 = EDGE_CURVE ( 'NONE', #527, #9, #3964, .T. ) ;
#2797 = FILL_AREA_STYLE ('',( #1266 ) ) ;
#2798 = SURFACE_SIDE_STYLE ('',( #1865 ) ) ;
#2799 = CARTESIAN_POINT ( 'NONE',  ( 5.836370501996245963, 10.90575006527244994, -6.231917428327374608 ) ) ;
#2800 = PLANE ( 'NONE',  #3514 ) ;
#2801 = CARTESIAN_POINT ( 'NONE',  ( -5.437204781244435736, 11.22629892606283342, -7.353984470541529817 ) ) ;
#2802 = VERTEX_POINT ( 'NONE', #2513 ) ;
#2803 = EDGE_CURVE ( 'NONE', #3564, #1125, #2206, .T. ) ;
#2804 = ADVANCED_FACE ( 'NONE', ( #238 ), #2186, .F. ) ;
#2805 = CARTESIAN_POINT ( 'NONE',  ( 11.16750640332476863, 13.01148005021493148, -6.519487165679557883 ) ) ;
#2806 = ORIENTED_EDGE ( 'NONE', *, *, #3126, .F. ) ;
#2807 = FILL_AREA_STYLE_COLOUR ( '', #1042 ) ;
#2808 = DIRECTION ( 'NONE',  ( 0.000000000000000000, -1.000000000000000000, 0.000000000000000000 ) ) ;
#2809 = CARTESIAN_POINT ( 'NONE',  ( 5.547825644884055052, 10.81142733692008839, -7.681126565760756364 ) ) ;
#2810 = CARTESIAN_POINT ( 'NONE',  ( 8.526642655072361521, 13.56811194666570586, -9.400979668030297276 ) ) ;
#2811 = CARTESIAN_POINT ( 'NONE',  ( -10.49665078144425934, 16.02214909749871907, -7.664245097575843602 ) ) ;
#2812 = ORIENTED_EDGE ( 'NONE', *, *, #2286, .F. ) ;
#2813 = ORIENTED_EDGE ( 'NONE', *, *, #3423, .F. ) ;
#2814 = UNCERTAINTY_MEASURE_WITH_UNIT (LENGTH_MEASURE( 1.000000000000000082E-05 ), #1358, 'distance_accuracy_value', 'NONE');
#2815 = SURFACE_STYLE_USAGE ( .BOTH. , #2557 ) ;
#2816 = DIRECTION ( 'NONE',  ( 0.000000000000000000, 0.000000000000000000, -1.000000000000000000 ) ) ;
#2817 = DIRECTION ( 'NONE',  ( 0.000000000000000000, 1.000000000000000000, 0.000000000000000000 ) ) ;
#2818 = CARTESIAN_POINT ( 'NONE',  ( 11.19999999999999929, 6.500000000000000000, 1.701245229258260050 ) ) ;
#2819 = FILL_AREA_STYLE ('',( #272 ) ) ;
#2820 = CARTESIAN_POINT ( 'NONE',  ( -9.950000000000001066, 10.50756511718494046, -7.750000000000000000 ) ) ;
#2821 = ORIENTED_EDGE ( 'NONE', *, *, #3243, .T. ) ;
#2822 = CARTESIAN_POINT ( 'NONE',  ( 11.02767784494131931, 13.81176119465999008, -7.093646120606717176 ) ) ;
#2823 = B_SPLINE_CURVE_WITH_KNOTS ( 'NONE', 3,
 ( #115, #748, #1681, #1378, #2721, #132, #1395, #2682, #3958, #2364, #1081, #3770, #3750, #2464, #3058, #3438, #3686, #1195, #1128, #2760, #569, #3132, #868, #4045, #2136, #3416, #1850, #252, #2153, #1547, #549, #2488, #810, #1209, #1832, #888, #1172, #2822, #191, #2805, #2426, #2407 ),
 .UNSPECIFIED., .F., .F.,
 ( 4, 2, 2, 1, 1, 1, 2, 2, 2, 2, 1, 1, 1, 1, 2, 2, 2, 2, 1, 1, 1, 1, 1, 2, 2, 2, 4 ),
 ( 0.000000000000000000, 0.1250000000000826839, 0.1875000000001237899, 0.2187500000001441625, 0.2343750000001537659, 0.2421875000001582068, 0.2460937500001607048, 0.2500000000001632028, 0.3750000000002156053, 0.4375000000002424172, 0.4687500000002559619, 0.4843750000002628453, 0.4921875000002658429, 0.4960937500002668421, 0.4980468750002672862, 0.5000000000002676748, 0.6250000000002448042, 0.6875000000002337019, 0.7187500000002281508, 0.7343750000002254863, 0.7421875000002242651, 0.7460937500002235989, 0.7480468750002232659, 0.7490234375002230438, 0.7500000000002227107, 0.8750000000001113554, 1.000000000000000000 ),
 .UNSPECIFIED. ) ;
#2824 = UNCERTAINTY_MEASURE_WITH_UNIT (LENGTH_MEASURE( 1.000000000000000082E-05 ), #1381, 'distance_accuracy_value', 'NONE');
#2825 = CARTESIAN_POINT ( 'NONE',  ( 6.257293788408960111, 10.57770120806026348, -6.097934685991245551 ) ) ;
#2826 = B_SPLINE_CURVE_WITH_KNOTS ( 'NONE', 3,
 ( #2377, #3947, #3656, #1426, #1971, #87, #1405, #3338, #3262, #1067, #2351, #757, #1713, #3323, #2691, #3024, #1003, #3902, #695, #386, #1651, #3738, #3362, #4070, #181, #578, #1837, #1473, #241, #2396, #2708, #4013, #1821, #199, #1201, #4032, #2473, #1799, #3677, #3425, #3758, #2162, #3402, #876, #2415, #2770, #1114, #3694, #1159, #1514, #819, #3114, #3067, #1490, #3447, #4050, #1141, #2749, #795, #3716, #2086, #535, #2792, #3993 ),
 .UNSPECIFIED., .F., .F.,
 ( 4, 2, 2, 1, 1, 1, 1, 2, 2, 2, 1, 1, 1, 1, 2, 2, 2, 2, 1, 1, 1, 2, 2, 2, 1, 1, 1, 2, 2, 2, 1, 1, 1, 2, 2, 2, 1, 1, 1, 2, 2, 4 ),
 ( 0.000000000000000000, 0.06250000000003981537, 0.09375000000005963285, 0.1093750000000692085, 0.1171875000000743711, 0.1210937500000774658, 0.1230468750000785205, 0.1240234375000786593, 0.1250000000000787981, 0.1875000000000795197, 0.2187500000000801303, 0.2343750000000807132, 0.2421875000000806577, 0.2460937500000806855, 0.2480468750000802691, 0.2500000000000798250, 0.3750000000000492384, 0.4375000000000339173, 0.4687500000000266454, 0.4843750000000229261, 0.4921875000000210387, 0.4960937500000205946, 0.5000000000000200950, 0.5625000000000138778, 0.5937500000000103251, 0.6093750000000078826, 0.6171875000000064393, 0.6210937500000064393, 0.6250000000000063283, 0.6875000000000103251, 0.7187500000000116573, 0.7343750000000124345, 0.7421875000000122125, 0.7460937500000121014, 0.7500000000000119904, 0.8125000000000091038, 0.8437500000000081046, 0.8593750000000076605, 0.8671875000000075495, 0.8710937500000068834, 0.8750000000000063283, 1.000000000000000000 ),
 .UNSPECIFIED. ) ;
#2827 = AXIS2_PLACEMENT_3D ( 'NONE', #3079, #3461, #1848 ) ;
#2828 = CARTESIAN_POINT ( 'NONE',  ( 8.534500481099900782, 13.56450065310265352, -9.399060218726514648 ) ) ;
#2829 = CARTESIAN_POINT ( 'NONE',  ( -11.15105038357971701, 13.29848039441231045, -6.467949676228383460 ) ) ;
#2830 = PRESENTATION_STYLE_ASSIGNMENT (( #964 ) ) ;
#2831 = ORIENTED_EDGE ( 'NONE', *, *, #816, .F. ) ;
#2832 = VERTEX_POINT ( 'NONE', #1487 ) ;
#2833 = CARTESIAN_POINT ( 'NONE',  ( -7.700000000000000178, 6.500000000000000000, 6.000000000000000000 ) ) ;
#2834 = STYLED_ITEM ( 'NONE', ( #924 ), #1492 ) ;
#2835 = CARTESIAN_POINT ( 'NONE',  ( 6.389941309490444254, 10.04647594830112745, -5.919167226674438176 ) ) ;
#2836 = CARTESIAN_POINT ( 'NONE',  ( -1.000000000000000000, 22.50000000000000000, -8.500000000000000000 ) ) ;
#2837 = B_SPLINE_CURVE_WITH_KNOTS ( 'NONE', 3,
 ( #3062, #832, #3378, #215 ),
 .UNSPECIFIED., .F., .F.,
 ( 4, 4 ),
 ( 0.000000000000000000, 1.000000000000000000 ),
 .UNSPECIFIED. ) ;
#2838 = ORIENTED_EDGE ( 'NONE', *, *, #2621, .T. ) ;
#2839 = VECTOR ( 'NONE', #55, 1000.000000000000000 ) ;
#2840 = CARTESIAN_POINT ( 'NONE',  ( -5.619778792639049669, 10.43914659561647973, -7.181732440698479714 ) ) ;
#2841 = CARTESIAN_POINT ( 'NONE',  ( -5.423677010561084977, 11.19742422044235752, -7.525978104763509258 ) ) ;
#2842 = VERTEX_POINT ( 'NONE', #554 ) ;
#2843 = STYLED_ITEM ( 'NONE', ( #110 ), #1800 ) ;
#2844 = CARTESIAN_POINT ( 'NONE',  ( -7.750000000000000000, 10.45956135341902105, -5.549999999999999822 ) ) ;
#2845 = PRESENTATION_STYLE_ASSIGNMENT (( #957 ) ) ;
#2846 = CARTESIAN_POINT ( 'NONE',  ( -11.19999999999999929, 12.30000000000000071, -6.000000000000000000 ) ) ;
#2847 = CARTESIAN_POINT ( 'NONE',  ( -8.544310339415766009, 13.55994839355280490, -9.396636162164268669 ) ) ;
#2848 = STYLED_ITEM ( 'NONE', ( #2192 ), #4073 ) ;
#2849 = EDGE_CURVE ( 'NONE', #1173, #388, #1856, .T. ) ;
#2850 = CARTESIAN_POINT ( 'NONE',  ( 8.472454167411125781, 13.59224255094497913, -9.413756940222233638 ) ) ;
#2851 = CARTESIAN_POINT ( 'NONE',  ( -10.10521569866528679, 16.89737110806198572, -7.990946647720829077 ) ) ;
#2852 = CARTESIAN_POINT ( 'NONE',  ( -9.746051142951799307, 11.50000000000000000, -8.839661022098580290 ) ) ;
#2853 = EDGE_CURVE ( 'NONE', #2802, #90, #2452, .T. ) ;
#2854 = VERTEX_POINT ( 'NONE', #4090 ) ;
#2855 = CIRCLE ( 'NONE', #2587, 1.100000000000000311 ) ;
#2856 = ORIENTED_EDGE ( 'NONE', *, *, #2496, .F. ) ;
#2857 = LINE ( 'NONE', #1841, #1179 ) ;
#2858 = CARTESIAN_POINT ( 'NONE',  ( -7.750000000000000000, -0.5000000000000000000, -7.750000000000000000 ) ) ;
#2859 = STYLED_ITEM ( 'NONE', ( #3545 ), #3006 ) ;
#2860 = CARTESIAN_POINT ( 'NONE',  ( 7.826237921249258989, 6.500000000000000000, 1.701245229258260050 ) ) ;
#2861 = FILL_AREA_STYLE_COLOUR ( '', #1037 ) ;
#2862 = DIRECTION ( 'NONE',  ( 4.956352788505160310E-16, 0.000000000000000000, -1.000000000000000000 ) ) ;
#2863 = DIRECTION ( 'NONE',  ( 0.000000000000000000, 1.000000000000000000, 0.000000000000000000 ) ) ;
#2864 = CARTESIAN_POINT ( 'NONE',  ( 5.713769668385853429, 10.27784756333448435, -6.917046484921335114 ) ) ;
#2865 = ORIENTED_EDGE ( 'NONE', *, *, #3467, .T. ) ;
#2866 =( LENGTH_UNIT ( ) NAMED_UNIT ( * ) SI_UNIT ( .MILLI., .METRE. ) );
#2867 = FACE_BOUND ( 'NONE', #1116, .T. ) ;
#2868 = DIRECTION ( 'NONE',  ( 0.000000000000000000, 0.000000000000000000, 1.000000000000000000 ) ) ;
#2869 = CYLINDRICAL_SURFACE ( 'NONE', #2437, 2.249999999999999112 ) ;
#2870 = CARTESIAN_POINT ( 'NONE',  ( 5.579346001301092706, 10.86901087014882350, -7.379468612957525764 ) ) ;
#2871 = DIRECTION ( 'NONE',  ( -1.982541115402064913E-15, 0.000000000000000000, 1.000000000000000000 ) ) ;
#2872 = MECHANICAL_DESIGN_GEOMETRIC_PRESENTATION_REPRESENTATION (  '', ( #3744 ), #4076 ) ;
#2873 = COLOUR_RGB ( '',0.8078431372549019773, 0.8078431372549019773, 0.8078431372549019773 ) ;
#2874 = CARTESIAN_POINT ( 'NONE',  ( 9.168417845644754038, 13.12553154030415037, -9.177134804957782777 ) ) ;
#2875 = CARTESIAN_POINT ( 'NONE',  ( -11.05718122323073516, 14.00641599895220146, -6.794814552809972596 ) ) ;
#2876 = CARTESIAN_POINT ( 'NONE',  ( -9.139453368570514158, 13.15568188540435557, -9.190896824627976969 ) ) ;
#2877 = COLOUR_RGB ( '',0.8078431372549019773, 0.8078431372549019773, 0.8078431372549019773 ) ;
#2878 = CARTESIAN_POINT ( 'NONE',  ( -9.950000000000001066, 10.55466467296723998, -8.058806571397660434 ) ) ;
#2879 = CARTESIAN_POINT ( 'NONE',  ( -7.750000000000000000, 3.000000000000000000, -5.549999999999999822 ) ) ;
#2880 = AXIS2_PLACEMENT_3D ( 'NONE', #713, #1991, #4008 ) ;
#2881 = FILL_AREA_STYLE_COLOUR ( '', #1945 ) ;
#2882 = ORIENTED_EDGE ( 'NONE', *, *, #3858, .T. ) ;
#2883 = EDGE_LOOP ( 'NONE', ( #2435, #10, #1257, #1348, #969 ) ) ;
#2884 = PRESENTATION_STYLE_ASSIGNMENT (( #2218 ) ) ;
#2885 = CARTESIAN_POINT ( 'NONE',  ( 5.738464088394912288, 10.23691718874446011, -6.857892256785876661 ) ) ;
#2886 = CARTESIAN_POINT ( 'NONE',  ( 5.502375859568378047, 10.26708745141728230, -9.499999999999998224 ) ) ;
#2887 = CARTESIAN_POINT ( 'NONE',  ( -6.208116478894555534, 9.629946208144877673, -6.180094431066518013 ) ) ;
#2888 = CARTESIAN_POINT ( 'NONE',  ( -7.700000000000000178, 6.500000000000000000, -6.000000000000000000 ) ) ;
#2889 = LINE ( 'NONE', #2532, #2017 ) ;
#2890 =( GEOMETRIC_REPRESENTATION_CONTEXT ( 3 ) GLOBAL_UNCERTAINTY_ASSIGNED_CONTEXT ( ( #532 ) ) GLOBAL_UNIT_ASSIGNED_CONTEXT ( ( #3410, #4056, #2443 ) ) REPRESENTATION_CONTEXT ( 'NONE', 'WORKASPACE' ) );
#2891 = CARTESIAN_POINT ( 'NONE',  ( -9.396697908178323289, 12.85140711063274743, -9.061656415106350337 ) ) ;
#2892 = PRESENTATION_LAYER_ASSIGNMENT (  '', '', ( #3504 ) ) ;
#2893 = SURFACE_STYLE_FILL_AREA ( #2916 ) ;
#2894 = DIRECTION ( 'NONE',  ( 0.000000000000000000, 0.000000000000000000, -1.000000000000000000 ) ) ;
#2895 = VERTEX_POINT ( 'NONE', #3735 ) ;
#2896 = EDGE_LOOP ( 'NONE', ( #837, #3897, #2474, #3353 ) ) ;
#2897 = CARTESIAN_POINT ( 'NONE',  ( -5.426074013897840942, 11.20961627297976015, -7.475356196026920585 ) ) ;
#2898 = EDGE_CURVE ( 'NONE', #600, #189, #1092, .T. ) ;
#2899 = LINE ( 'NONE', #2922, #2839 ) ;
#2900 = CARTESIAN_POINT ( 'NONE',  ( 7.700000000000000178, 13.78637463822520104, -9.500000000000000000 ) ) ;
#2901 = EDGE_CURVE ( 'NONE', #3297, #3351, #2208, .T. ) ;
#2902 = CARTESIAN_POINT ( 'NONE',  ( 7.500000000000000000, 12.39380805885001990, -6.773526244851500344 ) ) ;
#2903 = CIRCLE ( 'NONE', #891, 1.100000000000000311 ) ;
#2904 = PRESENTATION_LAYER_ASSIGNMENT (  '', '', ( #1688 ) ) ;
#2905 = CARTESIAN_POINT ( 'NONE',  ( 9.084604553677840144, 10.97290102696736191, -5.998900143341692193 ) ) ;
#2906 = AXIS2_PLACEMENT_3D ( 'NONE', #1785, #3369, #1436 ) ;
#2907 = DIRECTION ( 'NONE',  ( 0.000000000000000000, -0.3420201433256694901, -0.9396926207859080948 ) ) ;
#2908 = CARTESIAN_POINT ( 'NONE',  ( -6.124975415048634630, 9.715986290058276964, -6.266997797721010066 ) ) ;
#2909 = MECHANICAL_DESIGN_GEOMETRIC_PRESENTATION_REPRESENTATION (  '', ( #2709 ), #3455 ) ;
#2910 = DIRECTION ( 'NONE',  ( 0.000000000000000000, 1.000000000000000000, 0.000000000000000000 ) ) ;
#2911 = CARTESIAN_POINT ( 'NONE',  ( 6.817788611620219541, 10.94000350774282104, -4.485917605444544876 ) ) ;
#2912 = FILL_AREA_STYLE ('',( #3254 ) ) ;
#2913 = COLOUR_RGB ( '',0.8078431372549019773, 0.8078431372549019773, 0.8078431372549019773 ) ;
#2914 = DIRECTION ( 'NONE',  ( 0.000000000000000000, -1.000000000000000000, 0.000000000000000000 ) ) ;
#2915 = FACE_OUTER_BOUND ( 'NONE', #788, .T. ) ;
#2916 = FILL_AREA_STYLE ('',( #346 ) ) ;
#2917 = ADVANCED_FACE ( 'NONE', ( #895 ), #474, .T. ) ;
#2918 = FACE_OUTER_BOUND ( 'NONE', #221, .T. ) ;
#2919 = ORIENTED_EDGE ( 'NONE', *, *, #1922, .T. ) ;
#2920 = EDGE_CURVE ( 'NONE', #1652, #1188, #3401, .T. ) ;
#2921 = ORIENTED_EDGE ( 'NONE', *, *, #2927, .T. ) ;
#2922 = CARTESIAN_POINT ( 'NONE',  ( -5.549999999999999822, 1.047106842509882174, 7.750000000000000000 ) ) ;
#2923 = PRESENTATION_STYLE_ASSIGNMENT (( #2962 ) ) ;
#2924 = CARTESIAN_POINT ( 'NONE',  ( -8.143584682660915064, 10.53116638333969135, -5.584622094474030796 ) ) ;
#2925 = CARTESIAN_POINT ( 'NONE',  ( 5.549999999999999822, 6.500000000000000000, 7.750000000000000000 ) ) ;
#2926 = STYLED_ITEM ( 'NONE', ( #449 ), #796 ) ;
#2927 = EDGE_CURVE ( 'NONE', #2958, #659, #1162, .T. ) ;
#2928 = CARTESIAN_POINT ( 'NONE',  ( 0.000000000000000000, -0.5000000000000000000, 0.000000000000000000 ) ) ;
#2929 = CARTESIAN_POINT ( 'NONE',  ( -5.963935037043972542, 9.906549916272437528, -6.465320013978346658 ) ) ;
#2930 = CARTESIAN_POINT ( 'NONE',  ( 7.163634413197280892, 10.41503238091512351, -5.614139296892199482 ) ) ;
#2931 = VERTEX_POINT ( 'NONE', #2433 ) ;
#2932 = CARTESIAN_POINT ( 'NONE',  ( -7.500000000000000000, 14.43264414421530084, -5.387246347520460610 ) ) ;
#2933 = FILL_AREA_STYLE_COLOUR ( '', #3670 ) ;
#2934 = CARTESIAN_POINT ( 'NONE',  ( -11.19999999999999929, -0.5000000000000000000, 6.000000000000000000 ) ) ;
#2935 = LINE ( 'NONE', #88, #1615 ) ;
#2936 = ORIENTED_EDGE ( 'NONE', *, *, #1983, .T. ) ;
#2937 = AXIS2_PLACEMENT_3D ( 'NONE', #1080, #1807, #3097 ) ;
#2938 = VERTEX_POINT ( 'NONE', #3715 ) ;
#2939 = CARTESIAN_POINT ( 'NONE',  ( -7.604051846567673856, 10.44429442674001862, -5.554439592877367993 ) ) ;
#2940 = PRESENTATION_STYLE_ASSIGNMENT (( #390 ) ) ;
#2941 = FILL_AREA_STYLE_COLOUR ( '', #3112 ) ;
#2942 =( GEOMETRIC_REPRESENTATION_CONTEXT ( 3 ) GLOBAL_UNCERTAINTY_ASSIGNED_CONTEXT ( ( #1011 ) ) GLOBAL_UNIT_ASSIGNED_CONTEXT ( ( #770, #3144, #2459 ) ) REPRESENTATION_CONTEXT ( 'NONE', 'WORKASPACE' ) );
#2943 =( LENGTH_UNIT ( ) NAMED_UNIT ( * ) SI_UNIT ( .MILLI., .METRE. ) );
#2944 = CARTESIAN_POINT ( 'NONE',  ( -7.750000000000000000, 6.500000000000000000, -7.750000000000000000 ) ) ;
#2945 = SURFACE_SIDE_STYLE ('',( #1035 ) ) ;
#2946 = FILL_AREA_STYLE ('',( #1915 ) ) ;
#2947 = CARTESIAN_POINT ( 'NONE',  ( -5.721826617778739354, 10.26448708902442419, -6.897638964160648811 ) ) ;
#2948 = DIRECTION ( 'NONE',  ( -1.264902534566421922E-16, 0.000000000000000000, 1.000000000000000000 ) ) ;
#2949 = CARTESIAN_POINT ( 'NONE',  ( 6.438950831941980368, 10.99562183157931905, -4.800889829776100015 ) ) ;
#2950 = FACE_OUTER_BOUND ( 'NONE', #243, .T. ) ;
#2951 = ORIENTED_EDGE ( 'NONE', *, *, #2372, .T. ) ;
#2952 = CARTESIAN_POINT ( 'NONE',  ( 9.950000000000001066, 3.000000000000000000, -7.750000000000000000 ) ) ;
#2953 =( LENGTH_UNIT ( ) NAMED_UNIT ( * ) SI_UNIT ( .MILLI., .METRE. ) );
#2954 = PRESENTATION_STYLE_ASSIGNMENT (( #1631 ) ) ;
#2955 = COLOUR_RGB ( '',0.8078431372549019773, 0.8078431372549019773, 0.8078431372549019773 ) ;
#2956 = SURFACE_STYLE_USAGE ( .BOTH. , #3020 ) ;
#2957 =( NAMED_UNIT ( * ) PLANE_ANGLE_UNIT ( ) SI_UNIT ( $, .RADIAN. ) );
#2958 = VERTEX_POINT ( 'NONE', #853 ) ;
#2959 = AXIS2_PLACEMENT_3D ( 'NONE', #147, #3641, #3330 ) ;
#2960 = CARTESIAN_POINT ( 'NONE',  ( -5.837235184526009313, 11.15927659695814000, -5.720369370020499389 ) ) ;
#2961 = UNCERTAINTY_MEASURE_WITH_UNIT (LENGTH_MEASURE( 1.000000000000000082E-05 ), #1777, 'distance_accuracy_value', 'NONE');
#2962 = SURFACE_STYLE_USAGE ( .BOTH. , #2233 ) ;
#2963 =( GEOMETRIC_REPRESENTATION_CONTEXT ( 3 ) GLOBAL_UNCERTAINTY_ASSIGNED_CONTEXT ( ( #3714 ) ) GLOBAL_UNIT_ASSIGNED_CONTEXT ( ( #3207, #677, #3512 ) ) REPRESENTATION_CONTEXT ( 'NONE', 'WORKASPACE' ) );
#2964 = CARTESIAN_POINT ( 'NONE',  ( -5.549999999999999822, 3.000000000000000000, 7.750000000000000000 ) ) ;
#2965 = UNCERTAINTY_MEASURE_WITH_UNIT (LENGTH_MEASURE( 1.000000000000000082E-05 ), #3209, 'distance_accuracy_value', 'NONE');
#2966 = LINE ( 'NONE', #3745, #176 ) ;
#2967 = CARTESIAN_POINT ( 'NONE',  ( 8.121134461941018401, 10.51991118679219461, -5.573346762109132158 ) ) ;
#2968 = LINE ( 'NONE', #419, #213 ) ;
#2969 = CARTESIAN_POINT ( 'NONE',  ( -6.250483284646409565, 6.500000000000000000, 1.701245229258260050 ) ) ;
#2970 = CARTESIAN_POINT ( 'NONE',  ( 5.549999999999999822, 10.36930306035980109, -7.750000000000000000 ) ) ;
#2971 = LINE ( 'NONE', #1040, #2152 ) ;
#2972 = COLOUR_RGB ( '',0.8078431372549019773, 0.8078431372549019773, 0.8078431372549019773 ) ;
#2973 = ORIENTED_EDGE ( 'NONE', *, *, #2727, .F. ) ;
#2974 =( GEOMETRIC_REPRESENTATION_CONTEXT ( 3 ) GLOBAL_UNCERTAINTY_ASSIGNED_CONTEXT ( ( #703 ) ) GLOBAL_UNIT_ASSIGNED_CONTEXT ( ( #194, #3040, #3086 ) ) REPRESENTATION_CONTEXT ( 'NONE', 'WORKASPACE' ) );
#2975 = AXIS2_PLACEMENT_3D ( 'NONE', #350, #1317, #3930 ) ;
#2976 =( LENGTH_UNIT ( ) NAMED_UNIT ( * ) SI_UNIT ( .MILLI., .METRE. ) );
#2977 = FILL_AREA_STYLE ('',( #3259 ) ) ;
#2978 = SURFACE_STYLE_USAGE ( .BOTH. , #2037 ) ;
#2979 = EDGE_CURVE ( 'NONE', #3005, #4115, #835, .T. ) ;
#2980 = EDGE_CURVE ( 'NONE', #4014, #3351, #2143, .T. ) ;
#2981 = CARTESIAN_POINT ( 'NONE',  ( -11.19999999999999929, 12.50000000000000000, 1.701245229258260050 ) ) ;
#2982 = EDGE_CURVE ( 'NONE', #2397, #537, #3227, .T. ) ;
#2983 = EDGE_LOOP ( 'NONE', ( #3332, #1849, #3047, #618, #2537, #1315, #3131 ) ) ;
#2984 = CARTESIAN_POINT ( 'NONE',  ( 9.950000000000001066, 10.50756511718494046, -7.750000000000000000 ) ) ;
#2985 = COLOUR_RGB ( '',0.8078431372549019773, 0.8078431372549019773, 0.8078431372549019773 ) ;
#2986 = SURFACE_STYLE_FILL_AREA ( #2668 ) ;
#2987 = EDGE_CURVE ( 'NONE', #3784, #3169, #360, .T. ) ;
#2988 = DIRECTION ( 'NONE',  ( -0.000000000000000000, 0.3420201433256695456, 0.9396926207859080948 ) ) ;
#2989 = SURFACE_STYLE_FILL_AREA ( #1336 ) ;
#2990 = CARTESIAN_POINT ( 'NONE',  ( -8.728223249960299412, 10.74922283876114193, -5.779232111450457232 ) ) ;
#2991 = CARTESIAN_POINT ( 'NONE',  ( 7.500000000000000000, 11.03901226013607939, -6.280420900610719670 ) ) ;
#2992 = SURFACE_STYLE_USAGE ( .BOTH. , #442 ) ;
#2993 = AXIS2_PLACEMENT_3D ( 'NONE', #731, #3280, #1684 ) ;
#2994 = FACE_OUTER_BOUND ( 'NONE', #2983, .T. ) ;
#2995 = PRESENTATION_STYLE_ASSIGNMENT (( #3878 ) ) ;
#2996 = SURFACE_SIDE_STYLE ('',( #3334 ) ) ;
#2997 = ORIENTED_EDGE ( 'NONE', *, *, #2367, .T. ) ;
#2998 = CARTESIAN_POINT ( 'NONE',  ( -7.500000000000000000, 13.07784834550136033, -4.894141003279680824 ) ) ;
#2999 = CARTESIAN_POINT ( 'NONE',  ( -11.20000000000000284, 12.71147415535644676, -6.193466529533914411 ) ) ;
#3000 = DIRECTION ( 'NONE',  ( 1.000000000000000000, 0.000000000000000000, 0.000000000000000000 ) ) ;
#3001 = DIRECTION ( 'NONE',  ( 0.000000000000000000, 1.000000000000000000, 0.000000000000000000 ) ) ;
#3002 = UNCERTAINTY_MEASURE_WITH_UNIT (LENGTH_MEASURE( 1.000000000000000082E-05 ), #3922, 'distance_accuracy_value', 'NONE');
#3003 = DIRECTION ( 'NONE',  ( 0.000000000000000000, 0.3420201433256695456, 0.9396926207859082059 ) ) ;
#3004 = SURFACE_STYLE_FILL_AREA ( #3967 ) ;
#3005 = VERTEX_POINT ( 'NONE', #3487 ) ;
#3006 = ADVANCED_FACE ( 'NONE', ( #614 ), #1881, .T. ) ;
#3007 = DIRECTION ( 'NONE',  ( 0.000000000000000000, 1.000000000000000000, 0.000000000000000000 ) ) ;
#3008 = CARTESIAN_POINT ( 'NONE',  ( 9.665197157009210116, 11.50000000182077997, -7.243508986986259224 ) ) ;
#3009 = STYLED_ITEM ( 'NONE', ( #160 ), #634 ) ;
#3010 = DIRECTION ( 'NONE',  ( 0.000000000000000000, 0.000000000000000000, 1.000000000000000000 ) ) ;
#3011 = SURFACE_SIDE_STYLE ('',( #1074 ) ) ;
#3012 = CARTESIAN_POINT ( 'NONE',  ( 11.19999999999999929, 12.30000000000000071, -6.000000000000000000 ) ) ;
#3013 = ORIENTED_EDGE ( 'NONE', *, *, #2266, .F. ) ;
#3014 = CARTESIAN_POINT ( 'NONE',  ( -7.738588321210506216, 7.027375672136532359, -0.7640772470777407177 ) ) ;
#3015 = ORIENTED_EDGE ( 'NONE', *, *, #3861, .T. ) ;
#3016 = DIRECTION ( 'NONE',  ( 0.000000000000000000, 0.000000000000000000, 1.000000000000000000 ) ) ;
#3017 = LINE ( 'NONE', #155, #2320 ) ;
#3018 = CARTESIAN_POINT ( 'NONE',  ( -5.549999999999999822, 22.50000000000000000, -9.500000000000000000 ) ) ;
#3019 = CARTESIAN_POINT ( 'NONE',  ( -8.428260869565207258, 19.29006011803088327, -9.499999999999992895 ) ) ;
#3020 = SURFACE_SIDE_STYLE ('',( #1738 ) ) ;
#3021 = MECHANICAL_DESIGN_GEOMETRIC_PRESENTATION_REPRESENTATION (  '', ( #150 ), #871 ) ;
#3022 = MECHANICAL_DESIGN_GEOMETRIC_PRESENTATION_REPRESENTATION (  '', ( #96 ), #2421 ) ;
#3023 = CARTESIAN_POINT ( 'NONE',  ( -10.98414780408209701, 13.97725837555286077, -7.210127061032763685 ) ) ;
#3024 = CARTESIAN_POINT ( 'NONE',  ( 11.09156836036794225, 13.78532978557824151, -6.693359256435547522 ) ) ;
#3025 = ORIENTED_EDGE ( 'NONE', *, *, #3161, .F. ) ;
#3026 = SURFACE_STYLE_USAGE ( .BOTH. , #1735 ) ;
#3027 =( NAMED_UNIT ( * ) SI_UNIT ( $, .STERADIAN. ) SOLID_ANGLE_UNIT ( ) );
#3028 = CARTESIAN_POINT ( 'NONE',  ( -7.750000000000000000, 3.000000000000000000, -7.750000000000000000 ) ) ;
#3029 = PRESENTATION_LAYER_ASSIGNMENT (  '', '', ( #3568 ) ) ;
#3030 = FACE_OUTER_BOUND ( 'NONE', #3482, .T. ) ;
#3031 = ADVANCED_FACE ( 'NONE', ( #3941 ), #981, .T. ) ;
#3032 = CARTESIAN_POINT ( 'NONE',  ( 8.428260869565207258, 19.29006011803088327, -9.499999999999992895 ) ) ;
#3033 = VERTEX_POINT ( 'NONE', #2952 ) ;
#3034 = EDGE_CURVE ( 'NONE', #2456, #3868, #3882, .T. ) ;
#3035 = CARTESIAN_POINT ( 'NONE',  ( -9.425492105259563047, 8.827334313769013008, -3.043435670661948311 ) ) ;
#3036 = PRESENTATION_STYLE_ASSIGNMENT (( #2080 ) ) ;
#3037 = EDGE_LOOP ( 'NONE', ( #2088, #2378, #3940, #1082 ) ) ;
#3038 = COLOUR_RGB ( '',0.8078431372549019773, 0.8078431372549019773, 0.8078431372549019773 ) ;
#3039 = CARTESIAN_POINT ( 'NONE',  ( 9.950000000000001066, 10.50756511718494046, -7.750000000000000000 ) ) ;
#3040 =( NAMED_UNIT ( * ) PLANE_ANGLE_UNIT ( ) SI_UNIT ( $, .RADIAN. ) );
#3041 = CARTESIAN_POINT ( 'NONE',  ( -10.37191490329967358, 16.37910345930534106, -8.331082651491506397 ) ) ;
#3042 = ADVANCED_FACE ( 'NONE', ( #1043 ), #714, .T. ) ;
#3043 =( GEOMETRIC_REPRESENTATION_CONTEXT ( 3 ) GLOBAL_UNCERTAINTY_ASSIGNED_CONTEXT ( ( #2675 ) ) GLOBAL_UNIT_ASSIGNED_CONTEXT ( ( #1587, #2255, #1228 ) ) REPRESENTATION_CONTEXT ( 'NONE', 'WORKASPACE' ) );
#3044 = MECHANICAL_DESIGN_GEOMETRIC_PRESENTATION_REPRESENTATION (  '', ( #1688 ), #1306 ) ;
#3045 = PRESENTATION_STYLE_ASSIGNMENT (( #2127 ) ) ;
#3046 = VERTEX_POINT ( 'NONE', #2932 ) ;
#3047 = ORIENTED_EDGE ( 'NONE', *, *, #265, .T. ) ;
#3048 = CARTESIAN_POINT ( 'NONE',  ( 6.326675920246600526, 9.521077394672209593, -6.071971954826884676 ) ) ;
#3049 = AXIS2_PLACEMENT_3D ( 'NONE', #2833, #3096, #2816 ) ;
#3050 = EDGE_CURVE ( 'NONE', #3105, #2802, #185, .T. ) ;
#3051 = PRESENTATION_STYLE_ASSIGNMENT (( #3367 ) ) ;
#3052 = MECHANICAL_DESIGN_GEOMETRIC_PRESENTATION_REPRESENTATION (  '', ( #2049 ), #1249 ) ;
#3053 = CARTESIAN_POINT ( 'NONE',  ( -7.750000000000000000, -0.5000000000000000000, -8.849999999999999645 ) ) ;
#3054 =( NAMED_UNIT ( * ) PLANE_ANGLE_UNIT ( ) SI_UNIT ( $, .RADIAN. ) );
#3055 = CARTESIAN_POINT ( 'NONE',  ( 8.667054401119401064, 19.03629682896080055, -8.499999990994849597 ) ) ;
#3056 = ORIENTED_EDGE ( 'NONE', *, *, #3751, .F. ) ;
#3057 = CARTESIAN_POINT ( 'NONE',  ( -7.437069432655473378, 6.852022083498239269, -0.3263123407446140156 ) ) ;
#3058 = CARTESIAN_POINT ( 'NONE',  ( 9.885143114757781291, 16.35196191685692568, -8.736517297684837757 ) ) ;
#3059 = ORIENTED_EDGE ( 'NONE', *, *, #1314, .T. ) ;
#3060 = CIRCLE ( 'NONE', #2521, 3.500000000000000000 ) ;
#3061 = CARTESIAN_POINT ( 'NONE',  ( -9.746051142951799307, 11.50000000000000000, -8.839661022098580290 ) ) ;
#3062 = CARTESIAN_POINT ( 'NONE',  ( -9.746051142951799307, 11.50000000000000000, -8.839661022098580290 ) ) ;
#3063 = CARTESIAN_POINT ( 'NONE',  ( 7.500000000000000000, 12.39380805885001990, -6.773526244851500344 ) ) ;
#3064 = SURFACE_STYLE_USAGE ( .BOTH. , #1773 ) ;
#3065 = ADVANCED_FACE ( 'NONE', ( #1749, #448 ), #489, .F. ) ;
#3066 = CARTESIAN_POINT ( 'NONE',  ( -11.00037600300847274, 13.91376749873646368, -7.165381549749795020 ) ) ;
#3067 = CARTESIAN_POINT ( 'NONE',  ( 9.566346323005546992, 17.83976588018524367, -8.281477722356868298 ) ) ;
#3068 = ORIENTED_EDGE ( 'NONE', *, *, #2485, .T. ) ;
#3069 = VERTEX_POINT ( 'NONE', #3039 ) ;
#3070 = CARTESIAN_POINT ( 'NONE',  ( 6.739249962668174554, 9.241596940898075374, -5.795914188113266086 ) ) ;
#3071 = SURFACE_STYLE_USAGE ( .BOTH. , #2109 ) ;
#3072 =( LENGTH_UNIT ( ) NAMED_UNIT ( * ) SI_UNIT ( .MILLI., .METRE. ) );
#3073 = MECHANICAL_DESIGN_GEOMETRIC_PRESENTATION_REPRESENTATION (  '', ( #3816 ), #1267 ) ;
#3074 = FACE_OUTER_BOUND ( 'NONE', #2105, .T. ) ;
#3075 = FILL_AREA_STYLE ('',( #2460 ) ) ;
#3076 = CARTESIAN_POINT ( 'NONE',  ( -6.000904227369194821, 10.64268751822264925, -6.136170491450997133 ) ) ;
#3077 =( BOUNDED_CURVE ( )  B_SPLINE_CURVE ( 3, ( #3847, #2250, #1617, #1601 ),
 .UNSPECIFIED., .F., .T. ) 
 B_SPLINE_CURVE_WITH_KNOTS ( ( 4, 4 ),
 ( 1.570796326794895004, 3.141592653589795336 ),
 .UNSPECIFIED. ) 
 CURVE ( )  GEOMETRIC_REPRESENTATION_ITEM ( )  RATIONAL_B_SPLINE_CURVE ( ( 1.000000000000000000, 0.8047378541243649375, 0.8047378541243649375, 1.000000000000000000 ) ) 
 REPRESENTATION_ITEM ( '' )  );
#3078 = COLOUR_RGB ( '',0.8078431372549019773, 0.8078431372549019773, 0.8078431372549019773 ) ;
#3079 = CARTESIAN_POINT ( 'NONE',  ( 7.750000000000000000, 6.500000000000000000, -7.750000000000000000 ) ) ;
#3080 = ORIENTED_EDGE ( 'NONE', *, *, #1314, .F. ) ;
#3081 =( NAMED_UNIT ( * ) SI_UNIT ( $, .STERADIAN. ) SOLID_ANGLE_UNIT ( ) );
#3082 = COLOUR_RGB ( '',0.8078431372549019773, 0.8078431372549019773, 0.8078431372549019773 ) ;
#3083 = VERTEX_POINT ( 'NONE', #753 ) ;
#3084 = DIRECTION ( 'NONE',  ( 0.000000000000000000, -1.000000000000000000, 0.000000000000000000 ) ) ;
#3085 = MECHANICAL_DESIGN_GEOMETRIC_PRESENTATION_REPRESENTATION (  '', ( #2843 ), #937 ) ;
#3086 =( NAMED_UNIT ( * ) SI_UNIT ( $, .STERADIAN. ) SOLID_ANGLE_UNIT ( ) );
#3087 = CARTESIAN_POINT ( 'NONE',  ( -11.19999999999999929, 12.30000000000000071, -6.000000000000000000 ) ) ;
#3088 = CARTESIAN_POINT ( 'NONE',  ( -1.000000000000000000, 22.50000000000000000, -8.500000000000000000 ) ) ;
#3089 = UNCERTAINTY_MEASURE_WITH_UNIT (LENGTH_MEASURE( 1.000000000000000082E-05 ), #3099, 'distance_accuracy_value', 'NONE');
#3090 = COLOUR_RGB ( '',0.8078431372549019773, 0.8078431372549019773, 0.8078431372549019773 ) ;
#3091 = CARTESIAN_POINT ( 'NONE',  ( -10.56522112938778513, 15.15553062518483252, -8.012704151317462831 ) ) ;
#3092 = ORIENTED_EDGE ( 'NONE', *, *, #3548, .F. ) ;
#3093 = ORIENTED_EDGE ( 'NONE', *, *, #3445, .F. ) ;
#3094 = CARTESIAN_POINT ( 'NONE',  ( 6.117311897630517414, 9.724304085365069739, -6.275433146781523419 ) ) ;
#3095 = FACE_BOUND ( 'NONE', #2145, .T. ) ;
#3096 = DIRECTION ( 'NONE',  ( 0.000000000000000000, 1.000000000000000000, 0.000000000000000000 ) ) ;
#3097 = DIRECTION ( 'NONE',  ( 1.000000000000000000, 0.000000000000000000, 0.000000000000000000 ) ) ;
#3098 = PRESENTATION_LAYER_ASSIGNMENT (  '', '', ( #1076 ) ) ;
#3099 =( LENGTH_UNIT ( ) NAMED_UNIT ( * ) SI_UNIT ( .MILLI., .METRE. ) );
#3100 =( LENGTH_UNIT ( ) NAMED_UNIT ( * ) SI_UNIT ( .MILLI., .METRE. ) );
#3101 = CARTESIAN_POINT ( 'NONE',  ( 5.549999999999999822, 6.500000000000000000, 9.500000000000000000 ) ) ;
#3102 = ORIENTED_EDGE ( 'NONE', *, *, #57, .F. ) ;
#3103 =( NAMED_UNIT ( * ) SI_UNIT ( $, .STERADIAN. ) SOLID_ANGLE_UNIT ( ) );
#3104 = MECHANICAL_DESIGN_GEOMETRIC_PRESENTATION_REPRESENTATION (  '', ( #225 ), #1818 ) ;
#3105 = VERTEX_POINT ( 'NONE', #214 ) ;
#3106 = MECHANICAL_DESIGN_GEOMETRIC_PRESENTATION_REPRESENTATION (  '', ( #3842 ), #4010 ) ;
#3107 = CARTESIAN_POINT ( 'NONE',  ( -6.696260296045407401, 10.50269810129245229, -5.813895854766134796 ) ) ;
#3108 = CARTESIAN_POINT ( 'NONE',  ( 7.750000000000000000, -0.5000000000000000000, -6.649999999999999467 ) ) ;
#3109 = CARTESIAN_POINT ( 'NONE',  ( -8.667054401119401064, 19.03629682896080055, -8.499999990994849597 ) ) ;
#3110 = CARTESIAN_POINT ( 'NONE',  ( -7.700000000000000178, 13.78637463822520104, -9.500000000000000000 ) ) ;
#3111 = CLOSED_SHELL ( 'NONE', ( #3973, #874, #1979, #789, #511, #2917, #3777, #3031, #628, #2187, #196, #456, #929, #3042, #1926, #3006, #1819, #977, #3725, #1548, #2296, #3539, #2067, #2549, #3669, #802, #2237, #935, #1800, #1194, #1000, #3649, #2163, #1363, #476, #3065, #2182, #3901, #3569, #2596, #1050, #1434, #146, #634, #990, #3368, #796, #877, #2674, #1851, #3769, #2481, #506, #1739, #1189, #2391, #2543, #1492, #2620, #2245, #4086, #324, #4073, #691, #2463, #1055, #3791, #83, #2804 ) ) ;
#3112 = COLOUR_RGB ( '',0.8078431372549019773, 0.8078431372549019773, 0.8078431372549019773 ) ;
#3113 = CARTESIAN_POINT ( 'NONE',  ( 9.723906823181762249, 12.00686201144769250, -8.855506515623964958 ) ) ;
#3114 = CARTESIAN_POINT ( 'NONE',  ( 9.665663172930074154, 17.68018624405490868, -8.237047425062000272 ) ) ;
#3115 = MECHANICAL_DESIGN_GEOMETRIC_PRESENTATION_REPRESENTATION (  '', ( #3848 ), #2505 ) ;
#3116 = ORIENTED_EDGE ( 'NONE', *, *, #1946, .F. ) ;
#3117 = ORIENTED_EDGE ( 'NONE', *, *, #2236, .F. ) ;
#3118 = MECHANICAL_DESIGN_GEOMETRIC_PRESENTATION_REPRESENTATION (  '', ( #896 ), #1168 ) ;
#3119 = B_SPLINE_CURVE_WITH_KNOTS ( 'NONE', 3,
 ( #1870, #1846, #2545, #37 ),
 .UNSPECIFIED., .F., .F.,
 ( 4, 4 ),
 ( 0.000000000000000000, 1.000000000000000000 ),
 .UNSPECIFIED. ) ;
#3120 =( NAMED_UNIT ( * ) PLANE_ANGLE_UNIT ( ) SI_UNIT ( $, .RADIAN. ) );
#3121 = AXIS2_PLACEMENT_3D ( 'NONE', #1034, #741, #2023 ) ;
#3122 = FACE_OUTER_BOUND ( 'NONE', #2518, .T. ) ;
#3123 = EDGE_CURVE ( 'NONE', #3069, #3033, #1484, .T. ) ;
#3124 = CARTESIAN_POINT ( 'NONE',  ( 5.616263984595390113, 11.23755127529040010, -6.352683192467419637 ) ) ;
#3125 = CIRCLE ( 'NONE', #1970, 1.100000000000000311 ) ;
#3126 = EDGE_CURVE ( 'NONE', #527, #2333, #2763, .T. ) ;
#3127 = SURFACE_STYLE_USAGE ( .BOTH. , #524 ) ;
#3128 = FACE_OUTER_BOUND ( 'NONE', #1427, .T. ) ;
#3129 = CARTESIAN_POINT ( 'NONE',  ( -5.535091560076095263, 11.26357333147275597, -6.644524152763539249 ) ) ;
#3130 = DIRECTION ( 'NONE',  ( 0.000000000000000000, 0.000000000000000000, 1.000000000000000000 ) ) ;
#3131 = ORIENTED_EDGE ( 'NONE', *, *, #3426, .T. ) ;
#3132 = CARTESIAN_POINT ( 'NONE',  ( 10.30512676857012622, 15.66936817117270309, -8.337376488854777890 ) ) ;
#3133 = ORIENTED_EDGE ( 'NONE', *, *, #2849, .T. ) ;
#3134 = UNCERTAINTY_MEASURE_WITH_UNIT (LENGTH_MEASURE( 1.000000000000000082E-05 ), #3246, 'distance_accuracy_value', 'NONE');
#3135 = SURFACE_STYLE_USAGE ( .BOTH. , #872 ) ;
#3136 = CARTESIAN_POINT ( 'NONE',  ( 5.550000000000009592, 10.72877873983014219, -7.880838447269798763 ) ) ;
#3137 = CARTESIAN_POINT ( 'NONE',  ( -7.500000000000000000, 12.39380805885001990, -6.773526244851500344 ) ) ;
#3138 = CARTESIAN_POINT ( 'NONE',  ( 8.891483210288539496, 13.35917783333918152, -9.290966913747826794 ) ) ;
#3139 = VERTEX_POINT ( 'NONE', #1445 ) ;
#3140 = EDGE_LOOP ( 'NONE', ( #4081, #3080, #3324, #2476 ) ) ;
#3141 = CYLINDRICAL_SURFACE ( 'NONE', #446, 2.200000000000000622 ) ;
#3142 = DIRECTION ( 'NONE',  ( 0.000000000000000000, 1.000000000000000000, 0.000000000000000000 ) ) ;
#3143 = EDGE_CURVE ( 'NONE', #4052, #3046, #1519, .T. ) ;
#3144 =( NAMED_UNIT ( * ) PLANE_ANGLE_UNIT ( ) SI_UNIT ( $, .RADIAN. ) );
#3145 = SURFACE_STYLE_FILL_AREA ( #3764 ) ;
#3146 = FILL_AREA_STYLE_COLOUR ( '', #3713 ) ;
#3147 = CARTESIAN_POINT ( 'NONE',  ( -5.549999999999999822, 1.047106842509882174, 9.500000000000000000 ) ) ;
#3148 = VERTEX_POINT ( 'NONE', #2392 ) ;
#3149 = CARTESIAN_POINT ( 'NONE',  ( 8.300000000000000711, 2.500000000000000000, 6.000000000000000000 ) ) ;
#3150 = VECTOR ( 'NONE', #739, 1000.000000000000114 ) ;
#3151 =( LENGTH_UNIT ( ) NAMED_UNIT ( * ) SI_UNIT ( .MILLI., .METRE. ) );
#3152 = SURFACE_SIDE_STYLE ('',( #2492 ) ) ;
#3153 = CARTESIAN_POINT ( 'NONE',  ( -7.750000000000000000, 3.000000000000000000, 8.849999999999999645 ) ) ;
#3154 = VECTOR ( 'NONE', #1987, 1000.000000000000000 ) ;
#3155 = CARTESIAN_POINT ( 'NONE',  ( 6.975021663794432669, 22.49999999999998579, -8.323523748259249899 ) ) ;
#3156 = CARTESIAN_POINT ( 'NONE',  ( -10.88890917447127471, 14.80542959806177628, -7.153279906459589554 ) ) ;
#3157 = CARTESIAN_POINT ( 'NONE',  ( -8.937851289628559570, 13.32551466553872466, -9.273818449691487942 ) ) ;
#3158 = ORIENTED_EDGE ( 'NONE', *, *, #747, .T. ) ;
#3159 = ORIENTED_EDGE ( 'NONE', *, *, #3339, .T. ) ;
#3160 = CARTESIAN_POINT ( 'NONE',  ( -7.500000000000000000, 11.72305254678741981, -4.401035659038900150 ) ) ;
#3161 = EDGE_CURVE ( 'NONE', #2220, #3375, #2061, .T. ) ;
#3162 = CARTESIAN_POINT ( 'NONE',  ( 6.297296643138421857, 10.18023273212040358, -5.967850714615836161 ) ) ;
#3163 = DIRECTION ( 'NONE',  ( 0.000000000000000000, 1.000000000000000000, 0.000000000000000000 ) ) ;
#3164 = APPLICATION_CONTEXT ( 'automotive_design' ) ;
#3165 = CARTESIAN_POINT ( 'NONE',  ( -5.564399783145362655, 10.85804445831799292, -7.480445824631374308 ) ) ;
#3166 = FILL_AREA_STYLE_COLOUR ( '', #960 ) ;
#3167 = SURFACE_STYLE_USAGE ( .BOTH. , #1229 ) ;
#3168 = LINE ( 'NONE', #1811, #494 ) ;
#3169 = VERTEX_POINT ( 'NONE', #1133 ) ;
#3170 = COLOUR_RGB ( '',0.8078431372549019773, 0.8078431372549019773, 0.8078431372549019773 ) ;
#3171 = DIRECTION ( 'NONE',  ( 0.000000000000000000, 0.000000000000000000, -1.000000000000000000 ) ) ;
#3172 = CARTESIAN_POINT ( 'NONE',  ( 9.950000000000001066, 6.500000000000000000, 8.680951323690910826 ) ) ;
#3173 =( LENGTH_UNIT ( ) NAMED_UNIT ( * ) SI_UNIT ( .MILLI., .METRE. ) );
#3174 = CARTESIAN_POINT ( 'NONE',  ( 6.242136750115440336, 9.592790329520632042, -6.142356668728889524 ) ) ;
#3175 = PRESENTATION_STYLE_ASSIGNMENT (( #65 ) ) ;
#3176 = PRESENTATION_LAYER_ASSIGNMENT (  '', '', ( #1556 ) ) ;
#3177 = EDGE_CURVE ( 'NONE', #3228, #200, #3017, .T. ) ;
#3178 = CARTESIAN_POINT ( 'NONE',  ( -9.075126375998813444, 18.53156914774209341, -8.431847750928266549 ) ) ;
#3179 = CARTESIAN_POINT ( 'NONE',  ( -11.19999999999999929, -0.5000000000000000000, 0.000000000000000000 ) ) ;
#3180 = VERTEX_POINT ( 'NONE', #2410 ) ;
#3181 = ORIENTED_EDGE ( 'NONE', *, *, #751, .F. ) ;
#3182 = LINE ( 'NONE', #3203, #3260 ) ;
#3183 = DIRECTION ( 'NONE',  ( 0.000000000000000000, 1.000000000000000000, 0.000000000000000000 ) ) ;
#3184 = SURFACE_SIDE_STYLE ('',( #3552 ) ) ;
#3185 = CARTESIAN_POINT ( 'NONE',  ( 7.750000000000000000, 6.500000000000000000, -5.549999999999999822 ) ) ;
#3186 = VERTEX_POINT ( 'NONE', #469 ) ;
#3187 = B_SPLINE_CURVE_WITH_KNOTS ( 'NONE', 3,
 ( #2569, #2550, #3229, #2259, #1934, #1298, #19, #955, #2235, #1955, #352, #974, #375, #3517, #1318 ),
 .UNSPECIFIED., .F., .F.,
 ( 4, 2, 2, 1, 1, 1, 2, 2, 4 ),
 ( 0.000000000000000000, 0.2499999999999846789, 0.3749999999999766853, 0.4374999999999732436, 0.4687499999999714118, 0.4843749999999722444, 0.4921874999999729106, 0.4999999999999734657, 1.000000000000000000 ),
 .UNSPECIFIED. ) ;
#3188 =( GEOMETRIC_REPRESENTATION_CONTEXT ( 3 ) GLOBAL_UNCERTAINTY_ASSIGNED_CONTEXT ( ( #2965 ) ) GLOBAL_UNIT_ASSIGNED_CONTEXT ( ( #3209, #931, #643 ) ) REPRESENTATION_CONTEXT ( 'NONE', 'WORKASPACE' ) );
#3189 = CARTESIAN_POINT ( 'NONE',  ( -5.661394950119789549, 10.36497636470484096, -7.045326268999289709 ) ) ;
#3190 = CARTESIAN_POINT ( 'NONE',  ( -5.451457121649855075, 11.24327531668048152, -7.213632687069483573 ) ) ;
#3191 = CARTESIAN_POINT ( 'NONE',  ( 5.886093539542643249, 10.01143356959166120, -6.581292459013951657 ) ) ;
#3192 = ORIENTED_EDGE ( 'NONE', *, *, #701, .T. ) ;
#3193 = DIRECTION ( 'NONE',  ( 0.000000000000000000, -0.3420201433256695456, -0.9396926207859082059 ) ) ;
#3194 = CARTESIAN_POINT ( 'NONE',  ( 7.750000000000000000, 3.000000000000000000, -8.849999999999999645 ) ) ;
#3195 = DIRECTION ( 'NONE',  ( 0.000000000000000000, 0.000000000000000000, -1.000000000000000000 ) ) ;
#3196 = CARTESIAN_POINT ( 'NONE',  ( 5.549999999999999822, 10.41729158951295986, -7.680937086380290602 ) ) ;
#3197 = CARTESIAN_POINT ( 'NONE',  ( -5.408823529411769471, 11.06287966545547974, -8.002441239438240927 ) ) ;
#3198 =( GEOMETRIC_REPRESENTATION_CONTEXT ( 3 ) GLOBAL_UNCERTAINTY_ASSIGNED_CONTEXT ( ( #1449 ) ) GLOBAL_UNIT_ASSIGNED_CONTEXT ( ( #1254, #1638, #3244 ) ) REPRESENTATION_CONTEXT ( 'NONE', 'WORKASPACE' ) );
#3199 = CARTESIAN_POINT ( 'NONE',  ( 11.19999999999999929, 18.27502166379441562, -6.785757393460864151 ) ) ;
#3200 = CARTESIAN_POINT ( 'NONE',  ( -11.01838795599358356, 14.21643867821248719, -6.890158322264048785 ) ) ;
#3201 = CARTESIAN_POINT ( 'NONE',  ( -9.221471085382315636, 13.06990820585373925, -9.152005842848977224 ) ) ;
#3202 = VECTOR ( 'NONE', #2529, 1000.000000000000000 ) ;
#3203 = CARTESIAN_POINT ( 'NONE',  ( 9.950000000000001066, 1.047106842509882174, 7.750000000000000000 ) ) ;
#3204 = PLANE ( 'NONE',  #58 ) ;
#3205 = PRESENTATION_LAYER_ASSIGNMENT (  '', '', ( #843 ) ) ;
#3206 = CARTESIAN_POINT ( 'NONE',  ( 9.913652862956615408, 10.99460926031819064, -8.711053982373506699 ) ) ;
#3207 =( LENGTH_UNIT ( ) NAMED_UNIT ( * ) SI_UNIT ( .MILLI., .METRE. ) );
#3208 = ORIENTED_EDGE ( 'NONE', *, *, #3665, .T. ) ;
#3209 =( LENGTH_UNIT ( ) NAMED_UNIT ( * ) SI_UNIT ( .MILLI., .METRE. ) );
#3210 = CARTESIAN_POINT ( 'NONE',  ( 5.549999999999999822, 1.047106842509882174, 7.750000000000000000 ) ) ;
#3211 = CARTESIAN_POINT ( 'NONE',  ( 6.003455058050141346, 9.856041210837924282, -6.410794808795154509 ) ) ;
#3212 = SURFACE_SIDE_STYLE ('',( #3872 ) ) ;
#3213 =( NAMED_UNIT ( * ) PLANE_ANGLE_UNIT ( ) SI_UNIT ( $, .RADIAN. ) );
#3214 = CARTESIAN_POINT ( 'NONE',  ( -6.082204272713132021, 9.762737413411963772, -6.313912559378406009 ) ) ;
#3215 = CYLINDRICAL_SURFACE ( 'NONE', #3513, 3.499999999999999556 ) ;
#3216 = PRESENTATION_STYLE_ASSIGNMENT (( #3821 ) ) ;
#3217 = LINE ( 'NONE', #1596, #2285 ) ;
#3218 =( BOUNDED_SURFACE ( )  B_SPLINE_SURFACE ( 3, 2, ( 
 ( #940, #3136, #23 ),
 ( #1898, #1595, #3196 ),
 ( #1532, #2809, #1215 ),
 ( #257, #3775, #894 ),
 ( #2185, #2870, #1879 ),
 ( #1282, #2552, #3839 ),
 ( #1571, #5, #44 ),
 ( #958, #3465, #594 ),
 ( #3523, #2243, #651 ),
 ( #1855, #279, #1917 ),
 ( #1303, #2825, #1551 ),
 ( #2574, #4108, #3174 ),
 ( #1237, #2512, #1261 ),
 ( #2949, #64, #996 ),
 ( #668, #3276, #2614 ),
 ( #2911, #2930, #3938 ),
 ( #2264, #1961, #1939 ),
 ( #1680, #3895, #357 ),
 ( #1704, #2343, #3543 ),
 ( #687, #3562, #3294 ) ),
 .UNSPECIFIED., .F., .F., .F. ) 
 B_SPLINE_SURFACE_WITH_KNOTS ( ( 4, 2, 2, 2, 2, 2, 2, 2, 2, 4 ),
 ( 3, 3 ),
 ( 0.03010783002940109823, 0.03052077432670715143, 0.03093371862401320116, 0.03175960721862534919, 0.03258549581323745559, 0.03341138440784954811, 0.03423727300246164756, 0.03506316159707375396, 0.03588905019168585342, 0.03671493878629794594 ),
 ( 0.000000000000000000, 1.000000000000000000 ),
 .UNSPECIFIED. ) 
 GEOMETRIC_REPRESENTATION_ITEM ( )  RATIONAL_B_SPLINE_SURFACE ( (
 ( 1.000000000000000000, 0.9821944218702020057, 1.000000000000000000),
 ( 1.000000000000000000, 0.9832022284087420516, 1.000000000000000000),
 ( 1.000000000000000000, 0.9835079423603340087, 1.000000000000000000),
 ( 1.000000000000000000, 0.9827400507066920143, 1.000000000000000000),
 ( 1.000000000000000000, 0.9816414872190599716, 1.000000000000000000),
 ( 1.000000000000000000, 0.9766750899609389913, 1.000000000000000000),
 ( 1.000000000000000000, 0.9710880817273629395, 1.000000000000000000),
 ( 1.000000000000000000, 0.9573115907140710146, 1.000000000000000000),
 ( 1.000000000000000000, 0.9490774105508039682, 1.000000000000000000),
 ( 1.000000000000000000, 0.9306179620129789720, 1.000000000000000000),
 ( 1.000000000000000000, 0.9204934271816300750, 1.000000000000000000),
 ( 1.000000000000000000, 0.8996413971063980108, 1.000000000000000000),
 ( 1.000000000000000000, 0.8887785014539919537, 1.000000000000000000),
 ( 1.000000000000000000, 0.8677922374825219887, 1.000000000000000000),
 ( 1.000000000000000000, 0.8578246183177949957, 1.000000000000000000),
 ( 1.000000000000000000, 0.8403298709866350302, 1.000000000000000000),
 ( 1.000000000000000000, 0.8328006008190460552, 1.000000000000000000),
 ( 1.000000000000000000, 0.8223504056655800420, 1.000000000000000000),
 ( 1.000000000000000000, 0.8193011302482889890, 1.000000000000000000),
 ( 1.000000000000000000, 0.8188521380641700098, 1.000000000000000000) ) ) 
 REPRESENTATION_ITEM ( '' )  SURFACE ( )  );
#3219 = CARTESIAN_POINT ( 'NONE',  ( -9.618862456754246892, 17.75491110758301261, -8.257670243542039046 ) ) ;
#3220 = CARTESIAN_POINT ( 'NONE',  ( -8.963580116627746008, 13.30619448489982837, -9.264066866270001199 ) ) ;
#3221 = EDGE_CURVE ( 'NONE', #3384, #3403, #2193, .T. ) ;
#3222 = PRESENTATION_LAYER_ASSIGNMENT (  '', '', ( #610 ) ) ;
#3223 = DIRECTION ( 'NONE',  ( 0.000000000000000000, 1.000000000000000000, 0.000000000000000000 ) ) ;
#3224 = AXIS2_PLACEMENT_3D ( 'NONE', #3610, #999, #1968 ) ;
#3225 = DIRECTION ( 'NONE',  ( -0.000000000000000000, 0.3420201433256695456, 0.9396926207859080948 ) ) ;
#3226 = VERTEX_POINT ( 'NONE', #3061 ) ;
#3227 =( BOUNDED_CURVE ( )  B_SPLINE_CURVE ( 3, ( #3757, #3155, #3199, #1242 ),
 .UNSPECIFIED., .F., .T. ) 
 B_SPLINE_CURVE_WITH_KNOTS ( ( 4, 4 ),
 ( 3.141592653589795336, 4.712388980384689674 ),
 .UNSPECIFIED. ) 
 CURVE ( )  GEOMETRIC_REPRESENTATION_ITEM ( )  RATIONAL_B_SPLINE_CURVE ( ( 1.000000000000000000, 0.8047378541243649375, 0.8047378541243649375, 1.000000000000000000 ) ) 
 REPRESENTATION_ITEM ( '' )  );
#3228 = VERTEX_POINT ( 'NONE', #193 ) ;
#3229 = CARTESIAN_POINT ( 'NONE',  ( 9.663471944464003371, 11.36327197150279744, -6.658211865540249796 ) ) ;
#3230 = FACE_OUTER_BOUND ( 'NONE', #867, .T. ) ;
#3231 = CARTESIAN_POINT ( 'NONE',  ( -6.362499334019160457, 9.490360307438274745, -6.041720331984328674 ) ) ;
#3232 = FILL_AREA_STYLE_COLOUR ( '', #1433 ) ;
#3233 = CARTESIAN_POINT ( 'NONE',  ( -8.747714779035129951, 13.45372964130478444, -9.339958838498381155 ) ) ;
#3234 = EDGE_CURVE ( 'NONE', #153, #1247, #32, .T. ) ;
#3235 = CARTESIAN_POINT ( 'NONE',  ( 8.300000000000000711, 2.500000000000000000, 6.000000000000000000 ) ) ;
#3236 = CARTESIAN_POINT ( 'NONE',  ( -10.94626822434421065, 14.56244866070972677, -7.045577707764211439 ) ) ;
#3237 = EDGE_CURVE ( 'NONE', #2722, #4115, #3060, .T. ) ;
#3238 = DIRECTION ( 'NONE',  ( 0.000000000000000000, 1.000000000000000000, 0.000000000000000000 ) ) ;
#3239 = CIRCLE ( 'NONE', #1226, 3.499999999999999556 ) ;
#3240 = DIRECTION ( 'NONE',  ( 0.000000000000000000, -0.3420201433256695456, -0.9396926207859082059 ) ) ;
#3241 = CARTESIAN_POINT ( 'NONE',  ( -5.549999999999999822, 6.500000000000000000, 9.500000000000000000 ) ) ;
#3242 = EDGE_LOOP ( 'NONE', ( #1474, #3440, #2501, #1170 ) ) ;
#3243 = EDGE_CURVE ( 'NONE', #1349, #3608, #1452, .T. ) ;
#3244 =( NAMED_UNIT ( * ) SI_UNIT ( $, .STERADIAN. ) SOLID_ANGLE_UNIT ( ) );
#3245 = EDGE_CURVE ( 'NONE', #1671, #285, #1259, .T. ) ;
#3246 =( LENGTH_UNIT ( ) NAMED_UNIT ( * ) SI_UNIT ( .MILLI., .METRE. ) );
#3247 = PRESENTATION_LAYER_ASSIGNMENT (  '', '', ( #3848 ) ) ;
#3248 = UNCERTAINTY_MEASURE_WITH_UNIT (LENGTH_MEASURE( 1.000000000000000082E-05 ), #2349, 'distance_accuracy_value', 'NONE');
#3249 = CARTESIAN_POINT ( 'NONE',  ( 10.12012706112181881, 10.44787914004598051, -3.936910495457190073 ) ) ;
#3250 = CARTESIAN_POINT ( 'NONE',  ( 8.376228275424248082, 10.60047699671955890, -5.640830061280810881 ) ) ;
#3251 = MECHANICAL_DESIGN_GEOMETRIC_PRESENTATION_REPRESENTATION (  '', ( #369 ), #1239 ) ;
#3252 = CARTESIAN_POINT ( 'NONE',  ( -5.689062280453098808, 10.31877799125362216, -6.975856618874340498 ) ) ;
#3253 = DIRECTION ( 'NONE',  ( 0.000000000000000000, -1.000000000000000000, 0.000000000000000000 ) ) ;
#3254 = FILL_AREA_STYLE_COLOUR ( '', #4030 ) ;
#3255 = VERTEX_POINT ( 'NONE', #2183 ) ;
#3256 = CIRCLE ( 'NONE', #1768, 3.500000000000000000 ) ;
#3257 = CARTESIAN_POINT ( 'NONE',  ( 0.000000000000000000, 2.500000000000000000, 0.000000000000000000 ) ) ;
#3258 = DIRECTION ( 'NONE',  ( 0.000000000000000000, 0.000000000000000000, 1.000000000000000000 ) ) ;
#3259 = FILL_AREA_STYLE_COLOUR ( '', #1401 ) ;
#3260 = VECTOR ( 'NONE', #11, 1000.000000000000000 ) ;
#3261 = CARTESIAN_POINT ( 'NONE',  ( 8.300000000000000711, 2.500000000000000000, 6.000000000000000000 ) ) ;
#3262 = CARTESIAN_POINT ( 'NONE',  ( 11.16009221377818683, 13.20144381943498857, -6.422749200822940985 ) ) ;
#3263 = VERTEX_POINT ( 'NONE', #850 ) ;
#3264 = ORIENTED_EDGE ( 'NONE', *, *, #2058, .T. ) ;
#3265 = CARTESIAN_POINT ( 'NONE',  ( -7.646270249262739682, 9.042958137246682071, -5.552446783622301041 ) ) ;
#3266 = DIRECTION ( 'NONE',  ( 0.000000000000000000, 1.000000000000000000, 0.000000000000000000 ) ) ;
#3267 = STYLED_ITEM ( 'NONE', ( #1727 ), #3065 ) ;
#3268 = CARTESIAN_POINT ( 'NONE',  ( -9.519271636599729192, 11.45775381341138122, -6.442280682421239746 ) ) ;
#3269 = PRODUCT_DEFINITION ( 'UNKNOWN', '', #60, #942 ) ;
#3270 = LINE ( 'NONE', #3288, #3150 ) ;
#3271 = CYLINDRICAL_SURFACE ( 'NONE', #2310, 1.100000000000000311 ) ;
#3272 = LINE ( 'NONE', #3602, #579 ) ;
#3273 = FACE_BOUND ( 'NONE', #1929, .T. ) ;
#3274 = CARTESIAN_POINT ( 'NONE',  ( -5.596468756698409486, 10.46132906859851452, -7.300189412241658182 ) ) ;
#3275 = SURFACE_STYLE_USAGE ( .BOTH. , #2301 ) ;
#3276 = CARTESIAN_POINT ( 'NONE',  ( 6.951418017401354454, 10.42449407379367088, -5.676079743597334470 ) ) ;
#3277 = DIRECTION ( 'NONE',  ( 0.000000000000000000, 0.000000000000000000, 1.000000000000000000 ) ) ;
#3278 = ORIENTED_EDGE ( 'NONE', *, *, #2485, .F. ) ;
#3279 = VECTOR ( 'NONE', #712, 1000.000000000000000 ) ;
#3280 = DIRECTION ( 'NONE',  ( 0.000000000000000000, -0.3420201433256695456, -0.9396926207859082059 ) ) ;
#3281 = DIRECTION ( 'NONE',  ( 0.000000000000000000, 1.000000000000000000, 0.000000000000000000 ) ) ;
#3282 = DIRECTION ( 'NONE',  ( 0.000000000000000000, 0.000000000000000000, -1.000000000000000000 ) ) ;
#3283 = ORIENTED_EDGE ( 'NONE', *, *, #1843, .T. ) ;
#3284 =( GEOMETRIC_REPRESENTATION_CONTEXT ( 3 ) GLOBAL_UNCERTAINTY_ASSIGNED_CONTEXT ( ( #1641 ) ) GLOBAL_UNIT_ASSIGNED_CONTEXT ( ( #1611, #4089, #2493 ) ) REPRESENTATION_CONTEXT ( 'NONE', 'WORKASPACE' ) );
#3285 = ORIENTED_EDGE ( 'NONE', *, *, #260, .F. ) ;
#3286 = CARTESIAN_POINT ( 'NONE',  ( -6.951418017401580940, 10.42449407379436721, -5.676079743597211014 ) ) ;
#3287 = AXIS2_PLACEMENT_3D ( 'NONE', #1299, #686, #2643 ) ;
#3288 = CARTESIAN_POINT ( 'NONE',  ( -7.500000000000000000, 13.74860385756396042, -7.266631589092280130 ) ) ;
#3289 = CARTESIAN_POINT ( 'NONE',  ( -8.656694111157115401, 10.71338705519604595, -5.744680005826141134 ) ) ;
#3290 = CARTESIAN_POINT ( 'NONE',  ( 9.470303914682460800, 11.38049061953051222, -6.378199005295840607 ) ) ;
#3291 = MECHANICAL_DESIGN_GEOMETRIC_PRESENTATION_REPRESENTATION (  '', ( #1284 ), #1478 ) ;
#3292 = CARTESIAN_POINT ( 'NONE',  ( 7.750000000000000000, 3.000000000000000000, 8.849999999999999645 ) ) ;
#3293 = CARTESIAN_POINT ( 'NONE',  ( -6.166277347313534385, 9.672366648701119729, -6.222797805609768140 ) ) ;
#3294 = CARTESIAN_POINT ( 'NONE',  ( 7.646270249262730800, 9.042958137246682071, -5.552446783622301041 ) ) ;
#3295 = EDGE_CURVE ( 'NONE', #3083, #3772, #2060, .T. ) ;
#3296 = DIRECTION ( 'NONE',  ( 0.000000000000000000, 0.000000000000000000, 1.000000000000000000 ) ) ;
#3297 = VERTEX_POINT ( 'NONE', #1213 ) ;
#3298 = EDGE_CURVE ( 'NONE', #2931, #4124, #1549, .T. ) ;
#3299 = DIRECTION ( 'NONE',  ( 0.000000000000000000, 0.000000000000000000, -1.000000000000000000 ) ) ;
#3300 = DIRECTION ( 'NONE',  ( 0.000000000000000000, 1.000000000000000000, 0.000000000000000000 ) ) ;
#3301 = CIRCLE ( 'NONE', #2092, 1.100000000000000311 ) ;
#3302 = PLANE ( 'NONE',  #1488 ) ;
#3303 = ORIENTED_EDGE ( 'NONE', *, *, #2236, .T. ) ;
#3304 =( GEOMETRIC_REPRESENTATION_CONTEXT ( 3 ) GLOBAL_UNCERTAINTY_ASSIGNED_CONTEXT ( ( #1368 ) ) GLOBAL_UNIT_ASSIGNED_CONTEXT ( ( #2623, #1691, #716 ) ) REPRESENTATION_CONTEXT ( 'NONE', 'WORKASPACE' ) );
#3305 = CARTESIAN_POINT ( 'NONE',  ( 11.19999999999999929, 12.30000000000000071, -4.611027358743969629 ) ) ;
#3306 = CARTESIAN_POINT ( 'NONE',  ( 7.750000000000000000, 3.000000000000000000, 7.750000000000000000 ) ) ;
#3307 = UNCERTAINTY_MEASURE_WITH_UNIT (LENGTH_MEASURE( 1.000000000000000082E-05 ), #1759, 'distance_accuracy_value', 'NONE');
#3308 = CARTESIAN_POINT ( 'NONE',  ( -8.594770441747394685, 10.68545548888941887, -5.718229888167164710 ) ) ;
#3309 = VECTOR ( 'NONE', #3909, 1000.000000000000000 ) ;
#3310 = CARTESIAN_POINT ( 'NONE',  ( 11.19999999999999929, 12.30000000000000071, -6.000000000000000000 ) ) ;
#3311 = PRESENTATION_LAYER_ASSIGNMENT (  '', '', ( #1234 ) ) ;
#3312 = DIRECTION ( 'NONE',  ( 0.000000000000000000, 0.000000000000000000, 1.000000000000000000 ) ) ;
#3313 = SURFACE_SIDE_STYLE ('',( #1626 ) ) ;
#3314 = CARTESIAN_POINT ( 'NONE',  ( 9.940148230024744791, 9.836334221780710152, -3.714326348291895119 ) ) ;
#3315 = PRESENTATION_LAYER_ASSIGNMENT (  '', '', ( #4048 ) ) ;
#3316 = ORIENTED_EDGE ( 'NONE', *, *, #3984, .T. ) ;
#3317 = PRESENTATION_LAYER_ASSIGNMENT (  '', '', ( #2572 ) ) ;
#3318 = CARTESIAN_POINT ( 'NONE',  ( 0.000000000000000000, -0.5000000000000000000, -9.500000000000000000 ) ) ;
#3319 = SURFACE_SIDE_STYLE ('',( #831 ) ) ;
#3320 = FACE_OUTER_BOUND ( 'NONE', #1144, .T. ) ;
#3321 = DIRECTION ( 'NONE',  ( 0.000000000000000000, 0.000000000000000000, 1.000000000000000000 ) ) ;
#3322 = CIRCLE ( 'NONE', #3049, 3.500000000000000000 ) ;
#3323 = CARTESIAN_POINT ( 'NONE',  ( 11.14256876537317709, 13.39434085192294610, -6.512696362777481873 ) ) ;
#3324 = ORIENTED_EDGE ( 'NONE', *, *, #493, .F. ) ;
#3325 = CARTESIAN_POINT ( 'NONE',  ( -7.358769375147059755, 9.045111685011351099, -5.580344956722900207 ) ) ;
#3326 =( NAMED_UNIT ( * ) PLANE_ANGLE_UNIT ( ) SI_UNIT ( $, .RADIAN. ) );
#3327 = CARTESIAN_POINT ( 'NONE',  ( 5.549999999999999822, 3.000000000000000000, 9.500000000000000000 ) ) ;
#3328 = COLOUR_RGB ( '',0.8078431372549019773, 0.8078431372549019773, 0.8078431372549019773 ) ;
#3329 = CARTESIAN_POINT ( 'NONE',  ( -9.322306352906775118, 11.18381073433748440, -6.203171216439850255 ) ) ;
#3330 = DIRECTION ( 'NONE',  ( 0.000000000000000000, 0.9396926207859079838, -0.3420201433256695456 ) ) ;
#3331 = CARTESIAN_POINT ( 'NONE',  ( 9.493927706481260387, 17.95735007146449647, -8.314705744352679062 ) ) ;
#3332 = ORIENTED_EDGE ( 'NONE', *, *, #2672, .F. ) ;
#3333 = LINE ( 'NONE', #1127, #314 ) ;
#3334 = SURFACE_STYLE_FILL_AREA ( #1705 ) ;
#3335 = ORIENTED_EDGE ( 'NONE', *, *, #1845, .T. ) ;
#3336 = DIRECTION ( 'NONE',  ( 0.000000000000000000, 1.000000000000000000, 0.000000000000000000 ) ) ;
#3337 = CARTESIAN_POINT ( 'NONE',  ( 11.19999999999999929, 12.50000000000000000, 1.701245229258260050 ) ) ;
#3338 = CARTESIAN_POINT ( 'NONE',  ( 11.16213571002508864, 13.17824506592706335, -6.411922517670206823 ) ) ;
#3339 = EDGE_CURVE ( 'NONE', #9, #659, #1260, .T. ) ;
#3340 = EDGE_LOOP ( 'NONE', ( #4002, #1476 ) ) ;
#3341 =( GEOMETRIC_REPRESENTATION_CONTEXT ( 3 ) GLOBAL_UNCERTAINTY_ASSIGNED_CONTEXT ( ( #1223 ) ) GLOBAL_UNIT_ASSIGNED_CONTEXT ( ( #275, #529, #3103 ) ) REPRESENTATION_CONTEXT ( 'NONE', 'WORKASPACE' ) );
#3342 = CARTESIAN_POINT ( 'NONE',  ( 5.549999999999999822, 3.000000000000000000, 7.750000000000000000 ) ) ;
#3343 = CARTESIAN_POINT ( 'NONE',  ( 9.730635002165550773, 11.49999999976168041, -8.050599707958429718 ) ) ;
#3344 = EDGE_CURVE ( 'NONE', #1683, #3139, #1814, .T. ) ;
#3345 = FILL_AREA_STYLE ('',( #2733 ) ) ;
#3346 = CARTESIAN_POINT ( 'NONE',  ( -9.950000000000001066, 3.000000000000000000, 8.680951323690910826 ) ) ;
#3347 = DIRECTION ( 'NONE',  ( 0.6853000115716569862, -0.7282608695652178499, 0.000000000000000000 ) ) ;
#3348 = CIRCLE ( 'NONE', #1275, 2.200000000000000622 ) ;
#3349 = SURFACE_STYLE_USAGE ( .BOTH. , #2422 ) ;
#3350 = CARTESIAN_POINT ( 'NONE',  ( -11.19999999999999929, 6.500000000000000000, -6.000000000000000000 ) ) ;
#3351 = VERTEX_POINT ( 'NONE', #593 ) ;
#3352 = CARTESIAN_POINT ( 'NONE',  ( -7.321829596386661976, 6.794037271520321219, -0.1541419854903508246 ) ) ;
#3353 = ORIENTED_EDGE ( 'NONE', *, *, #166, .F. ) ;
#3354 = FILL_AREA_STYLE_COLOUR ( '', #3328 ) ;
#3355 = SURFACE_SIDE_STYLE ('',( #2703 ) ) ;
#3356 =( LENGTH_UNIT ( ) NAMED_UNIT ( * ) SI_UNIT ( .MILLI., .METRE. ) );
#3357 = DIRECTION ( 'NONE',  ( 0.000000000000000000, 1.000000000000000000, 0.000000000000000000 ) ) ;
#3358 = EDGE_CURVE ( 'NONE', #380, #2603, #235, .T. ) ;
#3359 = EDGE_CURVE ( 'NONE', #1887, #2731, #2855, .T. ) ;
#3360 = VECTOR ( 'NONE', #2553, 1000.000000000000114 ) ;
#3361 = DIRECTION ( 'NONE',  ( 0.000000000000000000, -0.9396926207859082059, 0.3420201433256692680 ) ) ;
#3362 = CARTESIAN_POINT ( 'NONE',  ( 11.03344063962352450, 14.13578296581538751, -6.853573552726243356 ) ) ;
#3363 = ORIENTED_EDGE ( 'NONE', *, *, #2670, .F. ) ;
#3364 = EDGE_LOOP ( 'NONE', ( #1603, #3727, #2795, #1743, #890, #2639, #1333, #1755 ) ) ;
#3365 = CARTESIAN_POINT ( 'NONE',  ( 7.034229096042973417, 9.092823187434710519, -5.646045036962894059 ) ) ;
#3366 = CARTESIAN_POINT ( 'NONE',  ( 5.549999999999999822, 1.047106842509882174, 9.500000000000000000 ) ) ;
#3367 = SURFACE_STYLE_USAGE ( .BOTH. , #803 ) ;
#3368 = ADVANCED_FACE ( 'NONE', ( #3773 ), #3754, .F. ) ;
#3369 = DIRECTION ( 'NONE',  ( 0.000000000000000000, -1.000000000000000000, 0.000000000000000000 ) ) ;
#3370 = CARTESIAN_POINT ( 'NONE',  ( -7.625472699796710607, 9.041888112304949487, -5.553527156665929887 ) ) ;
#3371 = CARTESIAN_POINT ( 'NONE',  ( 11.13101544417489919, 13.40101402078805926, -6.803641511932129404 ) ) ;
#3372 = ORIENTED_EDGE ( 'NONE', *, *, #104, .T. ) ;
#3373 = CARTESIAN_POINT ( 'NONE',  ( -5.549999999999999822, 3.000000000000000000, -9.500000000000000000 ) ) ;
#3374 = CYLINDRICAL_SURFACE ( 'NONE', #1996, 1.100000000000000311 ) ;
#3375 = VERTEX_POINT ( 'NONE', #3172 ) ;
#3376 =( GEOMETRIC_REPRESENTATION_CONTEXT ( 3 ) GLOBAL_UNCERTAINTY_ASSIGNED_CONTEXT ( ( #2673 ) ) GLOBAL_UNIT_ASSIGNED_CONTEXT ( ( #1737, #3326, #2091 ) ) REPRESENTATION_CONTEXT ( 'NONE', 'WORKASPACE' ) );
#3377 = DIRECTION ( 'NONE',  ( 0.000000000000000000, 1.000000000000000000, 0.000000000000000000 ) ) ;
#3378 = CARTESIAN_POINT ( 'NONE',  ( -9.665243567101988731, 11.50000000178404136, -7.248476874256454039 ) ) ;
#3379 = CARTESIAN_POINT ( 'NONE',  ( -11.13101544417489919, 13.40101402078805926, -6.803641511932129404 ) ) ;
#3380 = DIRECTION ( 'NONE',  ( 0.000000000000000000, 0.000000000000000000, 1.000000000000000000 ) ) ;
#3381 = VECTOR ( 'NONE', #223, 1000.000000000000000 ) ;
#3382 = UNCERTAINTY_MEASURE_WITH_UNIT (LENGTH_MEASURE( 1.000000000000000082E-05 ), #2114, 'distance_accuracy_value', 'NONE');
#3383 = CYLINDRICAL_SURFACE ( 'NONE', #1993, 1.100000000000000311 ) ;
#3384 = VERTEX_POINT ( 'NONE', #3194 ) ;
#3385 = ORIENTED_EDGE ( 'NONE', *, *, #2672, .T. ) ;
#3386 = SURFACE_STYLE_USAGE ( .BOTH. , #1758 ) ;
#3387 = STYLED_ITEM ( 'NONE', ( #2581 ), #1739 ) ;
#3388 = FACE_OUTER_BOUND ( 'NONE', #3919, .T. ) ;
#3389 = FILL_AREA_STYLE_COLOUR ( '', #1728 ) ;
#3390 = CARTESIAN_POINT ( 'NONE',  ( 1.300000000000000044, -0.5000000000000000000, 6.000000000000000000 ) ) ;
#3391 = DIRECTION ( 'NONE',  ( 0.000000000000000000, 0.000000000000000000, 1.000000000000000000 ) ) ;
#3392 = PRODUCT_RELATED_PRODUCT_CATEGORY ( 'part', '', ( #3946 ) ) ;
#3393 = CARTESIAN_POINT ( 'NONE',  ( 5.575683049990500351, 11.25056061148401731, -6.498584697750033001 ) ) ;
#3394 = ORIENTED_EDGE ( 'NONE', *, *, #1669, .T. ) ;
#3395 = CARTESIAN_POINT ( 'NONE',  ( -1.000000000000000000, 22.50000000000000000, -9.500000000000000000 ) ) ;
#3396 = VECTOR ( 'NONE', #4, 1000.000000000000000 ) ;
#3397 = VERTEX_POINT ( 'NONE', #313 ) ;
#3398 =( GEOMETRIC_REPRESENTATION_CONTEXT ( 3 ) GLOBAL_UNCERTAINTY_ASSIGNED_CONTEXT ( ( #2824 ) ) GLOBAL_UNIT_ASSIGNED_CONTEXT ( ( #1381, #1307, #3862 ) ) REPRESENTATION_CONTEXT ( 'NONE', 'WORKASPACE' ) );
#3399 = CARTESIAN_POINT ( 'NONE',  ( -9.383780062209833517, 18.12241284397908814, -9.138602256204372054 ) ) ;
#3400 = CARTESIAN_POINT ( 'NONE',  ( 11.19999999999999929, 10.44787914004598051, -3.936910495457190073 ) ) ;
#3401 = LINE ( 'NONE', #3966, #523 ) ;
#3402 = CARTESIAN_POINT ( 'NONE',  ( 10.14283956072594606, 16.82201239111905622, -7.964656178134498887 ) ) ;
#3403 = VERTEX_POINT ( 'NONE', #1593 ) ;
#3404 = VERTEX_POINT ( 'NONE', #978 ) ;
#3405 = CARTESIAN_POINT ( 'NONE',  ( 6.122711789114566372, 9.718427983706108719, -6.269480512301219832 ) ) ;
#3406 = CARTESIAN_POINT ( 'NONE',  ( 9.949999999999988631, 10.97492761962705465, -6.573670130287459834 ) ) ;
#3407 =( LENGTH_UNIT ( ) NAMED_UNIT ( * ) SI_UNIT ( .MILLI., .METRE. ) );
#3408 = CARTESIAN_POINT ( 'NONE',  ( 6.466432229332076176, 9.942457782153253376, -5.881307710373656406 ) ) ;
#3409 = MECHANICAL_DESIGN_GEOMETRIC_PRESENTATION_REPRESENTATION (  '', ( #1483 ), #3341 ) ;
#3410 =( LENGTH_UNIT ( ) NAMED_UNIT ( * ) SI_UNIT ( .MILLI., .METRE. ) );
#3411 = DIRECTION ( 'NONE',  ( -0.000000000000000000, 0.3420201433256695456, 0.9396926207859080948 ) ) ;
#3412 = DIRECTION ( 'NONE',  ( 0.000000000000000000, 0.000000000000000000, 1.000000000000000000 ) ) ;
#3413 = PRESENTATION_LAYER_ASSIGNMENT (  '', '', ( #538 ) ) ;
#3414 = CARTESIAN_POINT ( 'NONE',  ( 5.543249550715879437, 11.25863749582500795, -6.640889407784347220 ) ) ;
#3415 = ORIENTED_EDGE ( 'NONE', *, *, #3781, .T. ) ;
#3416 = CARTESIAN_POINT ( 'NONE',  ( 10.56803905073259031, 15.16055398571301716, -8.017627456628510174 ) ) ;
#3417 = ORIENTED_EDGE ( 'NONE', *, *, #755, .T. ) ;
#3418 = CARTESIAN_POINT ( 'NONE',  ( -11.19999999999999929, 3.000000000000000000, -9.500000000000000000 ) ) ;
#3419 = AXIS2_PLACEMENT_3D ( 'NONE', #1729, #3988, #553 ) ;
#3420 = FACE_OUTER_BOUND ( 'NONE', #3, .T. ) ;
#3421 = CARTESIAN_POINT ( 'NONE',  ( -11.19999999999999929, 12.85309489157739904, -6.403648474507400046 ) ) ;
#3422 = EDGE_CURVE ( 'NONE', #2489, #903, #756, .T. ) ;
#3423 = EDGE_CURVE ( 'NONE', #537, #1125, #1376, .T. ) ;
#3424 = CARTESIAN_POINT ( 'NONE',  ( 7.500000000000000000, 13.74860385756396042, -7.266631589092280130 ) ) ;
#3425 = CARTESIAN_POINT ( 'NONE',  ( 10.16741625739447841, 16.77203644965748452, -7.947025461449765515 ) ) ;
#3426 = EDGE_CURVE ( 'NONE', #2832, #946, #649, .T. ) ;
#3427 = EDGE_LOOP ( 'NONE', ( #292, #2137, #779, #617 ) ) ;
#3428 = ORIENTED_EDGE ( 'NONE', *, *, #3676, .T. ) ;
#3429 = CARTESIAN_POINT ( 'NONE',  ( 9.746335481236030773, 11.50000000000000000, -8.853937153860949039 ) ) ;
#3430 = MECHANICAL_DESIGN_GEOMETRIC_PRESENTATION_REPRESENTATION (  '', ( #286 ), #2224 ) ;
#3431 = CARTESIAN_POINT ( 'NONE',  ( -9.950000000000001066, 10.50756511718494046, -7.750000000000000000 ) ) ;
#3432 = SURFACE_SIDE_STYLE ('',( #860 ) ) ;
#3433 = AXIS2_PLACEMENT_3D ( 'NONE', #543, #2196, #2756 ) ;
#3434 = CARTESIAN_POINT ( 'NONE',  ( 7.700000000000000178, 18.60476010645924916, -8.500000000000000000 ) ) ;
#3435 = CARTESIAN_POINT ( 'NONE',  ( -11.19999999999999929, 6.500000000000000000, 6.000000000000000000 ) ) ;
#3436 = CARTESIAN_POINT ( 'NONE',  ( -9.873981098543467283, 10.96499294160554427, -7.175759853130124988 ) ) ;
#3437 = ORIENTED_EDGE ( 'NONE', *, *, #385, .T. ) ;
#3438 = CARTESIAN_POINT ( 'NONE',  ( 9.975549608057360018, 16.21784779821851785, -8.661935932485732792 ) ) ;
#3439 =( GEOMETRIC_REPRESENTATION_CONTEXT ( 3 ) GLOBAL_UNCERTAINTY_ASSIGNED_CONTEXT ( ( #1072 ) ) GLOBAL_UNIT_ASSIGNED_CONTEXT ( ( #2384, #3054, #1699 ) ) REPRESENTATION_CONTEXT ( 'NONE', 'WORKASPACE' ) );
#3440 = ORIENTED_EDGE ( 'NONE', *, *, #1416, .F. ) ;
#3441 = DIRECTION ( 'NONE',  ( 0.000000000000000000, 0.000000000000000000, 1.000000000000000000 ) ) ;
#3442 =( NAMED_UNIT ( * ) PLANE_ANGLE_UNIT ( ) SI_UNIT ( $, .RADIAN. ) );
#3443 = DIRECTION ( 'NONE',  ( 0.000000000000000000, -1.000000000000000000, 0.000000000000000000 ) ) ;
#3444 = COLOUR_RGB ( '',0.8078431372549019773, 0.8078431372549019773, 0.8078431372549019773 ) ;
#3445 = EDGE_CURVE ( 'NONE', #2938, #600, #168, .T. ) ;
#3446 = CARTESIAN_POINT ( 'NONE',  ( 9.455519264661349510, 12.75758982843135847, -9.027900531030219611 ) ) ;
#3447 = CARTESIAN_POINT ( 'NONE',  ( 9.328336182652112285, 18.18946610169971478, -8.365469433031996971 ) ) ;
#3448 = MECHANICAL_DESIGN_GEOMETRIC_PRESENTATION_REPRESENTATION (  '', ( #2038 ), #3043 ) ;
#3449 = ORIENTED_EDGE ( 'NONE', *, *, #344, .T. ) ;
#3450 = VERTEX_POINT ( 'NONE', #4003 ) ;
#3451 = UNCERTAINTY_MEASURE_WITH_UNIT (LENGTH_MEASURE( 1.000000000000000082E-05 ), #1602, 'distance_accuracy_value', 'NONE');
#3452 =( GEOMETRIC_REPRESENTATION_CONTEXT ( 3 ) GLOBAL_UNCERTAINTY_ASSIGNED_CONTEXT ( ( #2471 ) ) GLOBAL_UNIT_ASSIGNED_CONTEXT ( ( #98, #113, #2029 ) ) REPRESENTATION_CONTEXT ( 'NONE', 'WORKASPACE' ) );
#3453 = CIRCLE ( 'NONE', #3121, 1.441743575235126418 ) ;
#3454 = DIRECTION ( 'NONE',  ( 0.000000000000000000, 1.000000000000000000, 0.000000000000000000 ) ) ;
#3455 =( GEOMETRIC_REPRESENTATION_CONTEXT ( 3 ) GLOBAL_UNCERTAINTY_ASSIGNED_CONTEXT ( ( #3089 ) ) GLOBAL_UNIT_ASSIGNED_CONTEXT ( ( #3099, #186, #2482 ) ) REPRESENTATION_CONTEXT ( 'NONE', 'WORKASPACE' ) );
#3456 = CARTESIAN_POINT ( 'NONE',  ( 6.032264793629088295, 10.59267505350919514, -6.117967442953008650 ) ) ;
#3457 = PRESENTATION_LAYER_ASSIGNMENT (  '', '', ( #3585 ) ) ;
#3458 = DIRECTION ( 'NONE',  ( 1.264902534566421922E-16, 0.000000000000000000, -1.000000000000000000 ) ) ;
#3459 = SURFACE_SIDE_STYLE ('',( #604 ) ) ;
#3460 = CARTESIAN_POINT ( 'NONE',  ( -7.500000000000000000, 13.07784834550136033, -4.894141003279680824 ) ) ;
#3461 = DIRECTION ( 'NONE',  ( 0.000000000000000000, 1.000000000000000000, 0.000000000000000000 ) ) ;
#3462 = ORIENTED_EDGE ( 'NONE', *, *, #3358, .F. ) ;
#3463 = UNCERTAINTY_MEASURE_WITH_UNIT (LENGTH_MEASURE( 1.000000000000000082E-05 ), #2976, 'distance_accuracy_value', 'NONE');
#3464 = DIRECTION ( 'NONE',  ( -1.000000000000000000, 0.000000000000000000, 0.000000000000000000 ) ) ;
#3465 = CARTESIAN_POINT ( 'NONE',  ( 5.854889902257229828, 10.76099410758892816, -6.600102800732610575 ) ) ;
#3466 = CARTESIAN_POINT ( 'NONE',  ( 7.500000000000000000, 13.07784834550136033, -4.894141003279680824 ) ) ;
#3467 = EDGE_CURVE ( 'NONE', #90, #1973, #2053, .T. ) ;
#3468 = AXIS2_PLACEMENT_3D ( 'NONE', #2491, #1569, #3733 ) ;
#3469 = CARTESIAN_POINT ( 'NONE',  ( 9.206206679390614767, 13.08633463381034723, -9.159329555072844187 ) ) ;
#3470 = CARTESIAN_POINT ( 'NONE',  ( -10.52013637958706305, 15.96156772083601183, -7.640135018432086866 ) ) ;
#3471 = CARTESIAN_POINT ( 'NONE',  ( -9.723231811888163989, 12.01142245687456089, -8.856442597184990717 ) ) ;
#3472 = ORIENTED_EDGE ( 'NONE', *, *, #2729, .T. ) ;
#3473 = ORIENTED_EDGE ( 'NONE', *, *, #1119, .T. ) ;
#3474 = CYLINDRICAL_SURFACE ( 'NONE', #642, 2.200000000000000622 ) ;
#3475 = STYLED_ITEM ( 'NONE', ( #1668 ), #789 ) ;
#3476 =( NAMED_UNIT ( * ) PLANE_ANGLE_UNIT ( ) SI_UNIT ( $, .RADIAN. ) );
#3477 = CARTESIAN_POINT ( 'NONE',  ( 9.506470999590499460, 11.43708553421550000, -6.425307723432509555 ) ) ;
#3478 = EDGE_CURVE ( 'NONE', #3740, #2456, #3333, .T. ) ;
#3479 = CARTESIAN_POINT ( 'NONE',  ( 5.549999999999999822, 3.000000000000000000, -7.750000000000000000 ) ) ;
#3480 = VECTOR ( 'NONE', #3281, 1000.000000000000000 ) ;
#3481 = CARTESIAN_POINT ( 'NONE',  ( -9.950000000000002842, 10.61122571310311002, -7.622301279969645904 ) ) ;
#3482 = EDGE_LOOP ( 'NONE', ( #1142, #89, #2253, #3316 ) ) ;
#3483 = VECTOR ( 'NONE', #1156, 1000.000000000000000 ) ;
#3484 = CARTESIAN_POINT ( 'NONE',  ( -11.19999999999999929, 6.500000000000000000, 9.500000000000000000 ) ) ;
#3485 = FILL_AREA_STYLE ('',( #296 ) ) ;
#3486 = CARTESIAN_POINT ( 'NONE',  ( 7.037650040751723957, 6.669486568595960563, 0.2831582349109256214 ) ) ;
#3487 = CARTESIAN_POINT ( 'NONE',  ( -5.549999999999999822, 3.000000000000000000, 9.500000000000000000 ) ) ;
#3488 = CARTESIAN_POINT ( 'NONE',  ( -9.184524774665311142, 18.38920286628788503, -8.407647714086312618 ) ) ;
#3489 = CARTESIAN_POINT ( 'NONE',  ( -9.754227691015879387, 11.64881808369822558, -8.833769602178422886 ) ) ;
#3490 = ORIENTED_EDGE ( 'NONE', *, *, #3234, .F. ) ;
#3491 = EDGE_LOOP ( 'NONE', ( #1833, #1505 ) ) ;
#3492 = CARTESIAN_POINT ( 'NONE',  ( -5.549999999999999822, 9.732355150393930288, -9.500000000000000000 ) ) ;
#3493 =( NAMED_UNIT ( * ) SI_UNIT ( $, .STERADIAN. ) SOLID_ANGLE_UNIT ( ) );
#3494 = CARTESIAN_POINT ( 'NONE',  ( 9.932316656041772163, 10.87986126519976082, -8.695699335866024171 ) ) ;
#3495 = CARTESIAN_POINT ( 'NONE',  ( 7.750000000000000000, 6.500000000000000000, 6.649999999999999467 ) ) ;
#3496 = CARTESIAN_POINT ( 'NONE',  ( -5.549999999999998934, 10.72877873983010133, -7.880838447269819191 ) ) ;
#3497 = DIRECTION ( 'NONE',  ( 0.000000000000000000, -1.000000000000000000, 0.000000000000000000 ) ) ;
#3498 = CARTESIAN_POINT ( 'NONE',  ( -7.750000000000000000, 6.500000000000000000, 7.750000000000000000 ) ) ;
#3499 = CARTESIAN_POINT ( 'NONE',  ( 5.577171102512536116, 10.47624500489870947, -7.404754765896649715 ) ) ;
#3500 = ORIENTED_EDGE ( 'NONE', *, *, #1546, .T. ) ;
#3501 = VECTOR ( 'NONE', #902, 1000.000000000000000 ) ;
#3502 = EDGE_CURVE ( 'NONE', #3105, #970, #2723, .T. ) ;
#3503 = CARTESIAN_POINT ( 'NONE',  ( 7.700000000000000178, -0.5000000000000000000, -6.000000000000000000 ) ) ;
#3504 = STYLED_ITEM ( 'NONE', ( #1191 ), #1055 ) ;
#3505 = CARTESIAN_POINT ( 'NONE',  ( 7.361714632334332542, 6.812326280157519065, -0.2148580641811017322 ) ) ;
#3506 =( BOUNDED_CURVE ( )  B_SPLINE_CURVE ( 3, ( #3962, #1086, #775, #3588 ),
 .UNSPECIFIED., .F., .T. ) 
 B_SPLINE_CURVE_WITH_KNOTS ( ( 4, 4 ),
 ( 3.198226241090440070, 3.885645268759250204 ),
 .UNSPECIFIED. ) 
 CURVE ( )  GEOMETRIC_REPRESENTATION_ITEM ( )  RATIONAL_B_SPLINE_CURVE ( ( 1.000000000000000000, 0.9610074046710549434, 0.9610074046710549434, 1.000000000000000000 ) ) 
 REPRESENTATION_ITEM ( '' )  );
#3507 = VECTOR ( 'NONE', #13, 1000.000000000000000 ) ;
#3508 = CARTESIAN_POINT ( 'NONE',  ( 9.210557789403875262, 13.08168921661589224, -9.157249514378118960 ) ) ;
#3509 = CARTESIAN_POINT ( 'NONE',  ( -9.648146193508701174, 17.70829814983008532, -8.244861267661834248 ) ) ;
#3510 = CARTESIAN_POINT ( 'NONE',  ( -9.618144242298699353, 12.42067290540905944, -8.927689766180282760 ) ) ;
#3511 = CARTESIAN_POINT ( 'NONE',  ( -9.887440472700292915, 11.11234638635038330, -8.732258481289379759 ) ) ;
#3512 =( NAMED_UNIT ( * ) SI_UNIT ( $, .STERADIAN. ) SOLID_ANGLE_UNIT ( ) );
#3513 = AXIS2_PLACEMENT_3D ( 'NONE', #2888, #2808, #1878 ) ;
#3514 = AXIS2_PLACEMENT_3D ( 'NONE', #1273, #4078, #1206 ) ;
#3515 = SURFACE_STYLE_USAGE ( .BOTH. , #2232 ) ;
#3516 = CARTESIAN_POINT ( 'NONE',  ( 5.707083186931526164, 10.28895349801568848, -6.933501364176573034 ) ) ;
#3517 = CARTESIAN_POINT ( 'NONE',  ( 9.949999999999999289, 10.71494489320017252, -7.494530390534081654 ) ) ;
#3518 = B_SPLINE_CURVE_WITH_KNOTS ( 'NONE', 3,
 ( #2442, #2169, #3743, #562, #3645, #1521, #1867, #3408, #3721, #1205, #4055, #842, #2835, #3162, #268, #1826, #2132, #1187, #287, #3456, #2799, #584, #3124 ),
 .UNSPECIFIED., .F., .F.,
 ( 4, 1, 1, 1, 1, 1, 1, 1, 2, 2, 1, 1, 1, 1, 2, 2, 4 ),
 ( 0.000000000000000000, 0.2500000000000342504, 0.3750000000000512368, 0.4375000000000598410, 0.4687500000000637268, 0.4843750000000656697, 0.4921875000000661138, 0.4960937500000657252, 0.4980468750000655587, 0.5000000000000653921, 0.6250000000000438538, 0.6875000000000329736, 0.7187500000000267564, 0.7343750000000240918, 0.7421875000000228706, 0.7500000000000215383, 1.000000000000000000 ),
 .UNSPECIFIED. ) ;
#3519 =( GEOMETRIC_REPRESENTATION_CONTEXT ( 3 ) GLOBAL_UNCERTAINTY_ASSIGNED_CONTEXT ( ( #1073 ) ) GLOBAL_UNIT_ASSIGNED_CONTEXT ( ( #947, #3120, #2166 ) ) REPRESENTATION_CONTEXT ( 'NONE', 'WORKASPACE' ) );
#3520 =( NAMED_UNIT ( * ) PLANE_ANGLE_UNIT ( ) SI_UNIT ( $, .RADIAN. ) );
#3521 = CARTESIAN_POINT ( 'NONE',  ( -5.818624913027760748, 10.10927380128822328, -6.694633581706394665 ) ) ;
#3522 = FACE_OUTER_BOUND ( 'NONE', #4116, .T. ) ;
#3523 = CARTESIAN_POINT ( 'NONE',  ( 5.689273461899289508, 11.21246125135355953, -6.099486403017460034 ) ) ;
#3524 = CARTESIAN_POINT ( 'NONE',  ( 6.250483284646409565, 6.500000000000000000, 1.701245229258260050 ) ) ;
#3525 = CARTESIAN_POINT ( 'NONE',  ( -11.15633248616031992, 13.24284701793643926, -6.442031254174288790 ) ) ;
#3526 = CARTESIAN_POINT ( 'NONE',  ( -9.277680924850129074, 13.00611478945852006, -9.124299709096103328 ) ) ;
#3527 = AXIS2_PLACEMENT_3D ( 'NONE', #416, #127, #1389 ) ;
#3528 = LINE ( 'NONE', #1420, #3589 ) ;
#3529 = CARTESIAN_POINT ( 'NONE',  ( -9.932205670823318400, 10.92062243677567857, -8.696177576886320537 ) ) ;
#3530 = COLOUR_RGB ( '',0.8078431372549019773, 0.8078431372549019773, 0.8078431372549019773 ) ;
#3531 = FACE_BOUND ( 'NONE', #3340, .T. ) ;
#3532 = CARTESIAN_POINT ( 'NONE',  ( 11.19999999999999929, 6.500000000000000000, -6.000000000000000000 ) ) ;
#3533 = VERTEX_POINT ( 'NONE', #3373 ) ;
#3534 = CARTESIAN_POINT ( 'NONE',  ( -5.412096718738149903, 11.14987323089875915, -7.738875171110060514 ) ) ;
#3535 = DIRECTION ( 'NONE',  ( 1.000000000000000000, 0.000000000000000000, 0.000000000000000000 ) ) ;
#3536 = CARTESIAN_POINT ( 'NONE',  ( 5.591266499909252730, 10.46664050428887904, -7.325858842757543066 ) ) ;
#3537 = CARTESIAN_POINT ( 'NONE',  ( 7.700000000000000178, 6.500000000000000000, -9.500000000000000000 ) ) ;
#3538 = DIRECTION ( 'NONE',  ( -1.000000000000000000, 0.000000000000000000, 0.000000000000000000 ) ) ;
#3539 = ADVANCED_FACE ( 'NONE', ( #1769 ), #1463, .F. ) ;
#3540 = SURFACE_SIDE_STYLE ('',( #3892 ) ) ;
#3541 = CARTESIAN_POINT ( 'NONE',  ( -7.332411438153110694, 9.048019566888804377, -5.584691950879117073 ) ) ;
#3542 = CARTESIAN_POINT ( 'NONE',  ( -11.19999999999999929, 6.500000000000000000, 9.500000000000000000 ) ) ;
#3543 = CARTESIAN_POINT ( 'NONE',  ( 7.500825882944900158, 9.034574174407829616, -5.559312104449049663 ) ) ;
#3544 = CARTESIAN_POINT ( 'NONE',  ( -8.654784386092822857, 13.50511806428649564, -9.367259591379211159 ) ) ;
#3545 = PRESENTATION_STYLE_ASSIGNMENT (( #1629 ) ) ;
#3546 = CARTESIAN_POINT ( 'NONE',  ( -10.36778106854820969, 16.33621911721686359, -7.786539943157006149 ) ) ;
#3547 = CARTESIAN_POINT ( 'NONE',  ( -9.679377993256947477, 12.22106669647055455, -8.886689876755362150 ) ) ;
#3548 = EDGE_CURVE ( 'NONE', #1247, #678, #2412, .T. ) ;
#3549 = EDGE_CURVE ( 'NONE', #201, #580, #4062, .T. ) ;
#3550 =( LENGTH_UNIT ( ) NAMED_UNIT ( * ) SI_UNIT ( .MILLI., .METRE. ) );
#3551 = EDGE_CURVE ( 'NONE', #3397, #4014, #3453, .T. ) ;
#3552 = SURFACE_STYLE_FILL_AREA ( #2582 ) ;
#3553 = SURFACE_STYLE_FILL_AREA ( #1618 ) ;
#3554 = ORIENTED_EDGE ( 'NONE', *, *, #2500, .T. ) ;
#3555 = CARTESIAN_POINT ( 'NONE',  ( -5.549999999999999822, 22.50000000000000000, -7.750000000000000000 ) ) ;
#3556 = CARTESIAN_POINT ( 'NONE',  ( -8.293983048435771721, 10.57388570775036030, -5.618287923527013561 ) ) ;
#3557 = DIRECTION ( 'NONE',  ( 0.000000000000000000, 1.000000000000000000, 0.000000000000000000 ) ) ;
#3558 = VECTOR ( 'NONE', #1882, 1000.000000000000000 ) ;
#3559 = CARTESIAN_POINT ( 'NONE',  ( 5.550000000000001599, 10.00212298705185709, -9.499999999999998224 ) ) ;
#3560 = CARTESIAN_POINT ( 'NONE',  ( -6.931743541661353980, 9.155361478247396434, -5.707466051040845478 ) ) ;
#3561 = CARTESIAN_POINT ( 'NONE',  ( 1.300000000000000044, 2.500000000000000000, 6.000000000000000000 ) ) ;
#3562 = CARTESIAN_POINT ( 'NONE',  ( 7.604051846567662309, 10.44429442674001862, -5.554439592877367993 ) ) ;
#3563 = CARTESIAN_POINT ( 'NONE',  ( -8.540700828475758399, 13.56162792254975891, -9.397531252530535895 ) ) ;
#3564 = VERTEX_POINT ( 'NONE', #3249 ) ;
#3565 = SURFACE_STYLE_USAGE ( .BOTH. , #1326 ) ;
#3566 = CARTESIAN_POINT ( 'NONE',  ( 5.549999999999999822, 22.50000000000000000, -9.500000000000000000 ) ) ;
#3567 = CARTESIAN_POINT ( 'NONE',  ( -7.750000000000000000, 3.000000000000000000, -7.750000000000000000 ) ) ;
#3568 = STYLED_ITEM ( 'NONE', ( #2438 ), #456 ) ;
#3569 = ADVANCED_FACE ( 'NONE', ( #1698 ), #3271, .F. ) ;
#3570 = DIRECTION ( 'NONE',  ( 0.000000000000000000, -0.9396926207859082059, 0.3420201433256691570 ) ) ;
#3571 = CARTESIAN_POINT ( 'NONE',  ( -11.19999999999999929, 6.500000000000000000, -9.500000000000000000 ) ) ;
#3572 = PLANE ( 'NONE',  #3692 ) ;
#3573 = EDGE_LOOP ( 'NONE', ( #1555, #1585, #855, #2710 ) ) ;
#3574 = ORIENTED_EDGE ( 'NONE', *, *, #2901, .F. ) ;
#3575 = CARTESIAN_POINT ( 'NONE',  ( -5.545898160500587259, 10.77596607155960484, -7.781395773151325912 ) ) ;
#3576 =( NAMED_UNIT ( * ) SI_UNIT ( $, .STERADIAN. ) SOLID_ANGLE_UNIT ( ) );
#3577 = CIRCLE ( 'NONE', #3976, 1.441743575235124641 ) ;
#3578 = DIRECTION ( 'NONE',  ( 0.000000000000000000, 1.000000000000000000, 0.000000000000000000 ) ) ;
#3579 = UNCERTAINTY_MEASURE_WITH_UNIT (LENGTH_MEASURE( 1.000000000000000082E-05 ), #3356, 'distance_accuracy_value', 'NONE');
#3580 = CIRCLE ( 'NONE', #2640, 1.100000000000000311 ) ;
#3581 = CARTESIAN_POINT ( 'NONE',  ( -6.638092755845803161, 9.296190339273962877, -5.850443328449229874 ) ) ;
#3582 = CARTESIAN_POINT ( 'NONE',  ( 7.750000000000000000, 10.45956135341902105, -5.549999999999999822 ) ) ;
#3583 = CARTESIAN_POINT ( 'NONE',  ( 8.357345447636577163, 7.504259497398807710, -1.622012915988332749 ) ) ;
#3584 = ORIENTED_EDGE ( 'NONE', *, *, #2240, .F. ) ;
#3585 = STYLED_ITEM ( 'NONE', ( #1886 ), #1548 ) ;
#3586 = SURFACE_SIDE_STYLE ('',( #84 ) ) ;
#3587 = CARTESIAN_POINT ( 'NONE',  ( -9.950000000000001066, 6.500000000000000000, 8.680951323690910826 ) ) ;
#3588 = CARTESIAN_POINT ( 'NONE',  ( 6.259994790605449388, 10.62956498582312115, -6.131394280259369722 ) ) ;
#3589 = VECTOR ( 'NONE', #1726, 1000.000000000000000 ) ;
#3590 = DIRECTION ( 'NONE',  ( 0.000000000000000000, -0.9396926207859080948, 0.3420201433256697676 ) ) ;
#3591 = FILL_AREA_STYLE_COLOUR ( '', #663 ) ;
#3592 = PRESENTATION_LAYER_ASSIGNMENT (  '', '', ( #3267 ) ) ;
#3593 = EDGE_LOOP ( 'NONE', ( #2289, #1331, #558, #3159, #2936, #3335, #2314, #2751, #697, #2665, #3158, #3626, #3554, #2107, #2741, #2081 ) ) ;
#3594 = ORIENTED_EDGE ( 'NONE', *, *, #1620, .F. ) ;
#3595 = CARTESIAN_POINT ( 'NONE',  ( -7.236938031513630243, 10.91540623603600046, -4.288662826830589303 ) ) ;
#3596 =( LENGTH_UNIT ( ) NAMED_UNIT ( * ) SI_UNIT ( .MILLI., .METRE. ) );
#3597 = COLOUR_RGB ( '',0.8078431372549019773, 0.8078431372549019773, 0.8078431372549019773 ) ;
#3598 = CARTESIAN_POINT ( 'NONE',  ( 7.750000000000000000, 3.000000000000000000, -7.750000000000000000 ) ) ;
#3599 = EDGE_CURVE ( 'NONE', #1349, #3255, #2966, .T. ) ;
#3600 = PRESENTATION_STYLE_ASSIGNMENT (( #107 ) ) ;
#3601 = UNCERTAINTY_MEASURE_WITH_UNIT (LENGTH_MEASURE( 1.000000000000000082E-05 ), #1947, 'distance_accuracy_value', 'NONE');
#3602 = CARTESIAN_POINT ( 'NONE',  ( -11.19999999999999929, 6.500000000000000000, 1.701245229258260050 ) ) ;
#3603 = CARTESIAN_POINT ( 'NONE',  ( 5.408823529411769471, 11.06287966545550105, -8.002441239438210729 ) ) ;
#3604 = EDGE_CURVE ( 'NONE', #970, #1149, #2177, .T. ) ;
#3605 = CARTESIAN_POINT ( 'NONE',  ( -7.039926436687454547, 9.116875172544625983, -5.666313413265108956 ) ) ;
#3606 = CARTESIAN_POINT ( 'NONE',  ( -7.700000000000000178, 6.500000000000000000, -9.500000000000000000 ) ) ;
#3607 = CARTESIAN_POINT ( 'NONE',  ( 8.154174606018955274, 7.329843242020168681, -1.344268369873263369 ) ) ;
#3608 = VERTEX_POINT ( 'NONE', #3053 ) ;
#3609 = CARTESIAN_POINT ( 'NONE',  ( -11.15755881689821827, 13.22951925928769867, -6.435818329490602174 ) ) ;
#3610 = CARTESIAN_POINT ( 'NONE',  ( -7.500000000000000000, 12.39380805885001990, -6.773526244851500344 ) ) ;
#3611 = COLOUR_RGB ( '',0.8078431372549019773, 0.8078431372549019773, 0.8078431372549019773 ) ;
#3612 = PRESENTATION_STYLE_ASSIGNMENT (( #2956 ) ) ;
#3613 = VECTOR ( 'NONE', #4009, 1000.000000000000000 ) ;
#3614 = ORIENTED_EDGE ( 'NONE', *, *, #3797, .F. ) ;
#3615 = COLOUR_RGB ( '',0.8078431372549019773, 0.8078431372549019773, 0.8078431372549019773 ) ;
#3616 = CARTESIAN_POINT ( 'NONE',  ( -6.485390418958069780, 10.50564558486491507, -5.913488511554002791 ) ) ;
#3617 =( LENGTH_UNIT ( ) NAMED_UNIT ( * ) SI_UNIT ( .MILLI., .METRE. ) );
#3618 = DIRECTION ( 'NONE',  ( 0.000000000000000000, 1.000000000000000000, 0.000000000000000000 ) ) ;
#3619 = STYLED_ITEM ( 'NONE', ( #427 ), #1851 ) ;
#3620 = CARTESIAN_POINT ( 'NONE',  ( -9.506470999590490578, 11.43708553421550000, -6.425307723432509555 ) ) ;
#3621 = CYLINDRICAL_SURFACE ( 'NONE', #3287, 1.441743575235124641 ) ;
#3622 = FACE_OUTER_BOUND ( 'NONE', #1839, .T. ) ;
#3623 = CARTESIAN_POINT ( 'NONE',  ( -11.19999999999999929, 12.50000000000000000, 1.701245229258260050 ) ) ;
#3624 = CARTESIAN_POINT ( 'NONE',  ( -11.19999999999999929, 10.44787914004598051, -3.936910495457190073 ) ) ;
#3625 = CARTESIAN_POINT ( 'NONE',  ( 9.253077354979668101, 8.551119482175607800, -2.817302269175800955 ) ) ;
#3626 = ORIENTED_EDGE ( 'NONE', *, *, #3298, .T. ) ;
#3627 = DIRECTION ( 'NONE',  ( 1.000000000000000000, 0.000000000000000000, 0.000000000000000000 ) ) ;
#3628 = DIRECTION ( 'NONE',  ( 1.000000000000000000, 0.000000000000000000, 0.000000000000000000 ) ) ;
#3629 = COLOUR_RGB ( '',0.8078431372549019773, 0.8078431372549019773, 0.8078431372549019773 ) ;
#3630 = CARTESIAN_POINT ( 'NONE',  ( 7.750000000000000000, 6.500000000000000000, 7.750000000000000000 ) ) ;
#3631 = UNCERTAINTY_MEASURE_WITH_UNIT (LENGTH_MEASURE( 1.000000000000000082E-05 ), #3550, 'distance_accuracy_value', 'NONE');
#3632 = VERTEX_POINT ( 'NONE', #565 ) ;
#3633 = AXIS2_PLACEMENT_3D ( 'NONE', #496, #2104, #854 ) ;
#3634 = CARTESIAN_POINT ( 'NONE',  ( -6.838702139194128726, 10.43583915501769610, -5.718447952080560448 ) ) ;
#3635 = DIRECTION ( 'NONE',  ( 0.000000000000000000, 0.000000000000000000, 1.000000000000000000 ) ) ;
#3636 = FACE_BOUND ( 'NONE', #2130, .T. ) ;
#3637 = VECTOR ( 'NONE', #3163, 1000.000000000000000 ) ;
#3638 = UNCERTAINTY_MEASURE_WITH_UNIT (LENGTH_MEASURE( 1.000000000000000082E-05 ), #566, 'distance_accuracy_value', 'NONE');
#3639 = CARTESIAN_POINT ( 'NONE',  ( -8.862238084836757679, 10.82230312618431078, -5.850503991088023881 ) ) ;
#3640 = CIRCLE ( 'NONE', #1497, 1.100000000000000311 ) ;
#3641 = DIRECTION ( 'NONE',  ( 0.000000000000000000, -0.3420201433256695456, -0.9396926207859082059 ) ) ;
#3642 = CARTESIAN_POINT ( 'NONE',  ( 11.19999999999459028, 12.88321210508445525, -6.346018645083354670 ) ) ;
#3643 = CARTESIAN_POINT ( 'NONE',  ( -7.356351025423859546, 6.810961072693038965, -0.2059882301897218160 ) ) ;
#3644 = FILL_AREA_STYLE ('',( #2362 ) ) ;
#3645 = CARTESIAN_POINT ( 'NONE',  ( 6.623420528365856264, 9.740755301168691815, -5.807894011117630484 ) ) ;
#3646 = CARTESIAN_POINT ( 'NONE',  ( 9.372578958621838652, 8.739485361680278785, -2.974110125100002389 ) ) ;
#3647 = ORIENTED_EDGE ( 'NONE', *, *, #3811, .T. ) ;
#3648 = STYLED_ITEM ( 'NONE', ( #2297 ), #3569 ) ;
#3649 = ADVANCED_FACE ( 'NONE', ( #165 ), #3975, .T. ) ;
#3650 = DIRECTION ( 'NONE',  ( 0.000000000000000000, 0.9396926207859078728, -0.3420201433256699342 ) ) ;
#3651 = DIRECTION ( 'NONE',  ( 0.000000000000000000, 0.3420201433256695456, 0.9396926207859082059 ) ) ;
#3652 = DIRECTION ( 'NONE',  ( 0.000000000000000000, 0.000000000000000000, -1.000000000000000000 ) ) ;
#3653 = FACE_OUTER_BOUND ( 'NONE', #1757, .T. ) ;
#3654 = MECHANICAL_DESIGN_GEOMETRIC_PRESENTATION_REPRESENTATION (  '', ( #1903 ), #3722 ) ;
#3655 = CARTESIAN_POINT ( 'NONE',  ( -10.32923785986216103, 15.62528987850708084, -8.310232204610409568 ) ) ;
#3656 = CARTESIAN_POINT ( 'NONE',  ( 11.19380796375012643, 12.68737100883020297, -6.182003575658588268 ) ) ;
#3657 = ORIENTED_EDGE ( 'NONE', *, *, #4040, .T. ) ;
#3658 = CARTESIAN_POINT ( 'NONE',  ( 9.950000000000001066, 10.59228553518294014, -8.160545368127580801 ) ) ;
#3659 = PLANE ( 'NONE',  #989 ) ;
#3660 = AXIS2_PLACEMENT_3D ( 'NONE', #573, #2139, #1835 ) ;
#3661 = SURFACE_SIDE_STYLE ('',( #3702 ) ) ;
#3662 = CARTESIAN_POINT ( 'NONE',  ( -5.944603667052875906, 10.73235079150263260, -6.168805254031786589 ) ) ;
#3663 = CARTESIAN_POINT ( 'NONE',  ( 10.64091302996120092, 15.04136206143845023, -7.947386471197258828 ) ) ;
#3664 = VERTEX_POINT ( 'NONE', #207 ) ;
#3665 = EDGE_CURVE ( 'NONE', #3180, #3263, #1310, .T. ) ;
#3666 = CARTESIAN_POINT ( 'NONE',  ( -9.741657124601317719, 9.428148061142877623, -3.455538169098286261 ) ) ;
#3667 = CARTESIAN_POINT ( 'NONE',  ( 8.016493727748967402, 7.220956952020313402, -1.154167820574201420 ) ) ;
#3668 = ORIENTED_EDGE ( 'NONE', *, *, #1499, .T. ) ;
#3669 = ADVANCED_FACE ( 'NONE', ( #501, #1098 ), #844, .F. ) ;
#3670 = COLOUR_RGB ( '',0.8078431372549019773, 0.8078431372549019773, 0.8078431372549019773 ) ;
#3671 = CARTESIAN_POINT ( 'NONE',  ( -1.000000000000000000, 12.30000000000000071, -8.500000000000000000 ) ) ;
#3672 = FILL_AREA_STYLE ('',( #1815 ) ) ;
#3673 =( NAMED_UNIT ( * ) SI_UNIT ( $, .STERADIAN. ) SOLID_ANGLE_UNIT ( ) );
#3674 = LINE ( 'NONE', #178, #3613 ) ;
#3675 = CARTESIAN_POINT ( 'NONE',  ( -9.257195247933799109, 17.15887803221407992, -9.134561600768730472 ) ) ;
#3676 = EDGE_CURVE ( 'NONE', #424, #799, #3580, .T. ) ;
#3677 = CARTESIAN_POINT ( 'NONE',  ( 10.19656314077980852, 16.71200458916348097, -7.925654852950459350 ) ) ;
#3678 = ORIENTED_EDGE ( 'NONE', *, *, #2601, .T. ) ;
#3679 = AXIS2_PLACEMENT_3D ( 'NONE', #3306, #3578, #2001 ) ;
#3680 = CARTESIAN_POINT ( 'NONE',  ( 6.464681259067702079, 9.410440215398935493, -5.963091141834214071 ) ) ;
#3681 = SURFACE_STYLE_FILL_AREA ( #3997 ) ;
#3682 = DIRECTION ( 'NONE',  ( 1.000000000000000000, 0.000000000000000000, 0.000000000000000000 ) ) ;
#3683 =( GEOMETRIC_REPRESENTATION_CONTEXT ( 3 ) GLOBAL_UNCERTAINTY_ASSIGNED_CONTEXT ( ( #3579 ) ) GLOBAL_UNIT_ASSIGNED_CONTEXT ( ( #3356, #814, #3673 ) ) REPRESENTATION_CONTEXT ( 'NONE', 'WORKASPACE' ) );
#3684 = ORIENTED_EDGE ( 'NONE', *, *, #3467, .F. ) ;
#3685 = CARTESIAN_POINT ( 'NONE',  ( -6.519002569765029342, 6.499999999999990230, 1.119605646927978704 ) ) ;
#3686 = CARTESIAN_POINT ( 'NONE',  ( 10.10661467983786999, 16.01016351479522015, -8.541989971387783598 ) ) ;
#3687 = VERTEX_POINT ( 'NONE', #1190 ) ;
#3688 = DIRECTION ( 'NONE',  ( 0.000000000000000000, 0.000000000000000000, 1.000000000000000000 ) ) ;
#3689 = DIRECTION ( 'NONE',  ( 0.000000000000000000, -1.000000000000000000, 0.000000000000000000 ) ) ;
#3690 = CARTESIAN_POINT ( 'NONE',  ( -10.92505868254580115, 14.73142193618880036, -7.124277035642629485 ) ) ;
#3691 = DIRECTION ( 'NONE',  ( 0.000000000000000000, -1.000000000000000000, 0.000000000000000000 ) ) ;
#3692 = AXIS2_PLACEMENT_3D ( 'NONE', #1949, #3225, #1027 ) ;
#3693 = CARTESIAN_POINT ( 'NONE',  ( -10.98031701346347511, 13.99193397382289383, -7.220459541003030779 ) ) ;
#3694 = CARTESIAN_POINT ( 'NONE',  ( 9.732836333742922008, 17.57070852016907736, -8.205968258760442779 ) ) ;
#3695 = EDGE_LOOP ( 'NONE', ( #4104, #2032 ) ) ;
#3696 = ORIENTED_EDGE ( 'NONE', *, *, #3478, .F. ) ;
#3697 = CARTESIAN_POINT ( 'NONE',  ( 6.401092311004370927, 9.460187081600849979, -6.012033504559294528 ) ) ;
#3698 = CARTESIAN_POINT ( 'NONE',  ( -7.750000000000000000, 3.000000000000000000, 7.750000000000000000 ) ) ;
#3699 =( NAMED_UNIT ( * ) PLANE_ANGLE_UNIT ( ) SI_UNIT ( $, .RADIAN. ) );
#3700 = MECHANICAL_DESIGN_GEOMETRIC_PRESENTATION_REPRESENTATION (  '', ( #1556 ), #136 ) ;
#3701 = DIRECTION ( 'NONE',  ( 0.000000000000000000, -1.000000000000000000, 0.000000000000000000 ) ) ;
#3702 = SURFACE_STYLE_FILL_AREA ( #2383 ) ;
#3703 = CYLINDRICAL_SURFACE ( 'NONE', #1019, 1.100000000000000311 ) ;
#3704 = CARTESIAN_POINT ( 'NONE',  ( -7.700000000000000178, -0.5000000000000000000, 6.000000000000000000 ) ) ;
#3705 = ORIENTED_EDGE ( 'NONE', *, *, #3143, .T. ) ;
#3706 = DIRECTION ( 'NONE',  ( 0.000000000000000000, 0.000000000000000000, -1.000000000000000000 ) ) ;
#3707 = CARTESIAN_POINT ( 'NONE',  ( -7.750000000000000000, -0.5000000000000000000, 6.649999999999999467 ) ) ;
#3708 = ORIENTED_EDGE ( 'NONE', *, *, #3880, .T. ) ;
#3709 = DIRECTION ( 'NONE',  ( 1.000000000000000000, 0.000000000000000000, 0.000000000000000000 ) ) ;
#3710 = CARTESIAN_POINT ( 'NONE',  ( -8.944937259763774406, 18.70841511058952733, -9.349871434629761779 ) ) ;
#3711 = CARTESIAN_POINT ( 'NONE',  ( -5.836938541222655985, 13.96330867584006619, -9.500000000000008882 ) ) ;
#3712 = COLOUR_RGB ( '',0.8078431372549019773, 0.8078431372549019773, 0.8078431372549019773 ) ;
#3713 = COLOUR_RGB ( '',0.8078431372549019773, 0.8078431372549019773, 0.8078431372549019773 ) ;
#3714 = UNCERTAINTY_MEASURE_WITH_UNIT (LENGTH_MEASURE( 1.000000000000000082E-05 ), #3207, 'distance_accuracy_value', 'NONE');
#3715 = CARTESIAN_POINT ( 'NONE',  ( -10.12012706112181881, 10.44787914004598051, -3.936910495457190073 ) ) ;
#3716 = CARTESIAN_POINT ( 'NONE',  ( 9.100504588757152291, 18.49854202279146875, -8.426232586738231944 ) ) ;
#3717 = ORIENTED_EDGE ( 'NONE', *, *, #2058, .F. ) ;
#3718 = ORIENTED_EDGE ( 'NONE', *, *, #1320, .F. ) ;
#3719 = CARTESIAN_POINT ( 'NONE',  ( 6.652179040030958390, 9.288699872751333686, -5.842979697310029863 ) ) ;
#3720 = LINE ( 'NONE', #224, #2504 ) ;
#3721 = CARTESIAN_POINT ( 'NONE',  ( 6.455158276127096251, 9.957672466393649557, -5.886845402560919815 ) ) ;
#3722 =( GEOMETRIC_REPRESENTATION_CONTEXT ( 3 ) GLOBAL_UNCERTAINTY_ASSIGNED_CONTEXT ( ( #2337 ) ) GLOBAL_UNIT_ASSIGNED_CONTEXT ( ( #2439, #3971, #1736 ) ) REPRESENTATION_CONTEXT ( 'NONE', 'WORKASPACE' ) );
#3723 = MECHANICAL_DESIGN_GEOMETRIC_PRESENTATION_REPRESENTATION (  '', ( #1906 ), #3198 ) ;
#3724 =( NAMED_UNIT ( * ) SI_UNIT ( $, .STERADIAN. ) SOLID_ANGLE_UNIT ( ) );
#3725 = ADVANCED_FACE ( 'NONE', ( #3128 ), #804, .F. ) ;
#3726 = DIRECTION ( 'NONE',  ( 0.000000000000000000, 1.000000000000000000, 0.000000000000000000 ) ) ;
#3727 = ORIENTED_EDGE ( 'NONE', *, *, #3953, .T. ) ;
#3728 = EDGE_CURVE ( 'NONE', #285, #3533, #3813, .T. ) ;
#3729 = EDGE_CURVE ( 'NONE', #468, #1480, #4114, .T. ) ;
#3730 = VERTEX_POINT ( 'NONE', #2564 ) ;
#3731 = EDGE_CURVE ( 'NONE', #465, #3169, #3119, .T. ) ;
#3732 = PRESENTATION_LAYER_ASSIGNMENT (  '', '', ( #927 ) ) ;
#3733 = DIRECTION ( 'NONE',  ( 0.000000000000000000, 0.000000000000000000, 1.000000000000000000 ) ) ;
#3734 = CARTESIAN_POINT ( 'NONE',  ( -8.001525739120239678, 18.37588287330459735, -9.500000000000000000 ) ) ;
#3735 = CARTESIAN_POINT ( 'NONE',  ( -11.19999999999999929, 12.30000000000000071, -4.611027358743969629 ) ) ;
#3736 = UNCERTAINTY_MEASURE_WITH_UNIT (LENGTH_MEASURE( 1.000000000000000082E-05 ), #3774, 'distance_accuracy_value', 'NONE');
#3737 = CARTESIAN_POINT ( 'NONE',  ( -7.700000000000000178, 18.60476010645924916, -9.500000000000000000 ) ) ;
#3738 = CARTESIAN_POINT ( 'NONE',  ( 11.03400029734001997, 14.13271838038558492, -6.852181090181827194 ) ) ;
#3739 = VERTEX_POINT ( 'NONE', #1293 ) ;
#3740 = VERTEX_POINT ( 'NONE', #951 ) ;
#3741 = CARTESIAN_POINT ( 'NONE',  ( 9.950000000000001066, 10.46720117961642060, -7.429060558831910299 ) ) ;
#3742 = SURFACE_STYLE_FILL_AREA ( #2458 ) ;
#3743 = CARTESIAN_POINT ( 'NONE',  ( 7.149662275492081775, 9.209384989134235866, -5.614491034164343475 ) ) ;
#3744 = STYLED_ITEM ( 'NONE', ( #4083 ), #2481 ) ;
#3745 = CARTESIAN_POINT ( 'NONE',  ( -7.750000000000000000, 6.500000000000000000, -6.649999999999999467 ) ) ;
#3746 = DIRECTION ( 'NONE',  ( 0.000000000000000000, 1.000000000000000000, 0.000000000000000000 ) ) ;
#3747 = VECTOR ( 'NONE', #754, 1000.000000000000114 ) ;
#3748 = CARTESIAN_POINT ( 'NONE',  ( 5.549999999999998046, 10.41792484827209186, -7.680025718656739109 ) ) ;
#3749 = ORIENTED_EDGE ( 'NONE', *, *, #4099, .T. ) ;
#3750 = CARTESIAN_POINT ( 'NONE',  ( 9.412376488598436453, 16.98345387725485622, -9.060432892600285726 ) ) ;
#3751 = EDGE_CURVE ( 'NONE', #90, #1813, #171, .T. ) ;
#3752 =( GEOMETRIC_REPRESENTATION_CONTEXT ( 3 ) GLOBAL_UNCERTAINTY_ASSIGNED_CONTEXT ( ( #75 ) ) GLOBAL_UNIT_ASSIGNED_CONTEXT ( ( #2194, #205, #1166 ) ) REPRESENTATION_CONTEXT ( 'NONE', 'WORKASPACE' ) );
#3753 = ORIENTED_EDGE ( 'NONE', *, *, #673, .T. ) ;
#3754 = PLANE ( 'NONE',  #2390 ) ;
#3755 = CARTESIAN_POINT ( 'NONE',  ( -9.714652323624969554, 16.63150006557194871, -8.905182072678499594 ) ) ;
#3756 =( NAMED_UNIT ( * ) SI_UNIT ( $, .STERADIAN. ) SOLID_ANGLE_UNIT ( ) );
#3757 = CARTESIAN_POINT ( 'NONE',  ( 1.000000000000000000, 22.50000000000000000, -8.323523748259249899 ) ) ;
#3758 = CARTESIAN_POINT ( 'NONE',  ( 10.15488684897796468, 16.79757004761375327, -7.956047431646974033 ) ) ;
#3759 = VECTOR ( 'NONE', #3935, 1000.000000000000000 ) ;
#3760 = ORIENTED_EDGE ( 'NONE', *, *, #3295, .T. ) ;
#3761 = ORIENTED_EDGE ( 'NONE', *, *, #319, .T. ) ;
#3762 = CARTESIAN_POINT ( 'NONE',  ( -5.550000000000001599, 10.00212298705185709, -9.499999999999998224 ) ) ;
#3763 = STYLED_ITEM ( 'NONE', ( #3175 ), #2296 ) ;
#3764 = FILL_AREA_STYLE ('',( #1167 ) ) ;
#3765 = FACE_OUTER_BOUND ( 'NONE', #1636, .T. ) ;
#3766 = CARTESIAN_POINT ( 'NONE',  ( -5.440408053518508424, 11.23105316647273355, -7.319494024164673540 ) ) ;
#3767 = CARTESIAN_POINT ( 'NONE',  ( -9.901304661429126242, 10.87774908299782339, -7.286848623745410869 ) ) ;
#3768 = ORIENTED_EDGE ( 'NONE', *, *, #1075, .T. ) ;
#3769 = ADVANCED_FACE ( 'NONE', ( #289 ), #2800, .F. ) ;
#3770 = CARTESIAN_POINT ( 'NONE',  ( 9.207646672720724013, 17.21528664686998766, -9.158646681198924000 ) ) ;
#3771 = VECTOR ( 'NONE', #546, 1000.000000000000000 ) ;
#3772 = VERTEX_POINT ( 'NONE', #2483 ) ;
#3773 = FACE_OUTER_BOUND ( 'NONE', #3364, .T. ) ;
#3774 =( LENGTH_UNIT ( ) NAMED_UNIT ( * ) SI_UNIT ( .MILLI., .METRE. ) );
#3775 = CARTESIAN_POINT ( 'NONE',  ( 5.564399783145300482, 10.85804445831835885, -7.480445824631384966 ) ) ;
#3776 = PRESENTATION_STYLE_ASSIGNMENT (( #1177 ) ) ;
#3777 = ADVANCED_FACE ( 'NONE', ( #3765 ), #884, .T. ) ;
#3778 = CARTESIAN_POINT ( 'NONE',  ( 9.754304944546809963, 11.65022414434171871, -8.833713938958757339 ) ) ;
#3779 = CARTESIAN_POINT ( 'NONE',  ( -8.899689674810428386, 18.75352558323968566, -8.465194912528390958 ) ) ;
#3780 = CARTESIAN_POINT ( 'NONE',  ( -9.482901418660910409, 12.71070424032204826, -9.011862121913488011 ) ) ;
#3781 = EDGE_CURVE ( 'NONE', #2068, #928, #1403, .T. ) ;
#3782 = MECHANICAL_DESIGN_GEOMETRIC_PRESENTATION_REPRESENTATION (  '', ( #2775 ), #1305 ) ;
#3783 = EDGE_LOOP ( 'NONE', ( #1590, #3807, #599, #1515 ) ) ;
#3784 = VERTEX_POINT ( 'NONE', #2316 ) ;
#3785 = STYLED_ITEM ( 'NONE', ( #1324 ), #977 ) ;
#3786 = CARTESIAN_POINT ( 'NONE',  ( -9.950000000000001066, 10.50756511718494046, -7.750000000000000000 ) ) ;
#3787 = FILL_AREA_STYLE_COLOUR ( '', #2645 ) ;
#3788 = PRESENTATION_STYLE_ASSIGNMENT (( #882 ) ) ;
#3789 = LINE ( 'NONE', #1908, #2735 ) ;
#3790 = VECTOR ( 'NONE', #2167, 1000.000000000000000 ) ;
#3791 = ADVANCED_FACE ( 'NONE', ( #1694 ), #1070, .F. ) ;
#3792 = CARTESIAN_POINT ( 'NONE',  ( 9.543438343106609878, 11.50000000000000000, -6.475802641081470412 ) ) ;
#3793 = SURFACE_STYLE_USAGE ( .BOTH. , #3831 ) ;
#3794 = CARTESIAN_POINT ( 'NONE',  ( -9.852014370780944219, 11.02353946234882720, -7.100735568085283056 ) ) ;
#3795 = ORIENTED_EDGE ( 'NONE', *, *, #4040, .F. ) ;
#3796 = PLANE ( 'NONE',  #1654 ) ;
#3797 = EDGE_CURVE ( 'NONE', #3687, #4004, #2899, .T. ) ;
#3798 = UNCERTAINTY_MEASURE_WITH_UNIT (LENGTH_MEASURE( 1.000000000000000082E-05 ), #1980, 'distance_accuracy_value', 'NONE');
#3799 = SURFACE_STYLE_FILL_AREA ( #3485 ) ;
#3800 = CARTESIAN_POINT ( 'NONE',  ( -2.397548903040260804, 6.499999999999996447, 10.04708580258381900 ) ) ;
#3801 = STYLED_ITEM ( 'NONE', ( #2742 ), #3539 ) ;
#3802 =( BOUNDED_SURFACE ( )  B_SPLINE_SURFACE ( 3, 2, ( 
 ( #2077, #3032, #784 ),
 ( #3055, #767, #2697 ),
 ( #1148, #1461, #2718 ),
 ( #2404, #1374, #1720 ),
 ( #3331, #4001, #504 ),
 ( #806, #2385, #1414 ),
 ( #1700, #3978, #464 ),
 ( #2740, #2006, #3663 ),
 ( #2027, #2094, #1766 ),
 ( #1100, #1054, #3371 ),
 ( #2655, #3642, #2051 ),
 ( #3310, #188, #3012 ) ),
 .UNSPECIFIED., .F., .F., .F. ) 
 B_SPLINE_SURFACE_WITH_KNOTS ( ( 4, 2, 2, 2, 2, 4 ),
 ( 3, 3 ),
 ( 0.000000000000000000, 0.0009293810560828219373, 0.001858762112165644959, 0.003717524224331289918, 0.005576286336496929889, 0.007435048448662579836 ),
 ( 0.000000000000000000, 1.000000000000000000 ),
 .UNSPECIFIED. ) 
 GEOMETRIC_REPRESENTATION_ITEM ( )  RATIONAL_B_SPLINE_SURFACE ( (
 ( 1.000000000000000000, 0.7071067811865480168, 1.000000000000000000),
 ( 1.000000000000000000, 0.7292982469454429850, 1.000000000000000000),
 ( 1.000000000000000000, 0.7509559436971170454, 1.000000000000000000),
 ( 1.000000000000000000, 0.7924491106035269627, 1.000000000000000000),
 ( 1.000000000000000000, 0.8123295690134340052, 1.000000000000000000),
 ( 1.000000000000000000, 0.8682159250689529539, 1.000000000000000000),
 ( 1.000000000000000000, 0.8993316174415160180, 1.000000000000000000),
 ( 1.000000000000000000, 0.9495388910134600069, 1.000000000000000000),
 ( 1.000000000000000000, 0.9686098533727030002, 1.000000000000000000),
 ( 1.000000000000000000, 0.9937116279269619934, 1.000000000000000000),
 ( 1.000000000000000000, 0.9999790262530809937, 1.000000000000000000),
 ( 1.000000000000000000, 1.000000000000000000, 1.000000000000000000) ) ) 
 REPRESENTATION_ITEM ( '' )  SURFACE ( )  );
#3803 = CARTESIAN_POINT ( 'NONE',  ( 9.183447598775828169, 13.11026523067239502, -9.170130515995031928 ) ) ;
#3804 = CARTESIAN_POINT ( 'NONE',  ( -9.041591847050751696, 18.57484165672115850, -8.438952246841687099 ) ) ;
#3805 = CARTESIAN_POINT ( 'NONE',  ( -9.593259398154650341, 12.48528985595464036, -8.943970980175889096 ) ) ;
#3806 = ORIENTED_EDGE ( 'NONE', *, *, #1322, .F. ) ;
#3807 = ORIENTED_EDGE ( 'NONE', *, *, #2496, .T. ) ;
#3808 = PLANE ( 'NONE',  #3990 ) ;
#3809 = CARTESIAN_POINT ( 'NONE',  ( 9.945483868112342307, 10.76479452532542425, -8.684759290321446557 ) ) ;
#3810 = LINE ( 'NONE', #3532, #3637 ) ;
#3811 = EDGE_CURVE ( 'NONE', #1619, #3228, #1432, .T. ) ;
#3812 = CARTESIAN_POINT ( 'NONE',  ( -5.479348615179870485, 11.26778133011224092, -6.966723946645440257 ) ) ;
#3813 = LINE ( 'NONE', #4100, #2771 ) ;
#3814 = CARTESIAN_POINT ( 'NONE',  ( 5.568509530550633357, 10.47695202328286790, -7.462566373901351469 ) ) ;
#3815 = ORIENTED_EDGE ( 'NONE', *, *, #1620, .T. ) ;
#3816 = STYLED_ITEM ( 'NONE', ( #3600 ), #2549 ) ;
#3817 = LINE ( 'NONE', #647, #1467 ) ;
#3818 = PRESENTATION_LAYER_ASSIGNMENT (  '', '', ( #1271 ) ) ;
#3819 = FILL_AREA_STYLE ('',( #2807 ) ) ;
#3820 = CARTESIAN_POINT ( 'NONE',  ( -5.549999999999999822, 10.36930306035977978, -7.750000000000000000 ) ) ;
#3821 = SURFACE_STYLE_USAGE ( .BOTH. , #316 ) ;
#3822 = CARTESIAN_POINT ( 'NONE',  ( 7.106017517834387398, 6.696365947868581969, 0.1755153011667054397 ) ) ;
#3823 = CARTESIAN_POINT ( 'NONE',  ( 8.409227756329768155, 13.61869252628824434, -9.427645992690603549 ) ) ;
#3824 = CARTESIAN_POINT ( 'NONE',  ( -10.51566639977670725, 15.97317350506678757, -7.644764502845373677 ) ) ;
#3825 = ORIENTED_EDGE ( 'NONE', *, *, #1520, .T. ) ;
#3826 = SURFACE_SIDE_STYLE ('',( #2538 ) ) ;
#3827 = PRESENTATION_LAYER_ASSIGNMENT (  '', '', ( #1284 ) ) ;
#3828 = CARTESIAN_POINT ( 'NONE',  ( 9.950000000000001066, 10.61060721807882068, -8.680951323690900168 ) ) ;
#3829 = DIRECTION ( 'NONE',  ( 0.000000000000000000, -1.000000000000000000, 0.000000000000000000 ) ) ;
#3830 = ORIENTED_EDGE ( 'NONE', *, *, #2982, .F. ) ;
#3831 = SURFACE_SIDE_STYLE ('',( #623 ) ) ;
#3832 =( NAMED_UNIT ( * ) PLANE_ANGLE_UNIT ( ) SI_UNIT ( $, .RADIAN. ) );
#3833 = CARTESIAN_POINT ( 'NONE',  ( 5.760910719719964490, 10.19964173035467070, -6.807910583812982530 ) ) ;
#3834 =( GEOMETRIC_REPRESENTATION_CONTEXT ( 3 ) GLOBAL_UNCERTAINTY_ASSIGNED_CONTEXT ( ( #1840 ) ) GLOBAL_UNIT_ASSIGNED_CONTEXT ( ( #3879, #2244, #24 ) ) REPRESENTATION_CONTEXT ( 'NONE', 'WORKASPACE' ) );
#3835 = CARTESIAN_POINT ( 'NONE',  ( -7.625472699796710607, 9.041888112304949487, -5.553527156665929887 ) ) ;
#3836 = CARTESIAN_POINT ( 'NONE',  ( 8.300000000000000711, -0.5000000000000000000, 6.000000000000000000 ) ) ;
#3837 = CARTESIAN_POINT ( 'NONE',  ( -6.458232351155475115, 9.416467569629018541, -5.969022191447652226 ) ) ;
#3838 =( NAMED_UNIT ( * ) PLANE_ANGLE_UNIT ( ) SI_UNIT ( $, .RADIAN. ) );
#3839 = CARTESIAN_POINT ( 'NONE',  ( 5.619778792639079867, 10.43914659561623992, -7.181732440698329611 ) ) ;
#3840 = AXIS2_PLACEMENT_3D ( 'NONE', #1502, #2863, #845 ) ;
#3841 = CARTESIAN_POINT ( 'NONE',  ( 5.549999999999999822, 1.047106842509882174, 9.500000000000000000 ) ) ;
#3842 = STYLED_ITEM ( 'NONE', ( #3045 ), #691 ) ;
#3843 = CARTESIAN_POINT ( 'NONE',  ( 9.680480750213977359, 12.22047953922339580, -8.885868000485952933 ) ) ;
#3844 = CARTESIAN_POINT ( 'NONE',  ( -11.03169310764315902, 14.14530531466654395, -6.857898646189600100 ) ) ;
#3845 = SURFACE_STYLE_FILL_AREA ( #362 ) ;
#3846 = VECTOR ( 'NONE', #3618, 1000.000000000000000 ) ;
#3847 = CARTESIAN_POINT ( 'NONE',  ( -11.19999999999999929, 12.30000000000000071, -4.611027358743969629 ) ) ;
#3848 = STYLED_ITEM ( 'NONE', ( #1408 ), #3901 ) ;
#3849 = CARTESIAN_POINT ( 'NONE',  ( 9.950000000000001066, 10.61060721807882068, -8.680951323690900168 ) ) ;
#3850 = DIRECTION ( 'NONE',  ( -1.000000000000000000, 0.000000000000000000, 0.000000000000000000 ) ) ;
#3851 = ORIENTED_EDGE ( 'NONE', *, *, #1623, .F. ) ;
#3852 = PRESENTATION_LAYER_ASSIGNMENT (  '', '', ( #3648 ) ) ;
#3853 = CARTESIAN_POINT ( 'NONE',  ( -5.549999999999999822, 10.36930306035977978, -7.750000000000000000 ) ) ;
#3854 = CARTESIAN_POINT ( 'NONE',  ( 5.684057222428089418, 10.32728045140311757, -6.993530164782047365 ) ) ;
#3855 = AXIS2_PLACEMENT_3D ( 'NONE', #948, #1969, #3570 ) ;
#3856 = CARTESIAN_POINT ( 'NONE',  ( 9.393917862170161115, 11.27768815311699058, -6.288042515259157028 ) ) ;
#3857 = COLOUR_RGB ( '',0.8078431372549019773, 0.8078431372549019773, 0.8078431372549019773 ) ;
#3858 = EDGE_CURVE ( 'NONE', #3608, #2095, #1977, .T. ) ;
#3859 = CARTESIAN_POINT ( 'NONE',  ( -5.724800492365297977, 10.25955972459841803, -6.890591968627703956 ) ) ;
#3860 = DIRECTION ( 'NONE',  ( 0.000000000000000000, 0.000000000000000000, 1.000000000000000000 ) ) ;
#3861 = EDGE_CURVE ( 'NONE', #3139, #1671, #437, .T. ) ;
#3862 =( NAMED_UNIT ( * ) SI_UNIT ( $, .STERADIAN. ) SOLID_ANGLE_UNIT ( ) );
#3863 = CARTESIAN_POINT ( 'NONE',  ( -9.280593901295395298, 18.25816613184096937, -8.381245907306741572 ) ) ;
#3864 = CARTESIAN_POINT ( 'NONE',  ( -9.227948678997783816, 13.06282088066685176, -9.148872004164960714 ) ) ;
#3865 = VECTOR ( 'NONE', #3464, 1000.000000000000000 ) ;
#3866 = CARTESIAN_POINT ( 'NONE',  ( -1.000000000000000000, 21.50000000000000000, -8.500000000000000000 ) ) ;
#3867 = DIRECTION ( 'NONE',  ( -1.982541115402064913E-15, 0.000000000000000000, 1.000000000000000000 ) ) ;
#3868 = VERTEX_POINT ( 'NONE', #2419 ) ;
#3869 = CARTESIAN_POINT ( 'NONE',  ( -5.521409871838539374, 11.26381754623190012, -6.731865222369479262 ) ) ;
#3870 = FILL_AREA_STYLE ('',( #2172 ) ) ;
#3871 = DIRECTION ( 'NONE',  ( -1.000000000000000000, 0.000000000000000000, 0.000000000000000000 ) ) ;
#3872 = SURFACE_STYLE_FILL_AREA ( #2589 ) ;
#3873 = COLOUR_RGB ( '',0.8078431372549019773, 0.8078431372549019773, 0.8078431372549019773 ) ;
#3874 = CARTESIAN_POINT ( 'NONE',  ( 8.860972231195473725, 10.82263322119641202, -5.850941725990295161 ) ) ;
#3875 = SURFACE_SIDE_STYLE ('',( #78 ) ) ;
#3876 = CARTESIAN_POINT ( 'NONE',  ( -6.145387758039064785, 9.694206019726824053, -6.244890925645055546 ) ) ;
#3877 = FACE_OUTER_BOUND ( 'NONE', #1029, .T. ) ;
#3878 = SURFACE_STYLE_USAGE ( .BOTH. , #3313 ) ;
#3879 =( LENGTH_UNIT ( ) NAMED_UNIT ( * ) SI_UNIT ( .MILLI., .METRE. ) );
#3880 = EDGE_CURVE ( 'NONE', #2731, #1887, #2903, .T. ) ;
#3881 = PRESENTATION_LAYER_ASSIGNMENT (  '', '', ( #3744 ) ) ;
#3882 = LINE ( 'NONE', #3235, #2260 ) ;
#3883 = FILL_AREA_STYLE ('',( #68 ) ) ;
#3884 = MECHANICAL_DESIGN_GEOMETRIC_PRESENTATION_REPRESENTATION (  '', ( #610 ), #3752 ) ;
#3885 = DIRECTION ( 'NONE',  ( 0.000000000000000000, 0.000000000000000000, -1.000000000000000000 ) ) ;
#3886 = ORIENTED_EDGE ( 'NONE', *, *, #3221, .T. ) ;
#3887 = ORIENTED_EDGE ( 'NONE', *, *, #3549, .T. ) ;
#3888 =( NAMED_UNIT ( * ) SI_UNIT ( $, .STERADIAN. ) SOLID_ANGLE_UNIT ( ) );
#3889 = CARTESIAN_POINT ( 'NONE',  ( -7.750000000000000000, 6.500000000000000000, -8.849999999999999645 ) ) ;
#3890 = FILL_AREA_STYLE_COLOUR ( '', #1831 ) ;
#3891 = SURFACE_STYLE_USAGE ( .BOTH. , #2945 ) ;
#3892 = SURFACE_STYLE_FILL_AREA ( #2946 ) ;
#3893 = CARTESIAN_POINT ( 'NONE',  ( -7.625472699796710607, 9.041888112304949487, -5.553527156665929887 ) ) ;
#3894 = FACE_OUTER_BOUND ( 'NONE', #1246, .T. ) ;
#3895 = CARTESIAN_POINT ( 'NONE',  ( 7.441786790621237380, 10.42760476186589003, -5.568884071736234453 ) ) ;
#3896 = CARTESIAN_POINT ( 'NONE',  ( 6.710206946395219418, 6.564511336684466514, 0.8235392733510680241 ) ) ;
#3897 = ORIENTED_EDGE ( 'NONE', *, *, #899, .T. ) ;
#3898 = FILL_AREA_STYLE ('',( #1061 ) ) ;
#3899 = CIRCLE ( 'NONE', #2098, 10.49999999999999822 ) ;
#3900 = DIRECTION ( 'NONE',  ( -4.956352788505160310E-16, 0.000000000000000000, -1.000000000000000000 ) ) ;
#3901 = ADVANCED_FACE ( 'NONE', ( #3095, #2070 ), #1783, .F. ) ;
#3902 = CARTESIAN_POINT ( 'NONE',  ( 11.05389703864896767, 14.02085543814660618, -6.801258462050165932 ) ) ;
#3903 = CYLINDRICAL_SURFACE ( 'NONE', #4096, 2.200000000000000622 ) ;
#3904 = VERTEX_POINT ( 'NONE', #1455 ) ;
#3905 = ORIENTED_EDGE ( 'NONE', *, *, #3426, .F. ) ;
#3906 = CARTESIAN_POINT ( 'NONE',  ( -5.827482207439060424, 10.09264995034387802, -6.671952030432249714 ) ) ;
#3907 = DIRECTION ( 'NONE',  ( 0.000000000000000000, 0.000000000000000000, 1.000000000000000000 ) ) ;
#3908 = EDGE_CURVE ( 'NONE', #659, #1813, #3980, .T. ) ;
#3909 = DIRECTION ( 'NONE',  ( 0.000000000000000000, 1.000000000000000000, 0.000000000000000000 ) ) ;
#3910 = AXIS2_PLACEMENT_3D ( 'NONE', #738, #1094, #2355 ) ;
#3911 = FILL_AREA_STYLE_COLOUR ( '', #1924 ) ;
#3912 = AXIS2_PLACEMENT_3D ( 'NONE', #1717, #162, #801 ) ;
#3913 = CARTESIAN_POINT ( 'NONE',  ( -7.750000000000000000, 10.45956135341902105, -5.549999999999999822 ) ) ;
#3914 = FILL_AREA_STYLE_COLOUR ( '', #2913 ) ;
#3915 = FACE_OUTER_BOUND ( 'NONE', #4023, .T. ) ;
#3916 = CARTESIAN_POINT ( 'NONE',  ( -5.910906454817967948, 9.976930941525393948, -6.542616529832390171 ) ) ;
#3917 =( NAMED_UNIT ( * ) PLANE_ANGLE_UNIT ( ) SI_UNIT ( $, .RADIAN. ) );
#3918 = DIRECTION ( 'NONE',  ( 0.000000000000000000, 0.000000000000000000, 1.000000000000000000 ) ) ;
#3919 = EDGE_LOOP ( 'NONE', ( #231, #1734, #2813, #3830, #1360, #71, #3385, #517 ) ) ;
#3920 = B_SPLINE_CURVE_WITH_KNOTS ( 'NONE', 3,
 ( #656, #2539, #2229, #2622, #2311, #1582, #3511, #3529, #326, #640 ),
 .UNSPECIFIED., .F., .F.,
 ( 4, 2, 2, 2, 4 ),
 ( 0.000000000000000000, 0.2499999999999972244, 0.3749999999999992784, 0.5000000000000013323, 1.000000000000000000 ),
 .UNSPECIFIED. ) ;
#3921 = VECTOR ( 'NONE', #3900, 1000.000000000000000 ) ;
#3922 =( LENGTH_UNIT ( ) NAMED_UNIT ( * ) SI_UNIT ( .MILLI., .METRE. ) );
#3923 = DIRECTION ( 'NONE',  ( 0.000000000000000000, 0.000000000000000000, 1.000000000000000000 ) ) ;
#3924 = MECHANICAL_DESIGN_GEOMETRIC_PRESENTATION_REPRESENTATION (  '', ( #312 ), #817 ) ;
#3925 = CARTESIAN_POINT ( 'NONE',  ( 3.550000000000000266, 10.36930306035980109, -7.750000000000000000 ) ) ;
#3926 = AXIS2_PLACEMENT_3D ( 'NONE', #3623, #1103, #3706 ) ;
#3927 = ORIENTED_EDGE ( 'NONE', *, *, #4037, .T. ) ;
#3928 = CARTESIAN_POINT ( 'NONE',  ( -5.945252128387606305, 10.71278957860076275, -6.459267097478237574 ) ) ;
#3929 = UNCERTAINTY_MEASURE_WITH_UNIT (LENGTH_MEASURE( 1.000000000000000082E-05 ), #2953, 'distance_accuracy_value', 'NONE');
#3930 = DIRECTION ( 'NONE',  ( 0.000000000000000000, 0.9396926207859078728, -0.3420201433256697676 ) ) ;
#3931 = PRESENTATION_LAYER_ASSIGNMENT (  '', '', ( #4064 ) ) ;
#3932 = DIRECTION ( 'NONE',  ( 4.075267123698713173E-16, 0.3420201433256708223, 0.9396926207859075397 ) ) ;
#3933 = UNCERTAINTY_MEASURE_WITH_UNIT (LENGTH_MEASURE( 1.000000000000000082E-05 ), #3100, 'distance_accuracy_value', 'NONE');
#3934 = CARTESIAN_POINT ( 'NONE',  ( -8.387194672756942637, 10.60302191793418203, -5.642556518005370947 ) ) ;
#3935 = DIRECTION ( 'NONE',  ( 1.000000000000000000, 0.000000000000000000, 0.000000000000000000 ) ) ;
#3936 = B_SPLINE_CURVE_WITH_KNOTS ( 'NONE', 3,
 ( #589, #3393, #3414, #1829, #2, #230, #1504, #273, #1479, #2781, #209, #607 ),
 .UNSPECIFIED., .F., .F.,
 ( 4, 2, 2, 2, 2, 4 ),
 ( 0.000000000000000000, 0.2499999999999996114, 0.3749999999999995004, 0.4374999999999995004, 0.4999999999999994449, 1.000000000000000000 ),
 .UNSPECIFIED. ) ;
#3937 = FILL_AREA_STYLE ('',( #1702 ) ) ;
#3938 = CARTESIAN_POINT ( 'NONE',  ( 6.944055398858160366, 9.145367981447138916, -5.698093362071950274 ) ) ;
#3939 =( NAMED_UNIT ( * ) PLANE_ANGLE_UNIT ( ) SI_UNIT ( $, .RADIAN. ) );
#3940 = ORIENTED_EDGE ( 'NONE', *, *, #323, .T. ) ;
#3941 = FACE_OUTER_BOUND ( 'NONE', #557, .T. ) ;
#3942 = FACE_OUTER_BOUND ( 'NONE', #2616, .T. ) ;
#3943 =( GEOMETRIC_REPRESENTATION_CONTEXT ( 3 ) GLOBAL_UNCERTAINTY_ASSIGNED_CONTEXT ( ( #3134 ) ) GLOBAL_UNIT_ASSIGNED_CONTEXT ( ( #3246, #991, #609 ) ) REPRESENTATION_CONTEXT ( 'NONE', 'WORKASPACE' ) );
#3944 = DIRECTION ( 'NONE',  ( 0.000000000000000000, -1.000000000000000000, 0.000000000000000000 ) ) ;
#3945 = B_SPLINE_CURVE_WITH_KNOTS ( 'NONE', 3,
 ( #38, #1978, #3268, #56 ),
 .UNSPECIFIED., .F., .F.,
 ( 4, 4 ),
 ( 0.001145307972838195991, 0.001233533074327002000 ),
 .UNSPECIFIED. ) ;
#3946 = PRODUCT ( 'DG5F_Seed_Fingertip', 'DG5F_Seed_Fingertip', '', ( #2249 ) ) ;
#3947 = CARTESIAN_POINT ( 'NONE',  ( 11.20000000000000462, 12.50687268500593952, -6.097267203547194647 ) ) ;
#3948 = ORIENTED_EDGE ( 'NONE', *, *, #3177, .F. ) ;
#3949 = MECHANICAL_DESIGN_GEOMETRIC_PRESENTATION_REPRESENTATION (  '', ( #2743 ), #3284 ) ;
#3950 = CARTESIAN_POINT ( 'NONE',  ( -6.212350397798140023, 11.04536470775241952, -5.069620518684529564 ) ) ;
#3951 = LINE ( 'NONE', #1071, #431 ) ;
#3952 = MECHANICAL_DESIGN_GEOMETRIC_PRESENTATION_REPRESENTATION (  '', ( #3619 ), #1802 ) ;
#3953 = EDGE_CURVE ( 'NONE', #2603, #1068, #1430, .T. ) ;
#3954 = DIRECTION ( 'NONE',  ( 0.000000000000000000, 0.000000000000000000, 1.000000000000000000 ) ) ;
#3955 = SURFACE_STYLE_FILL_AREA ( #2679 ) ;
#3956 = SURFACE_STYLE_USAGE ( .BOTH. , #769 ) ;
#3957 = CARTESIAN_POINT ( 'NONE',  ( -7.750000000000000000, 3.000000000000000000, -8.849999999999999645 ) ) ;
#3958 = CARTESIAN_POINT ( 'NONE',  ( 9.161449610788469755, 17.26716990959747733, -9.180352804123261379 ) ) ;
#3959 = ORIENTED_EDGE ( 'NONE', *, *, #2500, .F. ) ;
#3960 = PRESENTATION_LAYER_ASSIGNMENT (  '', '', ( #1483 ) ) ;
#3961 = CARTESIAN_POINT ( 'NONE',  ( 8.849999999999999645, 3.000000000000000000, -7.750000000000000000 ) ) ;
#3962 = CARTESIAN_POINT ( 'NONE',  ( 7.625472699796710607, 9.041888112304949487, -5.553527156665929887 ) ) ;
#3963 = CARTESIAN_POINT ( 'NONE',  ( -11.19999999999999929, 6.500000000000000000, -2.500000000000000000 ) ) ;
#3964 =( BOUNDED_CURVE ( )  B_SPLINE_CURVE ( 3, ( #1817, #2123, #3711, #3110 ),
 .UNSPECIFIED., .F., .F. ) 
 B_SPLINE_CURVE_WITH_KNOTS ( ( 4, 4 ),
 ( 4.334408343473415748, 6.372191669560129945 ),
 .UNSPECIFIED. ) 
 CURVE ( )  GEOMETRIC_REPRESENTATION_ITEM ( )  RATIONAL_B_SPLINE_CURVE ( ( 1.000000000000000000, 0.6828733682772709646, 0.6828733682772709646, 1.000000000000000000 ) ) 
 REPRESENTATION_ITEM ( '' )  );
#3965 = UNCERTAINTY_MEASURE_WITH_UNIT (LENGTH_MEASURE( 1.000000000000000082E-05 ), #3407, 'distance_accuracy_value', 'NONE');
#3966 = CARTESIAN_POINT ( 'NONE',  ( -11.19999999999999929, 6.500000000000000000, 6.000000000000000000 ) ) ;
#3967 = FILL_AREA_STYLE ('',( #3591 ) ) ;
#3968 = EDGE_LOOP ( 'NONE', ( #3117, #571, #3278, #2305 ) ) ;
#3969 = STYLED_ITEM ( 'NONE', ( #290 ), #1189 ) ;
#3970 = FILL_AREA_STYLE_COLOUR ( '', #1013 ) ;
#3971 =( NAMED_UNIT ( * ) PLANE_ANGLE_UNIT ( ) SI_UNIT ( $, .RADIAN. ) );
#3972 = DIRECTION ( 'NONE',  ( 0.000000000000000000, 1.000000000000000000, 0.000000000000000000 ) ) ;
#3973 = ADVANCED_FACE ( 'NONE', ( #1164 ), #1921, .F. ) ;
#3974 = LINE ( 'NONE', #1095, #1335 ) ;
#3975 = CYLINDRICAL_SURFACE ( 'NONE', #700, 10.20000000000000107 ) ;
#3976 = AXIS2_PLACEMENT_3D ( 'NONE', #413, #435, #458 ) ;
#3977 = DIRECTION ( 'NONE',  ( 0.000000000000000000, 0.000000000000000000, 1.000000000000000000 ) ) ;
#3978 = CARTESIAN_POINT ( 'NONE',  ( 10.37191490329967358, 16.37910345930534106, -8.331082651491506397 ) ) ;
#3979 = ORIENTED_EDGE ( 'NONE', *, *, #1126, .T. ) ;
#3980 = CIRCLE ( 'NONE', #694, 1.000000000000000222 ) ;
#3981 = DIRECTION ( 'NONE',  ( 1.000000000000000000, 9.427844978134821680E-16, 0.000000000000000000 ) ) ;
#3982 = COLOUR_RGB ( '',0.8078431372549019773, 0.8078431372549019773, 0.8078431372549019773 ) ;
#3983 = EDGE_LOOP ( 'NONE', ( #3905, #2388, #3093, #4072 ) ) ;
#3984 = EDGE_CURVE ( 'NONE', #201, #2078, #3182, .T. ) ;
#3985 =( GEOMETRIC_REPRESENTATION_CONTEXT ( 3 ) GLOBAL_UNCERTAINTY_ASSIGNED_CONTEXT ( ( #2413 ) ) GLOBAL_UNIT_ASSIGNED_CONTEXT ( ( #206, #227, #3724 ) ) REPRESENTATION_CONTEXT ( 'NONE', 'WORKASPACE' ) );
#3986 = CARTESIAN_POINT ( 'NONE',  ( 7.750000000000000000, 3.000000000000000000, -7.750000000000000000 ) ) ;
#3987 = FACE_OUTER_BOUND ( 'NONE', #2510, .T. ) ;
#3988 = DIRECTION ( 'NONE',  ( 0.000000000000000000, 0.3420201433256691570, 0.9396926207859084279 ) ) ;
#3989 =( LENGTH_UNIT ( ) NAMED_UNIT ( * ) SI_UNIT ( .MILLI., .METRE. ) );
#3990 = AXIS2_PLACEMENT_3D ( 'NONE', #3261, #1268, #967 ) ;
#3991 =( GEOMETRIC_REPRESENTATION_CONTEXT ( 3 ) GLOBAL_UNCERTAINTY_ASSIGNED_CONTEXT ( ( #3601 ) ) GLOBAL_UNIT_ASSIGNED_CONTEXT ( ( #1947, #2366, #447 ) ) REPRESENTATION_CONTEXT ( 'NONE', 'WORKASPACE' ) );
#3992 = CARTESIAN_POINT ( 'NONE',  ( -10.89573258123362542, 14.31371841597436934, -7.446943799562975919 ) ) ;
#3993 = CARTESIAN_POINT ( 'NONE',  ( 8.428260869565219693, 19.29006011803089748, -8.500000000000000000 ) ) ;
#3994 = ORIENTED_EDGE ( 'NONE', *, *, #2853, .T. ) ;
#3995 = CARTESIAN_POINT ( 'NONE',  ( -6.108362811171209827, 11.07322796967595835, -5.219697966258070032 ) ) ;
#3996 = SURFACE_STYLE_USAGE ( .BOTH. , #520 ) ;
#3997 = FILL_AREA_STYLE ('',( #1456 ) ) ;
#3998 = FILL_AREA_STYLE ('',( #2715 ) ) ;
#3999 = MECHANICAL_DESIGN_GEOMETRIC_PRESENTATION_REPRESENTATION (  '', ( #3267 ), #979 ) ;
#4000 = CYLINDRICAL_SURFACE ( 'NONE', #2959, 10.50000000000000000 ) ;
#4001 = CARTESIAN_POINT ( 'NONE',  ( 9.580719286279190783, 17.82818823154366328, -9.017208315047119171 ) ) ;
#4002 = ORIENTED_EDGE ( 'NONE', *, *, #1874, .T. ) ;
#4003 = CARTESIAN_POINT ( 'NONE',  ( 7.750000000000000000, 3.000000000000000000, 6.649999999999999467 ) ) ;
#4004 = VERTEX_POINT ( 'NONE', #1580 ) ;
#4005 = MECHANICAL_DESIGN_GEOMETRIC_PRESENTATION_REPRESENTATION (  '', ( #3475 ), #2394 ) ;
#4006 = CARTESIAN_POINT ( 'NONE',  ( 9.950000000000001066, 1.047106842509882174, 8.680951323690910826 ) ) ;
#4007 = SURFACE_STYLE_FILL_AREA ( #3672 ) ;
#4008 = DIRECTION ( 'NONE',  ( 0.000000000000000000, 0.9396926207859080948, -0.3420201433256696011 ) ) ;
#4009 = DIRECTION ( 'NONE',  ( 0.000000000000000000, 1.000000000000000000, 0.000000000000000000 ) ) ;
#4010 =( GEOMETRIC_REPRESENTATION_CONTEXT ( 3 ) GLOBAL_UNCERTAINTY_ASSIGNED_CONTEXT ( ( #2961 ) ) GLOBAL_UNIT_ASSIGNED_CONTEXT ( ( #1777, #219, #556 ) ) REPRESENTATION_CONTEXT ( 'NONE', 'WORKASPACE' ) );
#4011 = COLOUR_RGB ( '',0.8078431372549019773, 0.8078431372549019773, 0.8078431372549019773 ) ;
#4012 = CARTESIAN_POINT ( 'NONE',  ( -11.19999999999999574, 12.68000520407459497, -6.277327703460940711 ) ) ;
#4013 = CARTESIAN_POINT ( 'NONE',  ( 10.53559206535087256, 15.92112682315198846, -7.623957494833322635 ) ) ;
#4014 = VERTEX_POINT ( 'NONE', #304 ) ;
#4015 = ORIENTED_EDGE ( 'NONE', *, *, #1796, .F. ) ;
#4016 = MECHANICAL_DESIGN_GEOMETRIC_PRESENTATION_REPRESENTATION (  '', ( #1271 ), #1136 ) ;
#4017 = CARTESIAN_POINT ( 'NONE',  ( 6.702967558194188769, 9.260643648687279850, -5.815007270393333094 ) ) ;
#4018 = PLANE ( 'NONE',  #1233 ) ;
#4019 = AXIS2_PLACEMENT_3D ( 'NONE', #3503, #3443, #915 ) ;
#4020 = CIRCLE ( 'NONE', #2880, 1.441743575235124641 ) ;
#4021 = CARTESIAN_POINT ( 'NONE',  ( -5.657978803190466977, 11.17754070696946656, -6.330841131857202875 ) ) ;
#4022 = LINE ( 'NONE', #1678, #2548 ) ;
#4023 = EDGE_LOOP ( 'NONE', ( #2750, #2762, #847 ) ) ;
#4024 = CARTESIAN_POINT ( 'NONE',  ( -9.396107080950320878, 8.778156254894774690, -3.004946222556261315 ) ) ;
#4025 = SURFACE_STYLE_USAGE ( .BOTH. , #1789 ) ;
#4026 = ORIENTED_EDGE ( 'NONE', *, *, #452, .F. ) ;
#4027 = DIRECTION ( 'NONE',  ( 0.000000000000000000, -1.000000000000000000, 0.000000000000000000 ) ) ;
#4028 = FACE_OUTER_BOUND ( 'NONE', #1888, .T. ) ;
#4029 = CARTESIAN_POINT ( 'NONE',  ( 1.300000000000000044, 2.500000000000000000, 6.000000000000000000 ) ) ;
#4030 = COLOUR_RGB ( '',0.8078431372549019773, 0.8078431372549019773, 0.8078431372549019773 ) ;
#4031 = CARTESIAN_POINT ( 'NONE',  ( -10.32321298161749823, 15.63635677146562841, -8.317059094762857541 ) ) ;
#4032 = CARTESIAN_POINT ( 'NONE',  ( 10.39997455395800152, 16.26308279627123454, -7.758956482327882931 ) ) ;
#4033 = ORIENTED_EDGE ( 'NONE', *, *, #3751, .T. ) ;
#4034 = ORIENTED_EDGE ( 'NONE', *, *, #3422, .T. ) ;
#4035 = SURFACE_STYLE_FILL_AREA ( #822 ) ;
#4036 = DIRECTION ( 'NONE',  ( -0.7282608695652179609, 0.6853000115716565421, 0.000000000000000000 ) ) ;
#4037 = EDGE_CURVE ( 'NONE', #3740, #2854, #2857, .T. ) ;
#4038 = CARTESIAN_POINT ( 'NONE',  ( 7.750000000000000000, 3.000000000000000000, -5.549999999999999822 ) ) ;
#4039 = MECHANICAL_DESIGN_GEOMETRIC_PRESENTATION_REPRESENTATION (  '', ( #2294 ), #3439 ) ;
#4040 = EDGE_CURVE ( 'NONE', #220, #1493, #1460, .T. ) ;
#4041 = FACE_OUTER_BOUND ( 'NONE', #2896, .T. ) ;
#4042 = VECTOR ( 'NONE', #3867, 1000.000000000000000 ) ;
#4043 = LINE ( 'NONE', #2461, #2495 ) ;
#4044 = EDGE_LOOP ( 'NONE', ( #1184, #1706, #2165, #3979 ) ) ;
#4045 = CARTESIAN_POINT ( 'NONE',  ( 10.31320456888644621, 15.65467039773203339, -8.328340834475280730 ) ) ;
#4046 = EDGE_LOOP ( 'NONE', ( #849, #3417, #3886, #485 ) ) ;
#4047 = CARTESIAN_POINT ( 'NONE',  ( -9.746335481236041431, 11.50000000000000000, -8.853937153861579645 ) ) ;
#4048 = STYLED_ITEM ( 'NONE', ( #1960 ), #990 ) ;
#4049 = CARTESIAN_POINT ( 'NONE',  ( -9.238616538971108127, 17.18010957977909214, -9.143677250563264636 ) ) ;
#4050 = CARTESIAN_POINT ( 'NONE',  ( 9.256510981951423744, 18.29011867090437704, -8.387199105838002211 ) ) ;
#4051 = MECHANICAL_DESIGN_GEOMETRIC_PRESENTATION_REPRESENTATION (  '', ( #3585 ), #179 ) ;
#4052 = VERTEX_POINT ( 'NONE', #3160 ) ;
#4053 = ORIENTED_EDGE ( 'NONE', *, *, #2601, .F. ) ;
#4054 = DIRECTION ( 'NONE',  ( 0.000000000000000000, 1.000000000000000000, 0.000000000000000000 ) ) ;
#4055 = CARTESIAN_POINT ( 'NONE',  ( 6.447100554525165172, 9.968605456045793289, -5.890824685365839031 ) ) ;
#4056 =( NAMED_UNIT ( * ) PLANE_ANGLE_UNIT ( ) SI_UNIT ( $, .RADIAN. ) );
#4057 = DIRECTION ( 'NONE',  ( 0.000000000000000000, 0.000000000000000000, 1.000000000000000000 ) ) ;
#4058 = CARTESIAN_POINT ( 'NONE',  ( -7.700000000000000178, 3.000000000000000000, -6.000000000000000000 ) ) ;
#4059 = DIRECTION ( 'NONE',  ( 0.000000000000000000, 0.000000000000000000, -1.000000000000000000 ) ) ;
#4060 = ORIENTED_EDGE ( 'NONE', *, *, #1495, .F. ) ;
#4061 = SURFACE_SIDE_STYLE ('',( #591 ) ) ;
#4062 = CIRCLE ( 'NONE', #2256, 2.200000000000000622 ) ;
#4063 = ORIENTED_EDGE ( 'NONE', *, *, #583, .F. ) ;
#4064 = STYLED_ITEM ( 'NONE', ( #2660 ), #3042 ) ;
#4065 = CARTESIAN_POINT ( 'NONE',  ( -6.815381175311578943, 10.47979786731064955, -5.753618848932845253 ) ) ;
#4066 =( NAMED_UNIT ( * ) PLANE_ANGLE_UNIT ( ) SI_UNIT ( $, .RADIAN. ) );
#4067 = FILL_AREA_STYLE_COLOUR ( '', #3078 ) ;
#4068 = UNCERTAINTY_MEASURE_WITH_UNIT (LENGTH_MEASURE( 1.000000000000000082E-05 ), #746, 'distance_accuracy_value', 'NONE');
#4069 = CARTESIAN_POINT ( 'NONE',  ( 7.828790295753267792, 13.77414348668382260, -9.499999999999996447 ) ) ;
#4070 = CARTESIAN_POINT ( 'NONE',  ( 10.96899810970132449, 14.48692440949618110, -7.013063676749754727 ) ) ;
#4071 = ORIENTED_EDGE ( 'NONE', *, *, #2540, .T. ) ;
#4072 = ORIENTED_EDGE ( 'NONE', *, *, #72, .F. ) ;
#4073 = ADVANCED_FACE ( 'NONE', ( #1517 ), #3474, .F. ) ;
#4074 = LINE ( 'NONE', #2776, #1577 ) ;
#4075 = FILL_AREA_STYLE_COLOUR ( '', #2877 ) ;
#4076 =( GEOMETRIC_REPRESENTATION_CONTEXT ( 3 ) GLOBAL_UNCERTAINTY_ASSIGNED_CONTEXT ( ( #1528 ) ) GLOBAL_UNIT_ASSIGNED_CONTEXT ( ( #2866, #2201, #1567 ) ) REPRESENTATION_CONTEXT ( 'NONE', 'WORKASPACE' ) );
#4077 = PRESENTATION_STYLE_ASSIGNMENT (( #1808 ) ) ;
#4078 = DIRECTION ( 'NONE',  ( -1.000000000000000000, 0.000000000000000000, 0.000000000000000000 ) ) ;
#4079 = MECHANICAL_DESIGN_GEOMETRIC_PRESENTATION_REPRESENTATION (  '', ( #3009 ), #3304 ) ;
#4080 = CARTESIAN_POINT ( 'NONE',  ( -9.938914861582036409, 10.70641803895274613, -7.503151404270593794 ) ) ;
#4081 = ORIENTED_EDGE ( 'NONE', *, *, #104, .F. ) ;
#4082 = EDGE_CURVE ( 'NONE', #3148, #527, #2789, .T. ) ;
#4083 = PRESENTATION_STYLE_ASSIGNMENT (( #2178 ) ) ;
#4084 = COLOUR_RGB ( '',0.8078431372549019773, 0.8078431372549019773, 0.8078431372549019773 ) ;
#4085 = EDGE_LOOP ( 'NONE', ( #1989, #2527, #883, #3708 ) ) ;
#4086 = ADVANCED_FACE ( 'NONE', ( #1600 ), #3141, .F. ) ;
#4087 = UNCERTAINTY_MEASURE_WITH_UNIT (LENGTH_MEASURE( 1.000000000000000082E-05 ), #2469, 'distance_accuracy_value', 'NONE');
#4088 = FILL_AREA_STYLE_COLOUR ( '', #961 ) ;
#4089 =( NAMED_UNIT ( * ) PLANE_ANGLE_UNIT ( ) SI_UNIT ( $, .RADIAN. ) );
#4090 = CARTESIAN_POINT ( 'NONE',  ( 8.300000000000000711, -0.5000000000000000000, -6.000000000000000000 ) ) ;
#4091 = CARTESIAN_POINT ( 'NONE',  ( 9.616108700712823421, 12.42316462773013974, -8.928932321982497200 ) ) ;
#4092 = CARTESIAN_POINT ( 'NONE',  ( -11.03047898116651737, 14.15189672520820885, -6.860891608246283191 ) ) ;
#4093 = CARTESIAN_POINT ( 'NONE',  ( -7.750000000000000000, 6.500000000000000000, -7.750000000000000000 ) ) ;
#4094 = ORIENTED_EDGE ( 'NONE', *, *, #2696, .T. ) ;
#4095 = ORIENTED_EDGE ( 'NONE', *, *, #1320, .T. ) ;
#4096 = AXIS2_PLACEMENT_3D ( 'NONE', #4093, #3238, #598 ) ;
#4097 =( LENGTH_UNIT ( ) NAMED_UNIT ( * ) SI_UNIT ( .MILLI., .METRE. ) );
#4098 = CARTESIAN_POINT ( 'NONE',  ( 6.108934989373103974, 9.733506209384689356, -6.284733819587944303 ) ) ;
#4099 = EDGE_CURVE ( 'NONE', #2931, #468, #3528, .T. ) ;
#4100 = CARTESIAN_POINT ( 'NONE',  ( -5.549999999999999822, 3.000000000000000000, -7.750000000000000000 ) ) ;
#4101 = SURFACE_STYLE_FILL_AREA ( #2819 ) ;
#4102 = LINE ( 'NONE', #846, #2291 ) ;
#4103 = EDGE_CURVE ( 'NONE', #3263, #1005, #674, .T. ) ;
#4104 = ORIENTED_EDGE ( 'NONE', *, *, #3143, .F. ) ;
#4105 = AXIS2_PLACEMENT_3D ( 'NONE', #3704, #1230, #1192 ) ;
#4106 = DIRECTION ( 'NONE',  ( 0.000000000000000000, 1.000000000000000000, 0.000000000000000000 ) ) ;
#4107 = SURFACE_SIDE_STYLE ('',( #1302 ) ) ;
#4108 = CARTESIAN_POINT ( 'NONE',  ( 6.485390418957952541, 10.50564558486467703, -5.913488511553883775 ) ) ;
#4109 = DIRECTION ( 'NONE',  ( 0.000000000000000000, -1.000000000000000000, 0.000000000000000000 ) ) ;
#4110 = EDGE_CURVE ( 'NONE', #153, #2489, #2073, .T. ) ;
#4111 = CARTESIAN_POINT ( 'NONE',  ( 9.375315801563536056, 12.88043088877704001, -9.073140127790463083 ) ) ;
#4112 = CARTESIAN_POINT ( 'NONE',  ( -11.02547574512300343, 14.17884166217051067, -6.873118634196525356 ) ) ;
#4113 = CARTESIAN_POINT ( 'NONE',  ( -9.496400113255244690, 12.68668898865269590, -9.003862728904227453 ) ) ;
#4114 = CIRCLE ( 'NONE', #301, 2.200000000000000622 ) ;
#4115 = VERTEX_POINT ( 'NONE', #966 ) ;
#4116 = EDGE_LOOP ( 'NONE', ( #2698, #2921, #2446, #2812, #183, #2794, #820, #234, #2502 ) ) ;
#4117 =( GEOMETRIC_REPRESENTATION_CONTEXT ( 3 ) GLOBAL_UNCERTAINTY_ASSIGNED_CONTEXT ( ( #2767 ) ) GLOBAL_UNIT_ASSIGNED_CONTEXT ( ( #1110, #4066, #1134 ) ) REPRESENTATION_CONTEXT ( 'NONE', 'WORKASPACE' ) );
#4118 = PRESENTATION_STYLE_ASSIGNMENT (( #2815 ) ) ;
#4119 = MECHANICAL_DESIGN_GEOMETRIC_PRESENTATION_REPRESENTATION (  '', ( #3648 ), #239 ) ;
#4120 = CARTESIAN_POINT ( 'NONE',  ( 7.700000000000000178, 11.50000000000000000, -9.500000000000000000 ) ) ;
#4121 = FILL_AREA_STYLE_COLOUR ( '', #4084 ) ;
#4122 = LINE ( 'NONE', #3495, #1682 ) ;
#4123 = PRESENTATION_LAYER_ASSIGNMENT (  '', '', ( #3387 ) ) ;
#4124 = VERTEX_POINT ( 'NONE', #345 ) ;
#4125 = CARTESIAN_POINT ( 'NONE',  ( -5.547825644883994656, 10.81142733692045255, -7.681126565760756364 ) ) ;
ENDSEC;
END-ISO-10303-21;
