ISO-10303-21;
HEADER;
/* Generated by software containing ST-Developer
 * from STEP Tools, Inc. (www.steptools.com) 
 */
/* OPTION: using custom renumber hook */

FILE_DESCRIPTION(
/* description */ (
'CAx-IF Rec.Pracs.---Representation and Presentation of Product Manufa
cturing Information (PMI)---4.0---2014-10-13',
'CAx-IF Rec.Pracs.---3D Tessellated Geometry---0.4---2014-09-14','2;1'),

/* implementation_level */ '2;1');

FILE_NAME(
/* name */ 'r_pinky_middle_collision',
/* time_stamp */ '2026-08-06T20:40:59-07:00',
/* author */ (''),
/* organization */ (''),
/* preprocessor_version */ 'ST-DEVELOPER v20',
/* originating_system */ 'SIEMENS PLM Software NX2412.8300',
/* authorisation */ $);

FILE_SCHEMA (('AP242_MANAGED_MODEL_BASED_3D_ENGINEERING_MIM_LF { 1 0 10303 442 1 1 4 }'));
ENDSEC;

DATA;
#10=MECHANICAL_DESIGN_AND_DRAUGHTING_RELATIONSHIP('','',#26,#27);
#11=MECHANICAL_DESIGN_AND_DRAUGHTING_RELATIONSHIP('','',#28,#27);
#12=MECHANICAL_DESIGN_AND_DRAUGHTING_RELATIONSHIP('','',#29,#27);
#13=MECHANICAL_DESIGN_AND_DRAUGHTING_RELATIONSHIP('','',#30,#27);
#14=MECHANICAL_DESIGN_AND_DRAUGHTING_RELATIONSHIP('','',#31,#27);
#15=MECHANICAL_DESIGN_AND_DRAUGHTING_RELATIONSHIP('','',#32,#27);
#16=MECHANICAL_DESIGN_AND_DRAUGHTING_RELATIONSHIP('','',#33,#27);
#17=MECHANICAL_DESIGN_AND_DRAUGHTING_RELATIONSHIP('','',#34,#27);
#18=MODEL_GEOMETRIC_VIEW('Top','',#53,#26);
#19=MODEL_GEOMETRIC_VIEW('Front','',#54,#28);
#20=MODEL_GEOMETRIC_VIEW('Right','',#55,#29);
#21=MODEL_GEOMETRIC_VIEW('Back','',#56,#30);
#22=MODEL_GEOMETRIC_VIEW('Bottom','',#57,#31);
#23=MODEL_GEOMETRIC_VIEW('Left','',#58,#32);
#24=MODEL_GEOMETRIC_VIEW('Isometric','',#59,#33);
#25=MODEL_GEOMETRIC_VIEW('Trimetric','',#60,#34);
#26=DRAUGHTING_MODEL('Top',(#53,#44),#2978);
#27=DRAUGHTING_MODEL('',(#45),#2978);
#28=DRAUGHTING_MODEL('Front',(#54,#46),#2978);
#29=DRAUGHTING_MODEL('Right',(#55,#47),#2978);
#30=DRAUGHTING_MODEL('Back',(#56,#48),#2978);
#31=DRAUGHTING_MODEL('Bottom',(#57,#49),#2978);
#32=DRAUGHTING_MODEL('Left',(#58,#50),#2978);
#33=DRAUGHTING_MODEL('Isometric',(#59,#51),#2978);
#34=DRAUGHTING_MODEL('Trimetric',(#60,#52),#2978);
#35=REPRESENTATION_MAP(#1045,#78);
#36=REPRESENTATION_MAP(#1045,#78);
#37=REPRESENTATION_MAP(#1045,#78);
#38=REPRESENTATION_MAP(#1045,#78);
#39=REPRESENTATION_MAP(#1045,#78);
#40=REPRESENTATION_MAP(#1045,#78);
#41=REPRESENTATION_MAP(#1045,#78);
#42=REPRESENTATION_MAP(#1045,#78);
#43=REPRESENTATION_MAP(#1045,#78);
#44=MAPPED_ITEM('',#35,#1045);
#45=MAPPED_ITEM('',#36,#1045);
#46=MAPPED_ITEM('',#37,#1045);
#47=MAPPED_ITEM('',#38,#1045);
#48=MAPPED_ITEM('',#39,#1045);
#49=MAPPED_ITEM('',#40,#1045);
#50=MAPPED_ITEM('',#41,#1045);
#51=MAPPED_ITEM('',#42,#1045);
#52=MAPPED_ITEM('',#43,#1045);
#53=CAMERA_MODEL_D3('Top',#1099,#61);
#54=CAMERA_MODEL_D3('Front',#1101,#62);
#55=CAMERA_MODEL_D3('Right',#1103,#63);
#56=CAMERA_MODEL_D3('Back',#1105,#64);
#57=CAMERA_MODEL_D3('Bottom',#1107,#65);
#58=CAMERA_MODEL_D3('Left',#1109,#66);
#59=CAMERA_MODEL_D3('Isometric',#1111,#67);
#60=CAMERA_MODEL_D3('Trimetric',#1113,#68);
#61=VIEW_VOLUME(.PARALLEL.,#2954,27.8503570556641,0.,.F.,0.,.F.,.F.,#69);
#62=VIEW_VOLUME(.PARALLEL.,#2957,69.8559799194336,0.,.F.,0.,.F.,.F.,#70);
#63=VIEW_VOLUME(.PARALLEL.,#2960,69.855978012085,0.,.F.,0.,.F.,.F.,#71);
#64=VIEW_VOLUME(.PARALLEL.,#2963,69.8559799194336,0.,.F.,0.,.F.,.F.,#72);
#65=VIEW_VOLUME(.PARALLEL.,#2966,27.8503570556641,0.,.F.,0.,.F.,.F.,#73);
#66=VIEW_VOLUME(.PARALLEL.,#2969,69.8559761047363,0.,.F.,0.,.F.,.F.,#74);
#67=VIEW_VOLUME(.PARALLEL.,#2972,84.0389106492992,0.,.F.,0.,.F.,.F.,#75);
#68=VIEW_VOLUME(.PARALLEL.,#2975,82.4953196601217,0.,.F.,0.,.F.,.F.,#76);
#69=PLANAR_BOX('',13.8877477779347,13.8877477779347,#1100);
#70=PLANAR_BOX('',34.8341038487426,34.8341038487426,#1102);
#71=PLANAR_BOX('',34.8341028976318,34.8341028976318,#1104);
#72=PLANAR_BOX('',34.8341038487426,34.8341038487426,#1106);
#73=PLANAR_BOX('',13.8877477779347,13.8877477779347,#1108);
#74=PLANAR_BOX('',34.8341019465209,34.8341019465209,#1110);
#75=PLANAR_BOX('',41.9065074209702,41.9065074209702,#1112);
#76=PLANAR_BOX('',41.1367865054666,41.1367865054666,#1114);
#77=SHAPE_REPRESENTATION_RELATIONSHIP('','',#1044,#78);
#78=ADVANCED_BREP_SHAPE_REPRESENTATION('',(#1042),#2978);
#79=TOROIDAL_SURFACE('',#1092,6.69999999988726,0.799999999986536);
#80=TOROIDAL_SURFACE('',#1093,6.69999999988726,0.799999999986536);
#81=PLANE('',#1067);
#82=PLANE('',#1071);
#83=PLANE('',#1075);
#84=PLANE('',#1078);
#85=PLANE('',#1083);
#86=PLANE('',#1086);
#87=PLANE('',#1089);
#88=(
BOUNDED_SURFACE()
B_SPLINE_SURFACE(3,2,((#1766,#1767,#1768),(#1769,#1770,#1771),(#1772,#1773,
#1774),(#1775,#1776,#1777),(#1778,#1779,#1780),(#1781,#1782,#1783),(#1784,
#1785,#1786),(#1787,#1788,#1789),(#1790,#1791,#1792),(#1793,#1794,#1795),
(#1796,#1797,#1798),(#1799,#1800,#1801),(#1802,#1803,#1804),(#1805,#1806,
#1807),(#1808,#1809,#1810),(#1811,#1812,#1813)),.UNSPECIFIED.,.F.,.F.,.F.)
B_SPLINE_SURFACE_WITH_KNOTS((4,2,2,2,2,2,2,4),(3,3),(0.0208645198796194,
0.0218989725686045,0.0229335536616144,0.0239681347546244,0.0250027158476343,
0.0260372969406443,0.0270718780336542,0.0291410402196741),(-9.74230705155873E-5,
1.),.UNSPECIFIED.)
GEOMETRIC_REPRESENTATION_ITEM()
RATIONAL_B_SPLINE_SURFACE(((1.00001282380033,0.934184992003064,1.),(1.00001230209323,
0.936862525657446,1.),(1.0000117243101,0.93982785575449,1.),(1.0000104899165,
0.946163077937309,1.),(1.00000983960046,0.949500665465163,1.),(1.00000849398607,
0.956406701047294,1.),(1.00000779860539,0.959975571776186,1.),(1.00000639346449,
0.967187112590967,1.),(1.00000568721455,0.970811767092569,1.),(1.0000043386922,
0.977732727080862,1.),(1.00000369181712,0.981052654707858,1.),(1.00000250067272,
0.987165910940624,1.),(1.0000019542999,0.989970035406108,1.),(1.00000057498595,
0.997049025756264,1.),(1.00000000019406,0.999999004046555,1.),(1.,1.,1.)))
REPRESENTATION_ITEM('')
SURFACE()
);
#89=(
BOUNDED_SURFACE()
B_SPLINE_SURFACE(3,2,((#2069,#2070,#2071),(#2072,#2073,#2074),(#2075,#2076,
#2077),(#2078,#2079,#2080),(#2081,#2082,#2083),(#2084,#2085,#2086)),
 .UNSPECIFIED.,.F.,.F.,.F.)
B_SPLINE_SURFACE_WITH_KNOTS((4,2,4),(3,3),(0.,0.00206348292241737,0.00329044662275312),
(0.,1.00000065850363),.UNSPECIFIED.)
GEOMETRIC_REPRESENTATION_ITEM()
RATIONAL_B_SPLINE_SURFACE(((1.,0.894575685167586,1.00000013884459),(1.,
0.884299488766399,1.00000015237841),(1.,0.868956229806651,1.0000001725856),
(1.,0.836988054836903,1.00000021468792),(1.,0.823650761663071,1.00000023225323),
(1.,0.809197165331022,1.00000025128872)))
REPRESENTATION_ITEM('')
SURFACE()
);
#90=(
BOUNDED_SURFACE()
B_SPLINE_SURFACE(3,2,((#2146,#2147,#2148),(#2149,#2150,#2151),(#2152,#2153,
#2154),(#2155,#2156,#2157),(#2158,#2159,#2160),(#2161,#2162,#2163),(#2164,
#2165,#2166),(#2167,#2168,#2169),(#2170,#2171,#2172),(#2173,#2174,#2175),
(#2176,#2177,#2178),(#2179,#2180,#2181),(#2182,#2183,#2184),(#2185,#2186,
#2187),(#2188,#2189,#2190),(#2191,#2192,#2193)),.UNSPECIFIED.,.F.,.F.,.F.)
B_SPLINE_SURFACE_WITH_KNOTS((4,2,2,2,2,2,2,4),(3,3),(0.0208645198796451,
0.0218989725686093,0.0229335536616192,0.023968134754629,0.0250027158476388,
0.0260372969406486,0.0270718780336584,0.0291410402196781),(0.,1.00009742307051),
 .UNSPECIFIED.)
GEOMETRIC_REPRESENTATION_ITEM()
RATIONAL_B_SPLINE_SURFACE(((1.,0.934184992003233,1.00001282380034),(1.,
0.936862525657587,1.00001230209322),(1.,0.939827855754544,1.0000117243101),
(1.,0.946163077937336,1.00001048991651),(1.,0.94950066546517,1.00000983960046),
(1.,0.956406701047302,1.00000849398607),(1.,0.959975571776193,1.00000779860539),
(1.,0.967187112590972,1.00000639346448),(1.,0.970811767092574,1.00000568721454),
(1.,0.977732727080867,1.0000043386922),(1.,0.981052654707861,1.00000369181712),
(1.,0.987165910940627,1.00000250067272),(1.,0.989970035406109,1.0000019542999),
(1.,0.997049025756265,1.00000057498595),(1.,0.999999004046555,1.00000000019406),
(1.,1.,1.)))
REPRESENTATION_ITEM('')
SURFACE()
);
#91=(
BOUNDED_SURFACE()
B_SPLINE_SURFACE(3,2,((#2206,#2207,#2208),(#2209,#2210,#2211),(#2212,#2213,
#2214),(#2215,#2216,#2217),(#2218,#2219,#2220),(#2221,#2222,#2223),(#2224,
#2225,#2226),(#2227,#2228,#2229),(#2230,#2231,#2232),(#2233,#2234,#2235),
(#2236,#2237,#2238),(#2239,#2240,#2241),(#2242,#2243,#2244),(#2245,#2246,
#2247),(#2248,#2249,#2250),(#2251,#2252,#2253),(#2254,#2255,#2256),(#2257,
#2258,#2259),(#2260,#2261,#2262),(#2263,#2264,#2265),(#2266,#2267,#2268),
(#2269,#2270,#2271),(#2272,#2273,#2274),(#2275,#2276,#2277)),
 .UNSPECIFIED.,.F.,.F.,.F.)
B_SPLINE_SURFACE_WITH_KNOTS((4,2,2,2,2,2,2,2,2,2,2,4),(3,3),(0.0167920427147396,
0.0183356674028564,0.0191074797469148,0.0198792920909732,0.02142291677909,
0.0221947291231484,0.0229665414672069,0.0237383538112653,0.0245101661553237,
0.0260537908434405,0.0275974155315573,0.0291410402196741),(0.,1.00003317578532),
 .UNSPECIFIED.)
GEOMETRIC_REPRESENTATION_ITEM()
RATIONAL_B_SPLINE_SURFACE(((1.,0.912868038599928,1.00000578134249),(1.,
0.914568044331976,1.00000566854444),(1.,0.916446834031145,1.00000554388379),
(1.,0.919909831039047,1.0000053141085),(1.,0.921171760538478,1.0000052303775),
(1.,0.923973681823781,1.00000504446562),(1.,0.92551336085109,1.0000049423055),
(1.,0.930497622054825,1.00000461159194),(1.,0.934347030282749,1.00000435617766),
(1.,0.940967774941318,1.00000391688085),(1.,0.943323696502748,1.00000376056175),
(1.,0.948187572335985,1.00000343783595),(1.,0.950706140789236,1.00000327072498),
(1.,0.955868516966325,1.00000292819321),(1.,0.958512425000971,1.00000275276576),
(1.,0.963862407912096,1.00000239778599),(1.,0.966581924495278,1.0000022173418),
(1.,0.974575539458784,1.00000168695289),(1.,0.979708682312558,1.0000013463608),
(1.,0.988803883638998,1.00000074287991),(1.,0.992770801061462,1.0000004796687),
(1.,0.998354890551017,1.0000001091556),(1.,1.00000301301601,0.999999999800082),
(1.,1.,1.)))
REPRESENTATION_ITEM('')
SURFACE()
);
#92=(
BOUNDED_SURFACE()
B_SPLINE_SURFACE(3,2,((#2308,#2309,#2310),(#2311,#2312,#2313),(#2314,#2315,
#2316),(#2317,#2318,#2319)),.UNSPECIFIED.,.F.,.F.,.F.)
B_SPLINE_SURFACE_WITH_KNOTS((4,4),(3,3),(0.0448129609765032,0.0463162473252612),
(0.418917491995263,1.),.PIECEWISE_BEZIER_KNOTS.)
GEOMETRIC_REPRESENTATION_ITEM()
RATIONAL_B_SPLINE_SURFACE(((0.957581102627311,0.949370821005048,1.),(0.961596061729657,
0.954162885288665,1.),(0.965336404171709,0.958627180183869,1.),(0.96879119555206,
0.962750654909042,1.)))
REPRESENTATION_ITEM('')
SURFACE()
);
#93=(
BOUNDED_SURFACE()
B_SPLINE_SURFACE(3,2,((#2328,#2329,#2330),(#2331,#2332,#2333),(#2334,#2335,
#2336),(#2337,#2338,#2339)),.UNSPECIFIED.,.F.,.F.,.F.)
B_SPLINE_SURFACE_WITH_KNOTS((4,4),(3,3),(0.0448129609765032,0.0463162473252611),
(0.,0.581088094960821),.PIECEWISE_BEZIER_KNOTS.)
GEOMETRIC_REPRESENTATION_ITEM()
RATIONAL_B_SPLINE_SURFACE(((1.,0.949370334218755,0.957581260512164),(1.,
0.954162444576815,0.961596204670669),(1.,0.958626782395044,0.965336533191015),
(1.,0.962750296766346,0.968791311712492)))
REPRESENTATION_ITEM('')
SURFACE()
);
#94=(
BOUNDED_SURFACE()
B_SPLINE_SURFACE(3,2,((#2350,#2351,#2352),(#2353,#2354,#2355),(#2356,#2357,
#2358),(#2359,#2360,#2361),(#2362,#2363,#2364),(#2365,#2366,#2367),(#2368,
#2369,#2370),(#2371,#2372,#2373),(#2374,#2375,#2376),(#2377,#2378,#2379),
(#2380,#2381,#2382),(#2383,#2384,#2385),(#2386,#2387,#2388),(#2389,#2390,
#2391),(#2392,#2393,#2394),(#2395,#2396,#2397),(#2398,#2399,#2400),(#2401,
#2402,#2403),(#2404,#2405,#2406),(#2407,#2408,#2409),(#2410,#2411,#2412),
(#2413,#2414,#2415),(#2416,#2417,#2418),(#2419,#2420,#2421)),
 .UNSPECIFIED.,.F.,.F.,.F.)
B_SPLINE_SURFACE_WITH_KNOTS((4,2,2,2,2,2,2,2,2,2,2,4),(3,3),(0.0167920427147396,
0.0183356674028564,0.0191074797469148,0.0198792920909732,0.02142291677909,
0.0221947291231484,0.0229665414672068,0.0237383538112653,0.0245101661553237,
0.0260537908434405,0.0275974155315573,0.0291410402196741),(-3.31757853187501E-5,
1.),.UNSPECIFIED.)
GEOMETRIC_REPRESENTATION_ITEM()
RATIONAL_B_SPLINE_SURFACE(((1.00000578134249,0.912868038599928,1.),(1.00000566854444,
0.914568044331998,1.),(1.00000554388379,0.916446834031117,1.),(1.0000053141085,
0.919909831039061,1.),(1.0000052303775,0.921171760538434,1.),(1.00000504446562,
0.923973681823824,1.),(1.0000049423055,0.925513360851105,1.),(1.00000461159194,
0.930497622054797,1.),(1.00000435617766,0.934347030282836,1.),(1.00000391688085,
0.940967774941275,1.),(1.00000376056175,0.943323696502748,1.),(1.00000343783595,
0.948187572335985,1.),(1.00000327072498,0.950706140789236,1.),(1.00000292819321,
0.955868516966325,1.),(1.00000275276576,0.958512425000986,1.),(1.00000239778599,
0.963862407912081,1.),(1.0000022173418,0.966581924495278,1.),(1.00000168695289,
0.974575539458784,1.),(1.0000013463608,0.979708682312559,1.),(1.00000074287991,
0.988803883638998,1.),(1.0000004796687,0.992770801061462,1.),(1.0000001091556,
0.998354890551017,1.),(0.999999999800082,1.00000301301601,1.),(1.,1.,1.)))
REPRESENTATION_ITEM('')
SURFACE()
);
#95=(
BOUNDED_SURFACE()
B_SPLINE_SURFACE(3,2,((#2470,#2471,#2472),(#2473,#2474,#2475),(#2476,#2477,
#2478),(#2479,#2480,#2481),(#2482,#2483,#2484),(#2485,#2486,#2487),(#2488,
#2489,#2490),(#2491,#2492,#2493),(#2494,#2495,#2496),(#2497,#2498,#2499),
(#2500,#2501,#2502),(#2503,#2504,#2505),(#2506,#2507,#2508),(#2509,#2510,
#2511)),.UNSPECIFIED.,.F.,.F.,.F.)
B_SPLINE_SURFACE_WITH_KNOTS((4,2,2,2,2,2,4),(3,3),(-9.00198635892373E-17,
0.00094273111080062,0.00188546222160124,0.00235682777700155,0.00282819333240186,
0.00329955888780217,0.00377092444320248),(0.,1.00003917755761),
 .UNSPECIFIED.)
GEOMETRIC_REPRESENTATION_ITEM()
RATIONAL_B_SPLINE_SURFACE(((1.,0.545345789427158,1.00003562448305),(1.,
0.521043837287178,1.00003752866531),(1.,0.494135555180093,1.00003963706686),
(1.,0.437734819831396,1.00004405635298),(1.,0.407855269638519,1.00004639756857),
(1.,0.371681247406476,1.00004923198825),(1.,0.361106049400615,1.00005006060911),
(1.,0.34656074582468,1.00005120030805),(1.,0.342945682894171,1.00005148356672),
(1.,0.34569994900284,1.00005126775588),(1.,0.352137081579297,1.00005076337362),
(1.,0.37402163975353,1.00004904860654),(1.,0.389143334255604,1.00004786374443),
(1.,0.406839573702659,1.00004647715355)))
REPRESENTATION_ITEM('')
SURFACE()
);
#96=(
BOUNDED_SURFACE()
B_SPLINE_SURFACE(3,2,((#2519,#2520,#2521),(#2522,#2523,#2524),(#2525,#2526,
#2527),(#2528,#2529,#2530),(#2531,#2532,#2533),(#2534,#2535,#2536),(#2537,
#2538,#2539),(#2540,#2541,#2542),(#2543,#2544,#2545),(#2546,#2547,#2548),
(#2549,#2550,#2551),(#2552,#2553,#2554),(#2555,#2556,#2557),(#2558,#2559,
#2560),(#2561,#2562,#2563),(#2564,#2565,#2566),(#2567,#2568,#2569),(#2570,
#2571,#2572),(#2573,#2574,#2575),(#2576,#2577,#2578),(#2579,#2580,#2581),
(#2582,#2583,#2584),(#2585,#2586,#2587),(#2588,#2589,#2590),(#2591,#2592,
#2593),(#2594,#2595,#2596),(#2597,#2598,#2599),(#2600,#2601,#2602),(#2603,
#2604,#2605),(#2606,#2607,#2608),(#2609,#2610,#2611),(#2612,#2613,#2614),
(#2615,#2616,#2617),(#2618,#2619,#2620)),.UNSPECIFIED.,.F.,.F.,.F.)
B_SPLINE_SURFACE_WITH_KNOTS((4,2,2,2,2,2,2,2,2,2,2,2,2,2,2,2,4),(3,3),(-8.67361737988404E-18,
0.00213587373841636,0.00320381060762454,0.00427174747683272,0.0053396843460409,
0.00640762121524909,0.00747555808445727,0.00854349495366545,0.00907746338826954,
0.00961143182287363,0.0101454002574777,0.0106793686920818,0.01174730556129,
0.0128152424304982,0.0138831792997064,0.0149511161689145,0.0170869899073309),
(0.,1.),.UNSPECIFIED.)
GEOMETRIC_REPRESENTATION_ITEM()
RATIONAL_B_SPLINE_SURFACE(((1.,0.545363600970868,1.),(1.,0.58331338545847,
1.),(1.,0.6201385160706,1.),(1.,0.672993982111948,1.),(1.,0.69021444615844,
1.),(1.,0.723663395795492,1.),(1.,0.739938833703882,1.),(1.,0.770554761504702,
1.),(1.,0.78497228725619,1.),(1.,0.811481745723315,1.),(1.,0.823430350277297,
1.),(1.,0.843438947688411,1.),(1.,0.851633639018256,1.),(1.,0.863011342036048,
1.),(1.,0.865985373816082,1.),(1.,0.866044820255239,1.),(1.,0.865312717505804,
1.),(1.,0.862443014138026,1.),(1.,0.860308717918694,1.),(1.,0.8547279332167,
1.),(1.,0.851253129768344,1.),(1.,0.843200311841896,1.),(1.,0.838643107219835,
1.),(1.,0.823594520072637,1.),(1.,0.811707786918178,1.),(1.,0.785137612860023,
1.),(1.,0.770750766242109,1.),(1.,0.740335604263474,1.),(1.,0.724301238259416,
1.),(1.,0.690900704093853,1.),(1.,0.67349386311386,1.),(1.,0.620311972017287,
1.),(1.,0.583356781417606,1.),(1.,0.545363600970868,1.)))
REPRESENTATION_ITEM('')
SURFACE()
);
#97=(
BOUNDED_SURFACE()
B_SPLINE_SURFACE(3,2,((#2635,#2636,#2637),(#2638,#2639,#2640),(#2641,#2642,
#2643),(#2644,#2645,#2646),(#2647,#2648,#2649),(#2650,#2651,#2652),(#2653,
#2654,#2655),(#2656,#2657,#2658),(#2659,#2660,#2661),(#2662,#2663,#2664),
(#2665,#2666,#2667),(#2668,#2669,#2670),(#2671,#2672,#2673),(#2674,#2675,
#2676)),.UNSPECIFIED.,.F.,.F.,.F.)
B_SPLINE_SURFACE_WITH_KNOTS((4,2,2,2,2,2,4),(3,3),(0.,0.000939532573935931,
0.00187906514787186,0.00234883143483983,0.00281859772180779,0.00328836400877576,
0.00375813029574372),(0.,1.),.UNSPECIFIED.)
GEOMETRIC_REPRESENTATION_ITEM()
RATIONAL_B_SPLINE_SURFACE(((1.,0.545363600970865,1.),(1.,0.521049424780948,
1.),(1.,0.494190149744192,1.),(1.,0.438079066927499,1.),(1.,0.407935123908219,
1.),(1.,0.371463028822148,1.),(1.,0.360859990872778,1.),(1.,0.346409713430068,
1.),(1.,0.342952087296231,1.),(1.,0.345786256769768,1.),(1.,0.352190465696003,
1.),(1.,0.374077703735356,1.),(1.,0.389185400494752,1.),(1.,0.406847367831201,
1.)))
REPRESENTATION_ITEM('')
SURFACE()
);
#98=(
BOUNDED_SURFACE()
B_SPLINE_SURFACE(3,2,((#2728,#2729,#2730),(#2731,#2732,#2733),(#2734,#2735,
#2736),(#2737,#2738,#2739),(#2740,#2741,#2742),(#2743,#2744,#2745),(#2746,
#2747,#2748),(#2749,#2750,#2751),(#2752,#2753,#2754),(#2755,#2756,#2757)),
 .UNSPECIFIED.,.F.,.F.,.F.)
B_SPLINE_SURFACE_WITH_KNOTS((4,2,2,2,4),(3,3),(2.58541610688859,2.86350438023923,
3.14159265358986,3.41968092694049,3.69776920029112),(0.,1.),
 .UNSPECIFIED.)
GEOMETRIC_REPRESENTATION_ITEM()
RATIONAL_B_SPLINE_SURFACE(((1.,0.89457575459062,1.),(1.,0.904248780638532,
1.),(1.,0.911590855416503,1.),(1.,0.921407317871755,1.),(1.,0.923879532511288,
1.),(1.,0.923879532511288,1.),(1.,0.921407317871636,1.),(1.,0.911590855416608,
1.),(1.,0.904248780638434,1.),(1.,0.894575754590606,1.)))
REPRESENTATION_ITEM('')
SURFACE()
);
#99=CIRCLE('',#1047,7.50000000000238);
#100=CIRCLE('',#1048,1.00000000004274);
#101=CIRCLE('',#1049,1.00000000004274);
#102=CIRCLE('',#1050,1.00000000004273);
#103=CIRCLE('',#1051,1.00000000004273);
#104=CIRCLE('',#1052,1.00000000004272);
#105=CIRCLE('',#1053,1.00000000004272);
#106=CIRCLE('',#1054,6.99999999941509);
#107=CIRCLE('',#1055,6.99999999941526);
#108=CIRCLE('',#1056,7.24999999922454);
#109=CIRCLE('',#1058,6.00000000025872);
#110=CIRCLE('',#1059,6.99999999961223);
#111=CIRCLE('',#1061,6.00000000025871);
#112=CIRCLE('',#1062,6.99999999961253);
#113=CIRCLE('',#1063,7.24999999922433);
#114=CIRCLE('',#1065,0.500000000001673);
#115=CIRCLE('',#1066,0.500000000053736);
#116=CIRCLE('',#1068,7.24999999951541);
#117=CIRCLE('',#1069,7.00000000029929);
#118=CIRCLE('',#1070,1.00000000004273);
#119=CIRCLE('',#1072,7.00000000029929);
#120=CIRCLE('',#1073,7.24999999951554);
#121=CIRCLE('',#1074,1.00000000004274);
#122=CIRCLE('',#1076,6.00000000025873);
#123=CIRCLE('',#1077,1.00000000004273);
#124=CIRCLE('',#1079,6.00000000025871);
#125=CIRCLE('',#1080,1.00000000004274);
#126=CIRCLE('',#1081,5.00000000017462);
#127=CIRCLE('',#1082,5.00000000037532);
#128=CIRCLE('',#1084,0.199999999991782);
#129=CIRCLE('',#1085,0.200000000004542);
#130=CIRCLE('',#1087,6.99999999943367);
#131=CIRCLE('',#1088,1.00000000004272);
#132=CIRCLE('',#1090,6.99999999943369);
#133=CIRCLE('',#1091,1.00000000004272);
#134=CIRCLE('',#1094,7.50000000000237);
#135=B_SPLINE_SURFACE_WITH_KNOTS('',3,1,((#1304,#1305),(#1306,#1307),(#1308,
#1309),(#1310,#1311),(#1312,#1313),(#1314,#1315),(#1316,#1317)),
 .SURF_OF_LINEAR_EXTRUSION.,.F.,.F.,.F.,(4,1,1,1,4),(2,2),(0.,0.60314594341855,
1.2062918868371,1.80943783025565,2.4125837736742),(0.,1.),.UNSPECIFIED.);
#136=B_SPLINE_SURFACE_WITH_KNOTS('',3,1,((#1371,#1372),(#1373,#1374),(#1375,
#1376),(#1377,#1378),(#1379,#1380),(#1381,#1382),(#1383,#1384)),
 .SURF_OF_LINEAR_EXTRUSION.,.F.,.F.,.F.,(4,1,1,1,4),(2,2),(6.15067026045945,
6.9360684238569,7.72146658725435,8.50686475065179,9.29226291404924),(0.,
1.),.UNSPECIFIED.);
#137=B_SPLINE_SURFACE_WITH_KNOTS('',3,1,((#1468,#1469),(#1470,#1471),(#1472,
#1473),(#1474,#1475),(#1476,#1477)),.SURF_OF_LINEAR_EXTRUSION.,.F.,.F.,
 .F.,(4,1,4),(2,2),(3.07696743007582,4.64776375687072,6.21856008366562),
(0.,1.),.UNSPECIFIED.);
#138=B_SPLINE_SURFACE_WITH_KNOTS('',3,1,((#1486,#1487),(#1488,#1489),(#1490,
#1491),(#1492,#1493),(#1494,#1495)),.SURF_OF_LINEAR_EXTRUSION.,.F.,.F.,
 .F.,(4,1,4),(2,2),(3.07696743007582,4.64776375687072,6.21856008366562),
(0.,1.),.UNSPECIFIED.);
#139=B_SPLINE_SURFACE_WITH_KNOTS('',3,1,((#1504,#1505),(#1506,#1507),(#1508,
#1509),(#1510,#1511),(#1512,#1513)),.SURF_OF_LINEAR_EXTRUSION.,.F.,.F.,
 .F.,(4,1,4),(2,2),(3.20621787710376,4.77701420389866,6.34781053069356),
(0.,1.),.UNSPECIFIED.);
#140=B_SPLINE_SURFACE_WITH_KNOTS('',3,1,((#1522,#1523),(#1524,#1525),(#1526,
#1527),(#1528,#1529)),.SURF_OF_LINEAR_EXTRUSION.,.F.,.F.,.F.,(4,4),(2,2),
(2.44259151518918,3.14500332335149),(0.,1.),.PIECEWISE_BEZIER_KNOTS.);
#141=B_SPLINE_SURFACE_WITH_KNOTS('',3,1,((#1533,#1534),(#1535,#1536),(#1537,
#1538),(#1539,#1540)),.SURF_OF_LINEAR_EXTRUSION.,.F.,.F.,.F.,(4,4),(2,2),
(2.44259151518918,3.14500332335149),(0.,1.),.PIECEWISE_BEZIER_KNOTS.);
#142=B_SPLINE_SURFACE_WITH_KNOTS('',3,1,((#1544,#1545),(#1546,#1547),(#1548,
#1549),(#1550,#1551),(#1552,#1553)),.SURF_OF_LINEAR_EXTRUSION.,.F.,.F.,
 .F.,(4,1,4),(2,2),(2.26105840497199,2.84275871074578,3.42445901651957),
(0.,1.),.UNSPECIFIED.);
#143=B_SPLINE_SURFACE_WITH_KNOTS('',3,1,((#1615,#1616),(#1617,#1618),(#1619,
#1620),(#1621,#1622)),.SURF_OF_LINEAR_EXTRUSION.,.F.,.F.,.F.,(4,4),(2,2),
(2.77913845923213,3.13818198382809),(0.,1.),.PIECEWISE_BEZIER_KNOTS.);
#144=B_SPLINE_SURFACE_WITH_KNOTS('',3,1,((#1684,#1685),(#1686,#1687),(#1688,
#1689),(#1690,#1691),(#1692,#1693),(#1694,#1695),(#1696,#1697)),
 .SURF_OF_LINEAR_EXTRUSION.,.F.,.F.,.F.,(4,1,1,1,4),(2,2),(3.14500332335149,
3.70314169272138,4.26128006209126,4.81941843146114,5.37755680083103),(0.,
1.),.UNSPECIFIED.);
#145=B_SPLINE_SURFACE_WITH_KNOTS('',3,1,((#1716,#1717),(#1718,#1719),(#1720,
#1721),(#1722,#1723),(#1724,#1725),(#1726,#1727),(#1728,#1729)),
 .SURF_OF_LINEAR_EXTRUSION.,.F.,.F.,.F.,(4,1,1,1,4),(2,2),(3.14500332335149,
3.70314720466994,4.26129108598838,4.81943496730682,5.37757884862526),(0.,
1.),.UNSPECIFIED.);
#146=B_SPLINE_SURFACE_WITH_KNOTS('',3,1,((#1748,#1749),(#1750,#1751),(#1752,
#1753),(#1754,#1755)),.SURF_OF_LINEAR_EXTRUSION.,.F.,.F.,.F.,(4,4),(2,2),
(2.77913845923213,3.13818198382809),(0.,1.),.PIECEWISE_BEZIER_KNOTS.);
#147=B_SPLINE_SURFACE_WITH_KNOTS('',3,3,((#1826,#1827,#1828,#1829,#1830,
#1831,#1832,#1833,#1834,#1835),(#1836,#1837,#1838,#1839,#1840,#1841,#1842,
#1843,#1844,#1845),(#1846,#1847,#1848,#1849,#1850,#1851,#1852,#1853,#1854,
#1855),(#1856,#1857,#1858,#1859,#1860,#1861,#1862,#1863,#1864,#1865),(#1866,
#1867,#1868,#1869,#1870,#1871,#1872,#1873,#1874,#1875),(#1876,#1877,#1878,
#1879,#1880,#1881,#1882,#1883,#1884,#1885),(#1886,#1887,#1888,#1889,#1890,
#1891,#1892,#1893,#1894,#1895)),.UNSPECIFIED.,.F.,.F.,.F.,(4,3,4),(4,3,
3,4),(6.27336800935391E-8,1.00001749677632,1.00685866921772),(0.213995983355292,
0.226178307067969,0.379586765613301,0.380571686516779),
 .PIECEWISE_BEZIER_KNOTS.);
#148=B_SPLINE_SURFACE_WITH_KNOTS('',3,3,((#1916,#1917,#1918,#1919),(#1920,
#1921,#1922,#1923),(#1924,#1925,#1926,#1927),(#1928,#1929,#1930,#1931)),
 .UNSPECIFIED.,.F.,.F.,.F.,(4,4),(4,4),(0.,0.00329544483172072),(-1.40404404983841E-7,
1.00600032727918),.UNSPECIFIED.);
#149=B_SPLINE_SURFACE_WITH_KNOTS('',3,3,((#1978,#1979,#1980,#1981,#1982,
#1983,#1984,#1985,#1986,#1987),(#1988,#1989,#1990,#1991,#1992,#1993,#1994,
#1995,#1996,#1997),(#1998,#1999,#2000,#2001,#2002,#2003,#2004,#2005,#2006,
#2007),(#2008,#2009,#2010,#2011,#2012,#2013,#2014,#2015,#2016,#2017),(#2018,
#2019,#2020,#2021,#2022,#2023,#2024,#2025,#2026,#2027),(#2028,#2029,#2030,
#2031,#2032,#2033,#2034,#2035,#2036,#2037),(#2038,#2039,#2040,#2041,#2042,
#2043,#2044,#2045,#2046,#2047)),.UNSPECIFIED.,.F.,.F.,.F.,(4,3,4),(4,3,
3,4),(0.,1.00001277896355,1.00682933447546),(0.0275352564663347,0.0285272200645558,
0.181930590607503,0.194112174368707),.PIECEWISE_BEZIER_KNOTS.);
#150=B_SPLINE_SURFACE_WITH_KNOTS('',3,1,((#2772,#2773),(#2774,#2775),(#2776,
#2777),(#2778,#2779)),.SURF_OF_LINEAR_EXTRUSION.,.F.,.F.,.F.,(4,4),(2,2),
(3.13818198382809,4.02689161086043),(0.,1.),.PIECEWISE_BEZIER_KNOTS.);
#151=B_SPLINE_SURFACE_WITH_KNOTS('',3,1,((#2780,#2781),(#2782,#2783),(#2784,
#2785),(#2786,#2787),(#2788,#2789),(#2790,#2791),(#2792,#2793)),
 .SURF_OF_LINEAR_EXTRUSION.,.F.,.F.,.F.,(4,1,1,1,4),(2,2),(0.313558660897334,
1.02141982651087,1.72928099212441,2.43714215773795,3.14500332335149),(0.,
1.),.UNSPECIFIED.);
#152=B_SPLINE_SURFACE_WITH_KNOTS('',3,1,((#2794,#2795),(#2796,#2797),(#2798,
#2799),(#2800,#2801),(#2802,#2803),(#2804,#2805),(#2806,#2807)),
 .SURF_OF_LINEAR_EXTRUSION.,.F.,.F.,.F.,(4,1,1,1,4),(2,2),(0.313558660897327,
1.02141982651087,1.72928099212441,2.43714215773795,3.14500332335149),(0.,
1.),.UNSPECIFIED.);
#153=B_SPLINE_SURFACE_WITH_KNOTS('',3,1,((#2814,#2815),(#2816,#2817),(#2818,
#2819),(#2820,#2821)),.SURF_OF_LINEAR_EXTRUSION.,.F.,.F.,.F.,(4,4),(2,2),
(3.13818198382434,4.02689161090788),(0.,1.),.PIECEWISE_BEZIER_KNOTS.);
#154=B_SPLINE_SURFACE_WITH_KNOTS('',3,1,((#2830,#2831),(#2832,#2833),(#2834,
#2835),(#2836,#2837),(#2838,#2839)),.SURF_OF_LINEAR_EXTRUSION.,.F.,.F.,
 .F.,(4,1,4),(2,2),(3.42445901651957,4.00615856032019,4.58785810412081),
(0.,1.),.UNSPECIFIED.);
#155=B_SPLINE_SURFACE_WITH_KNOTS('',3,1,((#2840,#2841),(#2842,#2843),(#2844,
#2845),(#2846,#2847)),.SURF_OF_LINEAR_EXTRUSION.,.F.,.F.,.F.,(4,4),(2,2),
(3.14500332335149,3.84741513151503),(0.,1.),.PIECEWISE_BEZIER_KNOTS.);
#156=B_SPLINE_SURFACE_WITH_KNOTS('',3,1,((#2857,#2858),(#2859,#2860),(#2861,
#2862),(#2863,#2864)),.SURF_OF_LINEAR_EXTRUSION.,.F.,.F.,.F.,(4,4),(2,2),
(3.14500332335149,3.84741513151504),(0.,1.),.PIECEWISE_BEZIER_KNOTS.);
#157=B_SPLINE_SURFACE_WITH_KNOTS('',3,1,((#2875,#2876),(#2877,#2878),(#2879,
#2880),(#2881,#2882),(#2883,#2884)),.SURF_OF_LINEAR_EXTRUSION.,.F.,.F.,
 .F.,(4,1,4),(2,2),(0.0646252235139722,1.63542155030887,3.20621787710376),
(0.,1.),.UNSPECIFIED.);
#158=B_SPLINE_SURFACE_WITH_KNOTS('',3,1,((#2885,#2886),(#2887,#2888),(#2889,
#2890),(#2891,#2892),(#2893,#2894)),.SURF_OF_LINEAR_EXTRUSION.,.F.,.F.,
 .F.,(4,1,4),(2,2),(6.21856008366562,7.78935641046052,9.36015273725541),
(0.,1.),.UNSPECIFIED.);
#159=B_SPLINE_SURFACE_WITH_KNOTS('',3,1,((#2895,#2896),(#2897,#2898),(#2899,
#2900),(#2901,#2902),(#2903,#2904)),.SURF_OF_LINEAR_EXTRUSION.,.F.,.F.,
 .F.,(4,1,4),(2,2),(6.21856008366562,7.78935641046052,9.36015273725541),
(0.,1.),.UNSPECIFIED.);
#160=B_SPLINE_SURFACE_WITH_KNOTS('',3,1,((#2905,#2906),(#2907,#2908),(#2909,
#2910),(#2911,#2912),(#2913,#2914),(#2915,#2916),(#2917,#2918)),
 .SURF_OF_LINEAR_EXTRUSION.,.F.,.F.,.F.,(4,1,1,1,4),(2,2),(3.00907760686966,
3.7944757702671,4.57987393366455,5.365272097062,6.15067026045945),(0.,1.),
 .UNSPECIFIED.);
#161=B_SPLINE_SURFACE_WITH_KNOTS('',3,1,((#2938,#2939),(#2940,#2941),(#2942,
#2943),(#2944,#2945),(#2946,#2947),(#2948,#2949),(#2950,#2951)),
 .SURF_OF_LINEAR_EXTRUSION.,.F.,.F.,.F.,(4,1,1,1,4),(2,2),(3.87742287309642,
4.47971614905764,5.08200942501885,5.68430270098007,6.28659597694129),(0.,
1.),.UNSPECIFIED.);
#162=B_SPLINE_CURVE_WITH_KNOTS('',3,(#1295,#1296,#1297,#1298),
 .UNSPECIFIED.,.F.,.F.,(4,4),(0.20904057243396,0.242250511645841),
 .UNSPECIFIED.);
#163=B_SPLINE_CURVE_WITH_KNOTS('',3,(#1325,#1326,#1327,#1328,#1329,#1330,
#1331,#1332,#1333,#1334,#1335,#1336,#1337),.UNSPECIFIED.,.F.,.F.,(4,1,1,
1,1,1,1,1,1,1,4),(0.,0.125,0.1875,0.25,0.3125,0.375,0.5,0.625,0.75,0.875,
1.),.UNSPECIFIED.);
#164=B_SPLINE_CURVE_WITH_KNOTS('',3,(#1339,#1340,#1341,#1342,#1343,#1344,
#1345,#1346,#1347,#1348,#1349,#1350),.UNSPECIFIED.,.F.,.F.,(4,1,1,1,1,1,
1,1,1,4),(0.,0.125,0.25,0.375,0.5,0.625,0.75,0.875,0.9375,1.),
 .UNSPECIFIED.);
#165=B_SPLINE_CURVE_WITH_KNOTS('',3,(#1352,#1353,#1354,#1355,#1356,#1357,
#1358,#1359,#1360,#1361,#1362,#1363,#1364,#1365),.UNSPECIFIED.,.F.,.F.,
(4,1,1,1,1,1,1,1,1,1,1,4),(0.,0.125,0.1875,0.25,0.3125,0.375,0.4375,0.5,
0.625,0.75,0.875,1.),.UNSPECIFIED.);
#166=B_SPLINE_CURVE_WITH_KNOTS('',3,(#1388,#1389,#1390,#1391,#1392,#1393,
#1394,#1395,#1396),.UNSPECIFIED.,.F.,.F.,(4,1,1,1,1,1,4),(0.,0.25,0.5,0.75,
0.875,0.9375,1.),.UNSPECIFIED.);
#167=B_SPLINE_CURVE_WITH_KNOTS('',3,(#1400,#1401,#1402,#1403),
 .UNSPECIFIED.,.F.,.F.,(4,4),(1.20304603688131,1.23625597609319),
 .UNSPECIFIED.);
#168=B_SPLINE_CURVE_WITH_KNOTS('',3,(#1405,#1406,#1407,#1408),
 .UNSPECIFIED.,.F.,.F.,(4,4),(-5.54341640566297,-5.51020646645109),
 .UNSPECIFIED.);
#169=B_SPLINE_CURVE_WITH_KNOTS('',3,(#1412,#1413,#1414,#1415,#1416,#1417,
#1418,#1419,#1420,#1421),.UNSPECIFIED.,.F.,.F.,(4,1,1,1,1,1,1,4),(0.,0.25,
0.5,0.625,0.75,0.875,0.9375,1.),.UNSPECIFIED.);
#170=B_SPLINE_CURVE_WITH_KNOTS('',3,(#1425,#1426,#1427,#1428,#1429,#1430,
#1431,#1432,#1433,#1434,#1435),.UNSPECIFIED.,.F.,.F.,(4,1,1,1,1,1,1,1,4),
(0.,0.125,0.25,0.375,0.5,0.75,0.875,0.9375,1.),.UNSPECIFIED.);
#171=B_SPLINE_CURVE_WITH_KNOTS('',3,(#1437,#1438,#1439,#1440,#1441,#1442,
#1443,#1444,#1445,#1446,#1447,#1448,#1449,#1450,#1451,#1452,#1453,#1454,
#1455),.UNSPECIFIED.,.F.,.F.,(4,1,1,1,1,1,1,1,1,1,1,1,1,1,1,1,4),(0.,0.0625,
0.125,0.1875,0.25,0.3125,0.375,0.4375,0.5,0.5625,0.625,0.6875,0.75,0.8125,
0.875,0.9375,1.),.UNSPECIFIED.);
#172=B_SPLINE_CURVE_WITH_KNOTS('',3,(#1457,#1458,#1459,#1460,#1461,#1462,
#1463,#1464,#1465,#1466,#1467),.UNSPECIFIED.,.F.,.F.,(4,1,1,1,1,1,1,1,4),
(0.,0.125,0.25,0.5,0.625,0.75,0.875,0.9375,1.),.UNSPECIFIED.);
#173=B_SPLINE_CURVE_WITH_KNOTS('',3,(#1562,#1563,#1564,#1565,#1566,#1567,
#1568,#1569,#1570,#1571,#1572,#1573,#1574,#1575,#1576),.UNSPECIFIED.,.F.,
 .F.,(4,1,1,1,1,1,1,1,1,1,1,1,4),(0.,0.125,0.25,0.3125,0.375,0.5,0.625,
0.6875,0.75,0.8125,0.875,0.9375,1.),.UNSPECIFIED.);
#174=B_SPLINE_CURVE_WITH_KNOTS('',3,(#1578,#1579,#1580,#1581,#1582,#1583,
#1584,#1585),.UNSPECIFIED.,.F.,.F.,(4,1,1,1,1,4),(0.,0.25,0.5,0.75,0.875,
1.),.UNSPECIFIED.);
#175=B_SPLINE_CURVE_WITH_KNOTS('',3,(#1589,#1590,#1591,#1592),
 .UNSPECIFIED.,.F.,.F.,(4,4),(0.,1.),.UNSPECIFIED.);
#176=B_SPLINE_CURVE_WITH_KNOTS('',3,(#1594,#1595,#1596,#1597,#1598,#1599,
#1600,#1601),.UNSPECIFIED.,.F.,.F.,(4,1,1,1,1,4),(0.,0.25,0.5,0.75,0.875,
1.),.UNSPECIFIED.);
#177=B_SPLINE_CURVE_WITH_KNOTS('',3,(#1603,#1604,#1605,#1606,#1607,#1608,
#1609,#1610,#1611,#1612,#1613,#1614),.UNSPECIFIED.,.F.,.F.,(4,1,1,1,1,1,
1,1,1,4),(0.,0.125,0.25,0.375,0.5,0.625,0.75,0.875,0.9375,1.),
 .UNSPECIFIED.);
#178=B_SPLINE_CURVE_WITH_KNOTS('',3,(#1626,#1627,#1628,#1629,#1630,#1631,
#1632,#1633,#1634,#1635),.UNSPECIFIED.,.F.,.F.,(4,1,1,1,1,1,1,4),(0.,0.125,
0.25,0.375,0.5,0.75,0.875,1.),.UNSPECIFIED.);
#179=B_SPLINE_CURVE_WITH_KNOTS('',3,(#1652,#1653,#1654,#1655),
 .UNSPECIFIED.,.F.,.F.,(4,4),(0.,1.),.UNSPECIFIED.);
#180=B_SPLINE_CURVE_WITH_KNOTS('',3,(#1657,#1658,#1659,#1660),
 .UNSPECIFIED.,.F.,.F.,(4,4),(0.,1.),.UNSPECIFIED.);
#181=B_SPLINE_CURVE_WITH_KNOTS('',3,(#1668,#1669,#1670,#1671),
 .UNSPECIFIED.,.F.,.F.,(4,4),(0.,1.),.UNSPECIFIED.);
#182=B_SPLINE_CURVE_WITH_KNOTS('',3,(#1673,#1674,#1675,#1676),
 .UNSPECIFIED.,.F.,.F.,(4,4),(0.,1.),.UNSPECIFIED.);
#183=B_SPLINE_CURVE_WITH_KNOTS('',3,(#1705,#1706,#1707,#1708,#1709,#1710),
 .UNSPECIFIED.,.F.,.F.,(4,1,1,4),(0.,0.25,0.5,1.),.UNSPECIFIED.);
#184=B_SPLINE_CURVE_WITH_KNOTS('',3,(#1737,#1738,#1739,#1740,#1741,#1742),
 .UNSPECIFIED.,.F.,.F.,(4,1,1,4),(0.,0.5,0.75,1.),.UNSPECIFIED.);
#185=B_SPLINE_CURVE_WITH_KNOTS('',3,(#1814,#1815,#1816,#1817,#1818,#1819,
#1820,#1821,#1822,#1823,#1824,#1825),.UNSPECIFIED.,.F.,.F.,(4,1,1,1,1,1,
1,1,1,4),(0.,0.25,0.375,0.5,0.625,0.6875,0.75,0.8125,0.875,1.),
 .UNSPECIFIED.);
#186=B_SPLINE_CURVE_WITH_KNOTS('',3,(#1901,#1902,#1903,#1904),
 .UNSPECIFIED.,.F.,.F.,(4,4),(0.,1.),.UNSPECIFIED.);
#187=B_SPLINE_CURVE_WITH_KNOTS('',3,(#1906,#1907,#1908,#1909),
 .UNSPECIFIED.,.F.,.F.,(4,4),(0.,1.),.UNSPECIFIED.);
#188=B_SPLINE_CURVE_WITH_KNOTS('',3,(#1911,#1912,#1913,#1914,#1915),
 .UNSPECIFIED.,.F.,.F.,(4,1,4),(0.,0.5,1.),.UNSPECIFIED.);
#189=B_SPLINE_CURVE_WITH_KNOTS('',3,(#1932,#1933,#1934,#1935,#1936,#1937),
 .UNSPECIFIED.,.F.,.F.,(4,2,4),(-0.0118060819848883,-0.00590387820449651,
-1.00000012381168E-6),.UNSPECIFIED.);
#190=B_SPLINE_CURVE_WITH_KNOTS('',3,(#1939,#1940,#1941,#1942,#1943,#1944,
#1945,#1946,#1947,#1948,#1949,#1950,#1951),.UNSPECIFIED.,.F.,.F.,(4,3,3,
3,4),(9.99999542832675E-7,0.0319846353018797,0.0495213014937674,0.0800063923760232,
0.0886101323654175),.UNSPECIFIED.);
#191=B_SPLINE_CURVE_WITH_KNOTS('',3,(#1953,#1954,#1955,#1956,#1957,#1958,
#1959,#1960,#1961,#1962,#1963,#1964,#1965),.UNSPECIFIED.,.F.,.F.,(4,3,3,
3,4),(7.85429459156923E-18,0.000447808656123336,0.000895617312246665,0.00134342596836999,
0.00179123462432085),.UNSPECIFIED.);
#192=B_SPLINE_CURVE_WITH_KNOTS('',3,(#1969,#1970,#1971,#1972),
 .UNSPECIFIED.,.F.,.F.,(4,4),(0.,1.),.UNSPECIFIED.);
#193=B_SPLINE_CURVE_WITH_KNOTS('',3,(#1974,#1975,#1976,#1977),
 .UNSPECIFIED.,.F.,.F.,(4,4),(0.,1.),.UNSPECIFIED.);
#194=B_SPLINE_CURVE_WITH_KNOTS('',3,(#2048,#2049,#2050,#2051,#2052),
 .UNSPECIFIED.,.F.,.F.,(4,1,4),(0.,0.5,1.),.UNSPECIFIED.);
#195=B_SPLINE_CURVE_WITH_KNOTS('',3,(#2059,#2060,#2061,#2062,#2063),
 .UNSPECIFIED.,.F.,.F.,(4,1,4),(0.,0.5,1.),.UNSPECIFIED.);
#196=B_SPLINE_CURVE_WITH_KNOTS('',3,(#2065,#2066,#2067,#2068),
 .UNSPECIFIED.,.F.,.F.,(4,4),(0.,1.),.UNSPECIFIED.);
#197=B_SPLINE_CURVE_WITH_KNOTS('',3,(#2087,#2088,#2089,#2090,#2091,#2092),
 .UNSPECIFIED.,.F.,.F.,(4,2,4),(1.00000012364515E-6,0.00590405488365231,
0.0118064690943865),.UNSPECIFIED.);
#198=B_SPLINE_CURVE_WITH_KNOTS('',3,(#2094,#2095,#2096,#2097),
 .UNSPECIFIED.,.F.,.F.,(4,4),(0.,1.),.UNSPECIFIED.);
#199=B_SPLINE_CURVE_WITH_KNOTS('',3,(#2099,#2100,#2101,#2102),
 .UNSPECIFIED.,.F.,.F.,(4,4),(0.,1.),.UNSPECIFIED.);
#200=B_SPLINE_CURVE_WITH_KNOTS('',3,(#2106,#2107,#2108,#2109,#2110,#2111,
#2112,#2113,#2114,#2115),.UNSPECIFIED.,.F.,.F.,(4,2,2,2,4),(2.71758694333589E-13,
0.000617813042942846,0.000895617312246144,0.00146349882056823,0.00179123462449229),
 .UNSPECIFIED.);
#201=B_SPLINE_CURVE_WITH_KNOTS('',3,(#2117,#2118,#2119,#2120,#2121,#2122,
#2123,#2124,#2125,#2126,#2127,#2128,#2129),.UNSPECIFIED.,.F.,.F.,(4,3,3,
3,4),(0.0103054386121819,0.0404591036368178,0.0489281278232887,0.0805468435618473,
0.0978560296921577),.UNSPECIFIED.);
#202=B_SPLINE_CURVE_WITH_KNOTS('',3,(#2194,#2195,#2196,#2197,#2198,#2199,
#2200,#2201,#2202,#2203,#2204,#2205),.UNSPECIFIED.,.F.,.F.,(4,1,1,1,1,1,
1,1,1,4),(0.,0.125,0.1875,0.25,0.3125,0.375,0.5,0.625,0.75,1.),
 .UNSPECIFIED.);
#203=B_SPLINE_CURVE_WITH_KNOTS('',3,(#2280,#2281,#2282,#2283,#2284,#2285),
 .UNSPECIFIED.,.F.,.F.,(4,2,4),(-0.0378496433373339,-0.0188422037082451,
-1.37539972695083E-6),.UNSPECIFIED.);
#204=B_SPLINE_CURVE_WITH_KNOTS('',3,(#2287,#2288,#2289,#2290),
 .UNSPECIFIED.,.F.,.F.,(4,4),(0.,1.),.UNSPECIFIED.);
#205=B_SPLINE_CURVE_WITH_KNOTS('',3,(#2292,#2293,#2294,#2295),
 .UNSPECIFIED.,.F.,.F.,(4,4),(0.,1.),.UNSPECIFIED.);
#206=B_SPLINE_CURVE_WITH_KNOTS('',3,(#2296,#2297,#2298,#2299,#2300,#2301,
#2302,#2303,#2304,#2305,#2306,#2307),.UNSPECIFIED.,.F.,.F.,(4,1,1,1,1,1,
1,1,1,4),(0.,0.125,0.25,0.5,0.625,0.75,0.875,0.9375,0.96875,1.),
 .UNSPECIFIED.);
#207=B_SPLINE_CURVE_WITH_KNOTS('',3,(#2320,#2321,#2322,#2323,#2324,#2325,
#2326,#2327),.UNSPECIFIED.,.F.,.F.,(4,2,2,4),(0.00605912012168578,0.00678043013926794,
0.00688056059636793,0.00729479211205977),.UNSPECIFIED.);
#208=B_SPLINE_CURVE_WITH_KNOTS('',3,(#2342,#2343,#2344,#2345,#2346,#2347,
#2348,#2349),.UNSPECIFIED.,.F.,.F.,(4,2,2,4),(0.,0.000698313277584029,0.000813589835350257,
0.00122386247104537),.UNSPECIFIED.);
#209=B_SPLINE_CURVE_WITH_KNOTS('',3,(#2422,#2423,#2424,#2425),
 .UNSPECIFIED.,.F.,.F.,(4,4),(0.,1.),.UNSPECIFIED.);
#210=B_SPLINE_CURVE_WITH_KNOTS('',3,(#2427,#2428,#2429,#2430),
 .UNSPECIFIED.,.F.,.F.,(4,4),(0.,1.),.UNSPECIFIED.);
#211=B_SPLINE_CURVE_WITH_KNOTS('',3,(#2432,#2433,#2434,#2435,#2436,#2437),
 .UNSPECIFIED.,.F.,.F.,(4,2,4),(1.00012671805827E-6,0.0187968640128605,
0.0374280624223894),.UNSPECIFIED.);
#212=B_SPLINE_CURVE_WITH_KNOTS('',3,(#2438,#2439,#2440,#2441,#2442,#2443,
#2444,#2445,#2446,#2447,#2448,#2449,#2450,#2451),.UNSPECIFIED.,.F.,.F.,
(4,1,1,1,1,1,1,1,1,1,1,4),(0.,0.0625,0.125,0.25,0.5,0.625,0.75,0.8125,0.875,
0.9375,0.96875,1.),.UNSPECIFIED.);
#213=B_SPLINE_CURVE_WITH_KNOTS('',3,(#2453,#2454,#2455,#2456,#2457,#2458,
#2459,#2460,#2461,#2462),.UNSPECIFIED.,.F.,.F.,(4,2,2,2,4),(2.58541610688846,
2.8635043802391,3.14159265358973,3.41968092694036,3.69776920029099),
 .UNSPECIFIED.);
#214=B_SPLINE_CURVE_WITH_KNOTS('',3,(#2512,#2513,#2514,#2515,#2516,#2517),
 .UNSPECIFIED.,.F.,.F.,(4,1,1,4),(0.,0.25,0.5,1.),.UNSPECIFIED.);
#215=B_SPLINE_CURVE_WITH_KNOTS('',3,(#2623,#2624,#2625,#2626,#2627,#2628,
#2629,#2630,#2631,#2632,#2633,#2634),.UNSPECIFIED.,.F.,.F.,(4,1,1,1,1,1,
1,1,1,4),(0.,0.125,0.25,0.375,0.5,0.625,0.75,0.875,0.9375,1.),
 .UNSPECIFIED.);
#216=B_SPLINE_CURVE_WITH_KNOTS('',3,(#2677,#2678,#2679,#2680,#2681,#2682),
 .UNSPECIFIED.,.F.,.F.,(4,1,1,4),(0.,0.5,0.75,1.),.UNSPECIFIED.);
#217=B_SPLINE_CURVE_WITH_KNOTS('',3,(#2684,#2685,#2686,#2687,#2688,#2689,
#2690,#2691),.UNSPECIFIED.,.F.,.F.,(4,1,1,1,1,4),(0.,0.25,0.5,0.75,0.875,
1.),.UNSPECIFIED.);
#218=B_SPLINE_CURVE_WITH_KNOTS('',3,(#2716,#2717,#2718,#2719,#2720,#2721,
#2722,#2723,#2724,#2725,#2726,#2727),.UNSPECIFIED.,.F.,.F.,(4,1,1,1,1,1,
1,1,1,4),(0.,0.125,0.25,0.375,0.5,0.625,0.75,0.875,0.9375,1.),
 .UNSPECIFIED.);
#219=B_SPLINE_CURVE_WITH_KNOTS('',3,(#2758,#2759,#2760,#2761),
 .UNSPECIFIED.,.F.,.F.,(4,4),(0.,1.),.UNSPECIFIED.);
#220=B_SPLINE_CURVE_WITH_KNOTS('',3,(#2768,#2769,#2770,#2771),
 .UNSPECIFIED.,.F.,.F.,(4,4),(-4.54941094121561,-4.51620100200373),
 .UNSPECIFIED.);
#221=B_SPLINE_CURVE_WITH_KNOTS('',3,(#2808,#2809,#2810,#2811),
 .UNSPECIFIED.,.F.,.F.,(4,4),(0.,1.),.UNSPECIFIED.);
#222=B_SPLINE_CURVE_WITH_KNOTS('',3,(#2822,#2823,#2824,#2825,#2826,#2827,
#2828,#2829),.UNSPECIFIED.,.F.,.F.,(4,1,1,1,1,4),(0.,0.0018125754732257,
0.00271886320983855,0.0036251509464514,0.00543772641967711,0.00725030189290281),
 .UNSPECIFIED.);
#223=B_SPLINE_CURVE_WITH_KNOTS('',3,(#2848,#2849,#2850,#2851,#2852,#2853,
#2854,#2855,#2856),.UNSPECIFIED.,.F.,.F.,(4,1,1,1,1,1,4),(0.,0.25,0.5,0.75,
0.875,0.9375,1.),.UNSPECIFIED.);
#224=B_SPLINE_CURVE_WITH_KNOTS('',3,(#2865,#2866,#2867,#2868,#2869,#2870,
#2871,#2872,#2873,#2874),.UNSPECIFIED.,.F.,.F.,(4,1,1,1,1,1,1,4),(0.,0.25,
0.5,0.625,0.75,0.875,0.9375,1.),.UNSPECIFIED.);
#225=B_SPLINE_CURVE_WITH_KNOTS('',3,(#2919,#2920,#2921,#2922,#2923,#2924,
#2925,#2926,#2927,#2928),.UNSPECIFIED.,.F.,.F.,(4,1,1,1,1,1,1,4),(0.,0.25,
0.5,0.625,0.75,0.875,0.9375,1.),.UNSPECIFIED.);
#226=B_SPLINE_CURVE_WITH_KNOTS('',3,(#2929,#2930,#2931,#2932,#2933,#2934,
#2935,#2936,#2937),.UNSPECIFIED.,.F.,.F.,(4,1,1,1,1,1,4),(0.,0.25,0.5,0.75,
0.875,0.9375,1.),.UNSPECIFIED.);
#227=(
BOUNDED_CURVE()
B_SPLINE_CURVE(3,(#1290,#1291,#1292,#1293),.CIRCULAR_ARC.,.F.,.F.)
B_SPLINE_CURVE_WITH_KNOTS((4,4),(0.,1.),.UNSPECIFIED.)
CURVE()
GEOMETRIC_REPRESENTATION_ITEM()
RATIONAL_B_SPLINE_CURVE((1.,0.569171510473889,0.569171510473889,1.))
REPRESENTATION_ITEM('')
);
#228=(
BOUNDED_CURVE()
B_SPLINE_CURVE(3,(#1300,#1301,#1302,#1303),.CIRCULAR_ARC.,.F.,.F.)
B_SPLINE_CURVE_WITH_KNOTS((4,4),(0.,1.),.UNSPECIFIED.)
CURVE()
GEOMETRIC_REPRESENTATION_ITEM()
RATIONAL_B_SPLINE_CURVE((1.,0.576518561373128,0.576518561373128,1.))
REPRESENTATION_ITEM('')
);
#229=(
BOUNDED_CURVE()
B_SPLINE_CURVE(3,(#1320,#1321,#1322,#1323),.CIRCULAR_ARC.,.F.,.F.)
B_SPLINE_CURVE_WITH_KNOTS((4,4),(0.,1.),.UNSPECIFIED.)
CURVE()
GEOMETRIC_REPRESENTATION_ITEM()
RATIONAL_B_SPLINE_CURVE((1.,0.576518557951576,0.576518557951576,1.))
REPRESENTATION_ITEM('')
);
#230=(
BOUNDED_CURVE()
B_SPLINE_CURVE(3,(#1367,#1368,#1369,#1370),.CIRCULAR_ARC.,.F.,.F.)
B_SPLINE_CURVE_WITH_KNOTS((4,4),(0.,1.),.UNSPECIFIED.)
CURVE()
GEOMETRIC_REPRESENTATION_ITEM()
RATIONAL_B_SPLINE_CURVE((1.,0.576518554530096,0.576518554530096,1.))
REPRESENTATION_ITEM('')
);
#231=(
BOUNDED_CURVE()
B_SPLINE_CURVE(3,(#1557,#1558,#1559,#1560),.UNSPECIFIED.,.F.,.F.)
B_SPLINE_CURVE_WITH_KNOTS((4,4),(-3.90798504668055E-13,0.483779744084393),
 .UNSPECIFIED.)
CURVE()
GEOMETRIC_REPRESENTATION_ITEM()
RATIONAL_B_SPLINE_CURVE((1.,0.98059134196572,0.98059134196572,1.))
REPRESENTATION_ITEM('')
);
#232=(
BOUNDED_CURVE()
B_SPLINE_CURVE(3,(#1645,#1646,#1647,#1648),.CIRCULAR_ARC.,.F.,.F.)
B_SPLINE_CURVE_WITH_KNOTS((4,4),(0.,1.),.UNSPECIFIED.)
CURVE()
GEOMETRIC_REPRESENTATION_ITEM()
RATIONAL_B_SPLINE_CURVE((1.,0.543898395855042,0.543898395855042,1.))
REPRESENTATION_ITEM('')
);
#233=(
BOUNDED_CURVE()
B_SPLINE_CURVE(3,(#1680,#1681,#1682,#1683),.CIRCULAR_ARC.,.F.,.F.)
B_SPLINE_CURVE_WITH_KNOTS((4,4),(0.,1.),.UNSPECIFIED.)
CURVE()
GEOMETRIC_REPRESENTATION_ITEM()
RATIONAL_B_SPLINE_CURVE((1.,0.543898416295004,0.543898416295004,1.))
REPRESENTATION_ITEM('')
);
#234=(
BOUNDED_CURVE()
B_SPLINE_CURVE(3,(#1700,#1701,#1702,#1703),.CIRCULAR_ARC.,.F.,.F.)
B_SPLINE_CURVE_WITH_KNOTS((4,4),(0.,1.),.UNSPECIFIED.)
CURVE()
GEOMETRIC_REPRESENTATION_ITEM()
RATIONAL_B_SPLINE_CURVE((1.,0.630001816701312,0.630001816701312,1.))
REPRESENTATION_ITEM('')
);
#235=(
BOUNDED_CURVE()
B_SPLINE_CURVE(3,(#1712,#1713,#1714,#1715),.CIRCULAR_ARC.,.F.,.F.)
B_SPLINE_CURVE_WITH_KNOTS((4,4),(0.,1.),.UNSPECIFIED.)
CURVE()
GEOMETRIC_REPRESENTATION_ITEM()
RATIONAL_B_SPLINE_CURVE((1.,0.655692977534694,0.655692977534694,1.))
REPRESENTATION_ITEM('')
);
#236=(
BOUNDED_CURVE()
B_SPLINE_CURVE(3,(#1732,#1733,#1734,#1735),.CIRCULAR_ARC.,.F.,.F.)
B_SPLINE_CURVE_WITH_KNOTS((4,4),(0.,1.),.UNSPECIFIED.)
CURVE()
GEOMETRIC_REPRESENTATION_ITEM()
RATIONAL_B_SPLINE_CURVE((1.,0.655693301776491,0.655693301776491,1.))
REPRESENTATION_ITEM('')
);
#237=(
BOUNDED_CURVE()
B_SPLINE_CURVE(3,(#1744,#1745,#1746,#1747),.CIRCULAR_ARC.,.F.,.F.)
B_SPLINE_CURVE_WITH_KNOTS((4,4),(0.,1.),.UNSPECIFIED.)
CURVE()
GEOMETRIC_REPRESENTATION_ITEM()
RATIONAL_B_SPLINE_CURVE((1.,0.629995273523358,0.629995273523358,1.))
REPRESENTATION_ITEM('')
);
#238=(
BOUNDED_CURVE()
B_SPLINE_CURVE(3,(#1762,#1763,#1764,#1765),.CIRCULAR_ARC.,.F.,.F.)
B_SPLINE_CURVE_WITH_KNOTS((4,4),(0.,1.),.UNSPECIFIED.)
CURVE()
GEOMETRIC_REPRESENTATION_ITEM()
RATIONAL_B_SPLINE_CURVE((1.,0.569171510473893,0.569171510473893,1.))
REPRESENTATION_ITEM('')
);
#239=(
BOUNDED_CURVE()
B_SPLINE_CURVE(3,(#1896,#1897,#1898,#1899),.UNSPECIFIED.,.F.,.F.)
B_SPLINE_CURVE_WITH_KNOTS((4,4),(2.07336112667815,2.08402832581185),
 .UNSPECIFIED.)
CURVE()
GEOMETRIC_REPRESENTATION_ITEM()
RATIONAL_B_SPLINE_CURVE((1.,0.999990517594366,0.999990517594366,1.))
REPRESENTATION_ITEM('')
);
#240=(
BOUNDED_CURVE()
B_SPLINE_CURVE(3,(#2054,#2055,#2056,#2057),.UNSPECIFIED.,.F.,.F.)
B_SPLINE_CURVE_WITH_KNOTS((4,4),(5.21069074310131,5.22145460580191),
 .UNSPECIFIED.)
CURVE()
GEOMETRIC_REPRESENTATION_ITEM()
RATIONAL_B_SPLINE_CURVE((1.,0.999990344961618,0.999990344961618,1.))
REPRESENTATION_ITEM('')
);
#241=(
BOUNDED_CURVE()
B_SPLINE_CURVE(3,(#2464,#2465,#2466,#2467),.UNSPECIFIED.,.F.,.F.)
B_SPLINE_CURVE_WITH_KNOTS((4,4),(5.79940556309442,6.28318530717959),
 .UNSPECIFIED.)
CURVE()
GEOMETRIC_REPRESENTATION_ITEM()
RATIONAL_B_SPLINE_CURVE((1.,0.980591341965689,0.980591341965689,1.))
REPRESENTATION_ITEM('')
);
#242=(
BOUNDED_CURVE()
B_SPLINE_CURVE(3,(#2693,#2694,#2695,#2696),.CIRCULAR_ARC.,.F.,.F.)
B_SPLINE_CURVE_WITH_KNOTS((4,4),(0.,1.),.UNSPECIFIED.)
CURVE()
GEOMETRIC_REPRESENTATION_ITEM()
RATIONAL_B_SPLINE_CURVE((1.,0.569171510473889,0.569171510473889,1.))
REPRESENTATION_ITEM('')
);
#243=(
BOUNDED_CURVE()
B_SPLINE_CURVE(3,(#2705,#2706,#2707,#2708),.CIRCULAR_ARC.,.F.,.F.)
B_SPLINE_CURVE_WITH_KNOTS((4,4),(0.,1.),.UNSPECIFIED.)
CURVE()
GEOMETRIC_REPRESENTATION_ITEM()
RATIONAL_B_SPLINE_CURVE((1.,0.569171510473894,0.569171510473894,1.))
REPRESENTATION_ITEM('')
);
#244=(
BOUNDED_CURVE()
B_SPLINE_CURVE(3,(#2763,#2764,#2765,#2766),.CIRCULAR_ARC.,.F.,.F.)
B_SPLINE_CURVE_WITH_KNOTS((4,4),(0.,1.),.UNSPECIFIED.)
CURVE()
GEOMETRIC_REPRESENTATION_ITEM()
RATIONAL_B_SPLINE_CURVE((1.,0.576518557951612,0.576518557951612,1.))
REPRESENTATION_ITEM('')
);
#245=ORIENTED_EDGE('',*,*,#543,.F.);
#246=ORIENTED_EDGE('',*,*,#544,.F.);
#247=ORIENTED_EDGE('',*,*,#545,.F.);
#248=ORIENTED_EDGE('',*,*,#546,.F.);
#249=ORIENTED_EDGE('',*,*,#547,.F.);
#250=ORIENTED_EDGE('',*,*,#548,.T.);
#251=ORIENTED_EDGE('',*,*,#549,.T.);
#252=ORIENTED_EDGE('',*,*,#550,.F.);
#253=ORIENTED_EDGE('',*,*,#551,.T.);
#254=ORIENTED_EDGE('',*,*,#552,.T.);
#255=ORIENTED_EDGE('',*,*,#553,.T.);
#256=ORIENTED_EDGE('',*,*,#554,.F.);
#257=ORIENTED_EDGE('',*,*,#555,.F.);
#258=ORIENTED_EDGE('',*,*,#556,.T.);
#259=ORIENTED_EDGE('',*,*,#551,.F.);
#260=ORIENTED_EDGE('',*,*,#557,.T.);
#261=ORIENTED_EDGE('',*,*,#549,.F.);
#262=ORIENTED_EDGE('',*,*,#558,.T.);
#263=ORIENTED_EDGE('',*,*,#559,.F.);
#264=ORIENTED_EDGE('',*,*,#560,.F.);
#265=ORIENTED_EDGE('',*,*,#561,.F.);
#266=ORIENTED_EDGE('',*,*,#562,.T.);
#267=ORIENTED_EDGE('',*,*,#563,.T.);
#268=ORIENTED_EDGE('',*,*,#564,.T.);
#269=ORIENTED_EDGE('',*,*,#565,.F.);
#270=ORIENTED_EDGE('',*,*,#566,.F.);
#271=ORIENTED_EDGE('',*,*,#567,.T.);
#272=ORIENTED_EDGE('',*,*,#568,.F.);
#273=ORIENTED_EDGE('',*,*,#569,.F.);
#274=ORIENTED_EDGE('',*,*,#570,.F.);
#275=ORIENTED_EDGE('',*,*,#571,.T.);
#276=ORIENTED_EDGE('',*,*,#572,.F.);
#277=ORIENTED_EDGE('',*,*,#573,.F.);
#278=ORIENTED_EDGE('',*,*,#574,.F.);
#279=ORIENTED_EDGE('',*,*,#575,.T.);
#280=ORIENTED_EDGE('',*,*,#576,.F.);
#281=ORIENTED_EDGE('',*,*,#577,.F.);
#282=ORIENTED_EDGE('',*,*,#578,.T.);
#283=ORIENTED_EDGE('',*,*,#554,.T.);
#284=ORIENTED_EDGE('',*,*,#579,.F.);
#285=ORIENTED_EDGE('',*,*,#560,.T.);
#286=ORIENTED_EDGE('',*,*,#580,.F.);
#287=ORIENTED_EDGE('',*,*,#581,.F.);
#288=ORIENTED_EDGE('',*,*,#582,.T.);
#289=ORIENTED_EDGE('',*,*,#583,.F.);
#290=ORIENTED_EDGE('',*,*,#584,.F.);
#291=ORIENTED_EDGE('',*,*,#585,.T.);
#292=ORIENTED_EDGE('',*,*,#586,.F.);
#293=ORIENTED_EDGE('',*,*,#587,.T.);
#294=ORIENTED_EDGE('',*,*,#588,.T.);
#295=ORIENTED_EDGE('',*,*,#589,.F.);
#296=ORIENTED_EDGE('',*,*,#590,.T.);
#297=ORIENTED_EDGE('',*,*,#591,.T.);
#298=ORIENTED_EDGE('',*,*,#592,.F.);
#299=ORIENTED_EDGE('',*,*,#593,.F.);
#300=ORIENTED_EDGE('',*,*,#594,.T.);
#301=ORIENTED_EDGE('',*,*,#595,.F.);
#302=ORIENTED_EDGE('',*,*,#596,.F.);
#303=ORIENTED_EDGE('',*,*,#597,.F.);
#304=ORIENTED_EDGE('',*,*,#598,.T.);
#305=ORIENTED_EDGE('',*,*,#599,.F.);
#306=ORIENTED_EDGE('',*,*,#600,.F.);
#307=ORIENTED_EDGE('',*,*,#601,.T.);
#308=ORIENTED_EDGE('',*,*,#602,.F.);
#309=ORIENTED_EDGE('',*,*,#603,.F.);
#310=ORIENTED_EDGE('',*,*,#604,.F.);
#311=ORIENTED_EDGE('',*,*,#605,.F.);
#312=ORIENTED_EDGE('',*,*,#606,.F.);
#313=ORIENTED_EDGE('',*,*,#607,.T.);
#314=ORIENTED_EDGE('',*,*,#608,.F.);
#315=ORIENTED_EDGE('',*,*,#609,.T.);
#316=ORIENTED_EDGE('',*,*,#610,.F.);
#317=ORIENTED_EDGE('',*,*,#611,.F.);
#318=ORIENTED_EDGE('',*,*,#612,.F.);
#319=ORIENTED_EDGE('',*,*,#613,.T.);
#320=ORIENTED_EDGE('',*,*,#614,.F.);
#321=ORIENTED_EDGE('',*,*,#615,.F.);
#322=ORIENTED_EDGE('',*,*,#584,.T.);
#323=ORIENTED_EDGE('',*,*,#616,.F.);
#324=ORIENTED_EDGE('',*,*,#617,.F.);
#325=ORIENTED_EDGE('',*,*,#558,.F.);
#326=ORIENTED_EDGE('',*,*,#548,.F.);
#327=ORIENTED_EDGE('',*,*,#598,.F.);
#328=ORIENTED_EDGE('',*,*,#597,.T.);
#329=ORIENTED_EDGE('',*,*,#596,.T.);
#330=ORIENTED_EDGE('',*,*,#618,.T.);
#331=ORIENTED_EDGE('',*,*,#562,.F.);
#332=ORIENTED_EDGE('',*,*,#619,.F.);
#333=ORIENTED_EDGE('',*,*,#612,.T.);
#334=ORIENTED_EDGE('',*,*,#620,.F.);
#335=ORIENTED_EDGE('',*,*,#621,.T.);
#336=ORIENTED_EDGE('',*,*,#622,.T.);
#337=ORIENTED_EDGE('',*,*,#621,.F.);
#338=ORIENTED_EDGE('',*,*,#623,.T.);
#339=ORIENTED_EDGE('',*,*,#624,.F.);
#340=ORIENTED_EDGE('',*,*,#625,.F.);
#341=ORIENTED_EDGE('',*,*,#626,.T.);
#342=ORIENTED_EDGE('',*,*,#627,.F.);
#343=ORIENTED_EDGE('',*,*,#628,.F.);
#344=ORIENTED_EDGE('',*,*,#629,.T.);
#345=ORIENTED_EDGE('',*,*,#608,.T.);
#346=ORIENTED_EDGE('',*,*,#630,.T.);
#347=ORIENTED_EDGE('',*,*,#631,.F.);
#348=ORIENTED_EDGE('',*,*,#632,.T.);
#349=ORIENTED_EDGE('',*,*,#633,.T.);
#350=ORIENTED_EDGE('',*,*,#632,.F.);
#351=ORIENTED_EDGE('',*,*,#634,.F.);
#352=ORIENTED_EDGE('',*,*,#635,.F.);
#353=ORIENTED_EDGE('',*,*,#636,.F.);
#354=ORIENTED_EDGE('',*,*,#637,.F.);
#355=ORIENTED_EDGE('',*,*,#638,.F.);
#356=ORIENTED_EDGE('',*,*,#629,.F.);
#357=ORIENTED_EDGE('',*,*,#633,.F.);
#358=ORIENTED_EDGE('',*,*,#639,.F.);
#359=ORIENTED_EDGE('',*,*,#591,.F.);
#360=ORIENTED_EDGE('',*,*,#640,.T.);
#361=ORIENTED_EDGE('',*,*,#641,.F.);
#362=ORIENTED_EDGE('',*,*,#609,.F.);
#363=ORIENTED_EDGE('',*,*,#570,.T.);
#364=ORIENTED_EDGE('',*,*,#642,.T.);
#365=ORIENTED_EDGE('',*,*,#620,.T.);
#366=ORIENTED_EDGE('',*,*,#611,.T.);
#367=ORIENTED_EDGE('',*,*,#643,.T.);
#368=ORIENTED_EDGE('',*,*,#585,.F.);
#369=ORIENTED_EDGE('',*,*,#615,.T.);
#370=ORIENTED_EDGE('',*,*,#644,.T.);
#371=ORIENTED_EDGE('',*,*,#623,.F.);
#372=ORIENTED_EDGE('',*,*,#645,.T.);
#373=ORIENTED_EDGE('',*,*,#568,.T.);
#374=ORIENTED_EDGE('',*,*,#593,.T.);
#375=ORIENTED_EDGE('',*,*,#646,.T.);
#376=ORIENTED_EDGE('',*,*,#647,.T.);
#377=ORIENTED_EDGE('',*,*,#572,.T.);
#378=ORIENTED_EDGE('',*,*,#600,.T.);
#379=ORIENTED_EDGE('',*,*,#648,.T.);
#380=ORIENTED_EDGE('',*,*,#566,.T.);
#381=ORIENTED_EDGE('',*,*,#649,.T.);
#382=ORIENTED_EDGE('',*,*,#602,.T.);
#383=ORIENTED_EDGE('',*,*,#564,.F.);
#384=ORIENTED_EDGE('',*,*,#650,.T.);
#385=ORIENTED_EDGE('',*,*,#604,.T.);
#386=ORIENTED_EDGE('',*,*,#603,.T.);
#387=ORIENTED_EDGE('',*,*,#651,.F.);
#388=ORIENTED_EDGE('',*,*,#634,.T.);
#389=ORIENTED_EDGE('',*,*,#631,.T.);
#390=ORIENTED_EDGE('',*,*,#652,.T.);
#391=ORIENTED_EDGE('',*,*,#653,.T.);
#392=ORIENTED_EDGE('',*,*,#654,.T.);
#393=ORIENTED_EDGE('',*,*,#655,.F.);
#394=ORIENTED_EDGE('',*,*,#656,.F.);
#395=ORIENTED_EDGE('',*,*,#635,.T.);
#396=ORIENTED_EDGE('',*,*,#651,.T.);
#397=ORIENTED_EDGE('',*,*,#657,.F.);
#398=ORIENTED_EDGE('',*,*,#627,.T.);
#399=ORIENTED_EDGE('',*,*,#658,.F.);
#400=ORIENTED_EDGE('',*,*,#659,.T.);
#401=ORIENTED_EDGE('',*,*,#660,.T.);
#402=ORIENTED_EDGE('',*,*,#661,.F.);
#403=ORIENTED_EDGE('',*,*,#622,.F.);
#404=ORIENTED_EDGE('',*,*,#628,.T.);
#405=ORIENTED_EDGE('',*,*,#657,.T.);
#406=ORIENTED_EDGE('',*,*,#662,.F.);
#407=ORIENTED_EDGE('',*,*,#663,.T.);
#408=ORIENTED_EDGE('',*,*,#625,.T.);
#409=ORIENTED_EDGE('',*,*,#664,.T.);
#410=ORIENTED_EDGE('',*,*,#582,.F.);
#411=ORIENTED_EDGE('',*,*,#665,.F.);
#412=ORIENTED_EDGE('',*,*,#666,.T.);
#413=ORIENTED_EDGE('',*,*,#637,.T.);
#414=ORIENTED_EDGE('',*,*,#667,.F.);
#415=ORIENTED_EDGE('',*,*,#650,.F.);
#416=ORIENTED_EDGE('',*,*,#668,.F.);
#417=ORIENTED_EDGE('',*,*,#587,.F.);
#418=ORIENTED_EDGE('',*,*,#668,.T.);
#419=ORIENTED_EDGE('',*,*,#563,.F.);
#420=ORIENTED_EDGE('',*,*,#669,.F.);
#421=ORIENTED_EDGE('',*,*,#670,.F.);
#422=ORIENTED_EDGE('',*,*,#588,.F.);
#423=ORIENTED_EDGE('',*,*,#671,.F.);
#424=ORIENTED_EDGE('',*,*,#672,.F.);
#425=ORIENTED_EDGE('',*,*,#669,.T.);
#426=ORIENTED_EDGE('',*,*,#618,.F.);
#427=ORIENTED_EDGE('',*,*,#559,.T.);
#428=ORIENTED_EDGE('',*,*,#617,.T.);
#429=ORIENTED_EDGE('',*,*,#673,.T.);
#430=ORIENTED_EDGE('',*,*,#674,.T.);
#431=ORIENTED_EDGE('',*,*,#675,.T.);
#432=ORIENTED_EDGE('',*,*,#580,.T.);
#433=ORIENTED_EDGE('',*,*,#574,.T.);
#434=ORIENTED_EDGE('',*,*,#676,.T.);
#435=ORIENTED_EDGE('',*,*,#677,.T.);
#436=ORIENTED_EDGE('',*,*,#544,.T.);
#437=ORIENTED_EDGE('',*,*,#678,.T.);
#438=ORIENTED_EDGE('',*,*,#555,.T.);
#439=ORIENTED_EDGE('',*,*,#578,.F.);
#440=ORIENTED_EDGE('',*,*,#679,.F.);
#441=ORIENTED_EDGE('',*,*,#680,.T.);
#442=ORIENTED_EDGE('',*,*,#576,.T.);
#443=ORIENTED_EDGE('',*,*,#557,.F.);
#444=ORIENTED_EDGE('',*,*,#550,.T.);
#445=ORIENTED_EDGE('',*,*,#681,.F.);
#446=ORIENTED_EDGE('',*,*,#682,.T.);
#447=ORIENTED_EDGE('',*,*,#636,.T.);
#448=ORIENTED_EDGE('',*,*,#683,.F.);
#449=ORIENTED_EDGE('',*,*,#626,.F.);
#450=ORIENTED_EDGE('',*,*,#663,.F.);
#451=ORIENTED_EDGE('',*,*,#673,.F.);
#452=ORIENTED_EDGE('',*,*,#616,.T.);
#453=ORIENTED_EDGE('',*,*,#684,.F.);
#454=ORIENTED_EDGE('',*,*,#685,.F.);
#455=ORIENTED_EDGE('',*,*,#644,.F.);
#456=ORIENTED_EDGE('',*,*,#614,.T.);
#457=ORIENTED_EDGE('',*,*,#583,.T.);
#458=ORIENTED_EDGE('',*,*,#664,.F.);
#459=ORIENTED_EDGE('',*,*,#624,.T.);
#460=ORIENTED_EDGE('',*,*,#643,.F.);
#461=ORIENTED_EDGE('',*,*,#610,.T.);
#462=ORIENTED_EDGE('',*,*,#605,.T.);
#463=ORIENTED_EDGE('',*,*,#667,.T.);
#464=ORIENTED_EDGE('',*,*,#586,.T.);
#465=ORIENTED_EDGE('',*,*,#595,.T.);
#466=ORIENTED_EDGE('',*,*,#606,.T.);
#467=ORIENTED_EDGE('',*,*,#641,.T.);
#468=ORIENTED_EDGE('',*,*,#686,.T.);
#469=ORIENTED_EDGE('',*,*,#671,.T.);
#470=ORIENTED_EDGE('',*,*,#648,.F.);
#471=ORIENTED_EDGE('',*,*,#599,.T.);
#472=ORIENTED_EDGE('',*,*,#613,.F.);
#473=ORIENTED_EDGE('',*,*,#619,.T.);
#474=ORIENTED_EDGE('',*,*,#661,.T.);
#475=ORIENTED_EDGE('',*,*,#660,.F.);
#476=ORIENTED_EDGE('',*,*,#659,.F.);
#477=ORIENTED_EDGE('',*,*,#601,.F.);
#478=ORIENTED_EDGE('',*,*,#646,.F.);
#479=ORIENTED_EDGE('',*,*,#592,.T.);
#480=ORIENTED_EDGE('',*,*,#654,.F.);
#481=ORIENTED_EDGE('',*,*,#653,.F.);
#482=ORIENTED_EDGE('',*,*,#652,.F.);
#483=ORIENTED_EDGE('',*,*,#630,.F.);
#484=ORIENTED_EDGE('',*,*,#607,.F.);
#485=ORIENTED_EDGE('',*,*,#594,.F.);
#486=ORIENTED_EDGE('',*,*,#687,.T.);
#487=ORIENTED_EDGE('',*,*,#589,.T.);
#488=ORIENTED_EDGE('',*,*,#639,.T.);
#489=ORIENTED_EDGE('',*,*,#638,.T.);
#490=ORIENTED_EDGE('',*,*,#666,.F.);
#491=ORIENTED_EDGE('',*,*,#665,.T.);
#492=ORIENTED_EDGE('',*,*,#581,.T.);
#493=ORIENTED_EDGE('',*,*,#670,.T.);
#494=ORIENTED_EDGE('',*,*,#672,.T.);
#495=ORIENTED_EDGE('',*,*,#686,.F.);
#496=ORIENTED_EDGE('',*,*,#640,.F.);
#497=ORIENTED_EDGE('',*,*,#590,.F.);
#498=ORIENTED_EDGE('',*,*,#687,.F.);
#499=ORIENTED_EDGE('',*,*,#688,.T.);
#500=ORIENTED_EDGE('',*,*,#579,.T.);
#501=ORIENTED_EDGE('',*,*,#675,.F.);
#502=ORIENTED_EDGE('',*,*,#679,.T.);
#503=ORIENTED_EDGE('',*,*,#577,.T.);
#504=ORIENTED_EDGE('',*,*,#689,.T.);
#505=ORIENTED_EDGE('',*,*,#676,.F.);
#506=ORIENTED_EDGE('',*,*,#573,.T.);
#507=ORIENTED_EDGE('',*,*,#680,.F.);
#508=ORIENTED_EDGE('',*,*,#575,.F.);
#509=ORIENTED_EDGE('',*,*,#642,.F.);
#510=ORIENTED_EDGE('',*,*,#569,.T.);
#511=ORIENTED_EDGE('',*,*,#647,.F.);
#512=ORIENTED_EDGE('',*,*,#571,.F.);
#513=ORIENTED_EDGE('',*,*,#649,.F.);
#514=ORIENTED_EDGE('',*,*,#565,.T.);
#515=ORIENTED_EDGE('',*,*,#645,.F.);
#516=ORIENTED_EDGE('',*,*,#567,.F.);
#517=ORIENTED_EDGE('',*,*,#689,.F.);
#518=ORIENTED_EDGE('',*,*,#553,.F.);
#519=ORIENTED_EDGE('',*,*,#662,.T.);
#520=ORIENTED_EDGE('',*,*,#658,.T.);
#521=ORIENTED_EDGE('',*,*,#683,.T.);
#522=ORIENTED_EDGE('',*,*,#656,.T.);
#523=ORIENTED_EDGE('',*,*,#655,.T.);
#524=ORIENTED_EDGE('',*,*,#561,.T.);
#525=ORIENTED_EDGE('',*,*,#688,.F.);
#526=ORIENTED_EDGE('',*,*,#674,.F.);
#527=ORIENTED_EDGE('',*,*,#685,.T.);
#528=ORIENTED_EDGE('',*,*,#690,.F.);
#529=ORIENTED_EDGE('',*,*,#681,.T.);
#530=ORIENTED_EDGE('',*,*,#691,.F.);
#531=ORIENTED_EDGE('',*,*,#545,.T.);
#532=ORIENTED_EDGE('',*,*,#677,.F.);
#533=ORIENTED_EDGE('',*,*,#684,.T.);
#534=ORIENTED_EDGE('',*,*,#547,.T.);
#535=ORIENTED_EDGE('',*,*,#546,.T.);
#536=ORIENTED_EDGE('',*,*,#691,.T.);
#537=ORIENTED_EDGE('',*,*,#682,.F.);
#538=ORIENTED_EDGE('',*,*,#690,.T.);
#539=ORIENTED_EDGE('',*,*,#678,.F.);
#540=ORIENTED_EDGE('',*,*,#543,.T.);
#541=ORIENTED_EDGE('',*,*,#552,.F.);
#542=ORIENTED_EDGE('',*,*,#556,.F.);
#543=EDGE_CURVE('NONE',#692,#693,#788,.T.);
#544=EDGE_CURVE('NONE',#694,#692,#227,.T.);
#545=EDGE_CURVE('NONE',#695,#694,#162,.T.);
#546=EDGE_CURVE('NONE',#693,#695,#228,.T.);
#547=EDGE_CURVE('NONE',#696,#693,#789,.T.);
#548=EDGE_CURVE('NONE',#696,#697,#229,.T.);
#549=EDGE_CURVE('NONE',#697,#698,#163,.T.);
#550=EDGE_CURVE('NONE',#699,#698,#164,.T.);
#551=EDGE_CURVE('NONE',#699,#700,#165,.T.);
#552=EDGE_CURVE('NONE',#700,#693,#230,.T.);
#553=EDGE_CURVE('NONE',#701,#702,#790,.F.);
#554=EDGE_CURVE('NONE',#703,#702,#166,.T.);
#555=EDGE_CURVE('NONE',#704,#703,#791,.T.);
#556=EDGE_CURVE('NONE',#704,#700,#167,.T.);
#557=EDGE_CURVE('NONE',#699,#698,#99,.T.);
#558=EDGE_CURVE('NONE',#697,#705,#168,.T.);
#559=EDGE_CURVE('NONE',#706,#705,#792,.T.);
#560=EDGE_CURVE('NONE',#707,#706,#169,.T.);
#561=EDGE_CURVE('NONE',#708,#707,#793,.F.);
#562=EDGE_CURVE('NONE',#708,#709,#170,.T.);
#563=EDGE_CURVE('NONE',#709,#710,#171,.F.);
#564=EDGE_CURVE('NONE',#710,#701,#172,.T.);
#565=EDGE_CURVE('NONE',#711,#712,#794,.T.);
#566=EDGE_CURVE('NONE',#713,#711,#100,.T.);
#567=EDGE_CURVE('NONE',#713,#714,#795,.T.);
#568=EDGE_CURVE('NONE',#712,#714,#101,.T.);
#569=EDGE_CURVE('NONE',#715,#716,#796,.T.);
#570=EDGE_CURVE('NONE',#717,#715,#102,.T.);
#571=EDGE_CURVE('NONE',#717,#718,#797,.T.);
#572=EDGE_CURVE('NONE',#716,#718,#103,.T.);
#573=EDGE_CURVE('NONE',#719,#720,#798,.T.);
#574=EDGE_CURVE('NONE',#721,#719,#104,.T.);
#575=EDGE_CURVE('NONE',#721,#722,#799,.T.);
#576=EDGE_CURVE('NONE',#720,#722,#105,.T.);
#577=EDGE_CURVE('NONE',#723,#702,#800,.T.);
#578=EDGE_CURVE('NONE',#723,#703,#106,.T.);
#579=EDGE_CURVE('NONE',#707,#724,#801,.T.);
#580=EDGE_CURVE('NONE',#724,#706,#107,.T.);
#581=EDGE_CURVE('NONE',#725,#726,#802,.T.);
#582=EDGE_CURVE('NONE',#725,#727,#231,.T.);
#583=EDGE_CURVE('NONE',#728,#727,#173,.T.);
#584=EDGE_CURVE('NONE',#729,#728,#174,.T.);
#585=EDGE_CURVE('NONE',#729,#730,#803,.T.);
#586=EDGE_CURVE('NONE',#731,#730,#175,.T.);
#587=EDGE_CURVE('NONE',#731,#732,#176,.T.);
#588=EDGE_CURVE('NONE',#732,#726,#177,.T.);
#589=EDGE_CURVE('NONE',#733,#734,#804,.T.);
#590=EDGE_CURVE('NONE',#733,#735,#178,.T.);
#591=EDGE_CURVE('NONE',#735,#734,#108,.T.);
#592=EDGE_CURVE('NONE',#736,#708,#805,.T.);
#593=EDGE_CURVE('NONE',#737,#736,#109,.T.);
#594=EDGE_CURVE('NONE',#737,#738,#806,.T.);
#595=EDGE_CURVE('NONE',#739,#738,#232,.T.);
#596=EDGE_CURVE('NONE',#740,#739,#110,.T.);
#597=EDGE_CURVE('NONE',#741,#740,#179,.T.);
#598=EDGE_CURVE('NONE',#741,#708,#180,.T.);
#599=EDGE_CURVE('NONE',#742,#743,#807,.T.);
#600=EDGE_CURVE('NONE',#744,#742,#111,.T.);
#601=EDGE_CURVE('NONE',#744,#701,#808,.T.);
#602=EDGE_CURVE('NONE',#745,#701,#181,.F.);
#603=EDGE_CURVE('NONE',#746,#745,#182,.F.);
#604=EDGE_CURVE('NONE',#747,#746,#112,.T.);
#605=EDGE_CURVE('NONE',#743,#747,#233,.T.);
#606=EDGE_CURVE('NONE',#738,#748,#809,.T.);
#607=EDGE_CURVE('NONE',#738,#749,#234,.T.);
#608=EDGE_CURVE('NONE',#750,#749,#183,.T.);
#609=EDGE_CURVE('NONE',#750,#748,#235,.T.);
#610=EDGE_CURVE('NONE',#751,#743,#810,.T.);
#611=EDGE_CURVE('NONE',#752,#751,#236,.T.);
#612=EDGE_CURVE('NONE',#753,#752,#184,.T.);
#613=EDGE_CURVE('NONE',#753,#743,#237,.T.);
#614=EDGE_CURVE('NONE',#754,#728,#811,.T.);
#615=EDGE_CURVE('NONE',#729,#754,#113,.T.);
#616=EDGE_CURVE('NONE',#755,#696,#812,.T.);
#617=EDGE_CURVE('NONE',#705,#755,#238,.T.);
#618=EDGE_CURVE('NONE',#739,#709,#185,.T.);
#619=EDGE_CURVE('NONE',#753,#756,#239,.T.);
#620=EDGE_CURVE('NONE',#757,#752,#186,.T.);
#621=EDGE_CURVE('NONE',#757,#758,#187,.T.);
#622=EDGE_CURVE('NONE',#758,#756,#188,.T.);
#623=EDGE_CURVE('NONE',#757,#759,#189,.T.);
#624=EDGE_CURVE('NONE',#760,#759,#190,.T.);
#625=EDGE_CURVE('NONE',#761,#760,#191,.T.);
#626=EDGE_CURVE('NONE',#761,#762,#114,.T.);
#627=EDGE_CURVE('NONE',#763,#762,#192,.F.);
#628=EDGE_CURVE('NONE',#758,#763,#193,.F.);
#629=EDGE_CURVE('NONE',#764,#750,#194,.T.);
#630=EDGE_CURVE('NONE',#749,#765,#240,.T.);
#631=EDGE_CURVE('NONE',#766,#765,#195,.F.);
#632=EDGE_CURVE('NONE',#766,#764,#196,.T.);
#633=EDGE_CURVE('NONE',#767,#764,#197,.T.);
#634=EDGE_CURVE('NONE',#768,#766,#198,.F.);
#635=EDGE_CURVE('NONE',#769,#768,#199,.F.);
#636=EDGE_CURVE('NONE',#770,#769,#115,.T.);
#637=EDGE_CURVE('NONE',#771,#770,#200,.T.);
#638=EDGE_CURVE('NONE',#767,#771,#201,.T.);
#639=EDGE_CURVE('NONE',#734,#767,#116,.T.);
#640=EDGE_CURVE('NONE',#735,#772,#813,.T.);
#641=EDGE_CURVE('NONE',#748,#772,#117,.T.);
#642=EDGE_CURVE('NONE',#715,#717,#118,.T.);
#643=EDGE_CURVE('NONE',#751,#730,#119,.T.);
#644=EDGE_CURVE('NONE',#754,#759,#120,.T.);
#645=EDGE_CURVE('NONE',#714,#712,#121,.T.);
#646=EDGE_CURVE('NONE',#736,#737,#122,.T.);
#647=EDGE_CURVE('NONE',#718,#716,#123,.T.);
#648=EDGE_CURVE('NONE',#742,#744,#124,.T.);
#649=EDGE_CURVE('NONE',#711,#713,#125,.T.);
#650=EDGE_CURVE('NONE',#710,#747,#202,.T.);
#651=EDGE_CURVE('NONE',#768,#773,#126,.T.);
#652=EDGE_CURVE('NONE',#765,#774,#203,.T.);
#653=EDGE_CURVE('NONE',#774,#775,#204,.F.);
#654=EDGE_CURVE('NONE',#775,#708,#205,.F.);
#655=EDGE_CURVE('NONE',#773,#708,#206,.T.);
#656=EDGE_CURVE('NONE',#769,#773,#207,.T.);
#657=EDGE_CURVE('NONE',#763,#776,#127,.T.);
#658=EDGE_CURVE('NONE',#776,#762,#208,.T.);
#659=EDGE_CURVE('NONE',#701,#777,#209,.F.);
#660=EDGE_CURVE('NONE',#777,#778,#210,.T.);
#661=EDGE_CURVE('NONE',#756,#778,#211,.T.);
#662=EDGE_CURVE('NONE',#701,#776,#212,.T.);
#663=EDGE_CURVE('NONE',#770,#761,#213,.T.);
#664=EDGE_CURVE('NONE',#760,#727,#814,.T.);
#665=EDGE_CURVE('NONE',#779,#725,#241,.T.);
#666=EDGE_CURVE('NONE',#779,#771,#815,.T.);
#667=EDGE_CURVE('NONE',#747,#731,#214,.T.);
#668=EDGE_CURVE('NONE',#732,#710,#128,.T.);
#669=EDGE_CURVE('NONE',#780,#709,#129,.T.);
#670=EDGE_CURVE('NONE',#726,#780,#215,.T.);
#671=EDGE_CURVE('NONE',#781,#739,#216,.T.);
#672=EDGE_CURVE('NONE',#780,#781,#217,.T.);
#673=EDGE_CURVE('NONE',#755,#782,#242,.T.);
#674=EDGE_CURVE('NONE',#782,#783,#816,.T.);
#675=EDGE_CURVE('NONE',#783,#724,#130,.T.);
#676=EDGE_CURVE('NONE',#719,#721,#131,.T.);
#677=EDGE_CURVE('NONE',#784,#694,#817,.T.);
#678=EDGE_CURVE('NONE',#692,#704,#243,.T.);
#679=EDGE_CURVE('NONE',#784,#723,#132,.T.);
#680=EDGE_CURVE('NONE',#722,#720,#133,.T.);
#681=EDGE_CURVE('NONE',#785,#786,#134,.T.);
#682=EDGE_CURVE('NONE',#785,#786,#218,.T.);
#683=EDGE_CURVE('NONE',#762,#769,#219,.F.);
#684=EDGE_CURVE('NONE',#787,#696,#244,.T.);
#685=EDGE_CURVE('NONE',#782,#787,#220,.T.);
#686=EDGE_CURVE('NONE',#772,#781,#221,.T.);
#687=EDGE_CURVE('NONE',#779,#733,#222,.T.);
#688=EDGE_CURVE('NONE',#783,#707,#223,.T.);
#689=EDGE_CURVE('NONE',#702,#784,#224,.T.);
#690=EDGE_CURVE('NONE',#785,#787,#225,.T.);
#691=EDGE_CURVE('NONE',#695,#786,#226,.T.);
#692=VERTEX_POINT('',#1288);
#693=VERTEX_POINT('',#1289);
#694=VERTEX_POINT('',#1294);
#695=VERTEX_POINT('',#1299);
#696=VERTEX_POINT('',#1319);
#697=VERTEX_POINT('',#1324);
#698=VERTEX_POINT('',#1338);
#699=VERTEX_POINT('',#1351);
#700=VERTEX_POINT('',#1366);
#701=VERTEX_POINT('',#1386);
#702=VERTEX_POINT('',#1387);
#703=VERTEX_POINT('',#1397);
#704=VERTEX_POINT('',#1399);
#705=VERTEX_POINT('',#1409);
#706=VERTEX_POINT('',#1411);
#707=VERTEX_POINT('',#1422);
#708=VERTEX_POINT('',#1424);
#709=VERTEX_POINT('',#1436);
#710=VERTEX_POINT('',#1456);
#711=VERTEX_POINT('',#1479);
#712=VERTEX_POINT('',#1480);
#713=VERTEX_POINT('',#1482);
#714=VERTEX_POINT('',#1484);
#715=VERTEX_POINT('',#1497);
#716=VERTEX_POINT('',#1498);
#717=VERTEX_POINT('',#1500);
#718=VERTEX_POINT('',#1502);
#719=VERTEX_POINT('',#1515);
#720=VERTEX_POINT('',#1516);
#721=VERTEX_POINT('',#1518);
#722=VERTEX_POINT('',#1520);
#723=VERTEX_POINT('',#1531);
#724=VERTEX_POINT('',#1542);
#725=VERTEX_POINT('',#1555);
#726=VERTEX_POINT('',#1556);
#727=VERTEX_POINT('',#1561);
#728=VERTEX_POINT('',#1577);
#729=VERTEX_POINT('',#1586);
#730=VERTEX_POINT('',#1588);
#731=VERTEX_POINT('',#1593);
#732=VERTEX_POINT('',#1602);
#733=VERTEX_POINT('',#1624);
#734=VERTEX_POINT('',#1625);
#735=VERTEX_POINT('',#1636);
#736=VERTEX_POINT('',#1640);
#737=VERTEX_POINT('',#1642);
#738=VERTEX_POINT('',#1644);
#739=VERTEX_POINT('',#1649);
#740=VERTEX_POINT('',#1651);
#741=VERTEX_POINT('',#1656);
#742=VERTEX_POINT('',#1663);
#743=VERTEX_POINT('',#1664);
#744=VERTEX_POINT('',#1666);
#745=VERTEX_POINT('',#1672);
#746=VERTEX_POINT('',#1677);
#747=VERTEX_POINT('',#1679);
#748=VERTEX_POINT('',#1699);
#749=VERTEX_POINT('',#1704);
#750=VERTEX_POINT('',#1711);
#751=VERTEX_POINT('',#1731);
#752=VERTEX_POINT('',#1736);
#753=VERTEX_POINT('',#1743);
#754=VERTEX_POINT('',#1757);
#755=VERTEX_POINT('',#1761);
#756=VERTEX_POINT('',#1900);
#757=VERTEX_POINT('',#1905);
#758=VERTEX_POINT('',#1910);
#759=VERTEX_POINT('',#1938);
#760=VERTEX_POINT('',#1952);
#761=VERTEX_POINT('',#1966);
#762=VERTEX_POINT('',#1968);
#763=VERTEX_POINT('',#1973);
#764=VERTEX_POINT('',#2053);
#765=VERTEX_POINT('',#2058);
#766=VERTEX_POINT('',#2064);
#767=VERTEX_POINT('',#2093);
#768=VERTEX_POINT('',#2098);
#769=VERTEX_POINT('',#2103);
#770=VERTEX_POINT('',#2105);
#771=VERTEX_POINT('',#2116);
#772=VERTEX_POINT('',#2133);
#773=VERTEX_POINT('',#2279);
#774=VERTEX_POINT('',#2286);
#775=VERTEX_POINT('',#2291);
#776=VERTEX_POINT('',#2341);
#777=VERTEX_POINT('',#2426);
#778=VERTEX_POINT('',#2431);
#779=VERTEX_POINT('',#2468);
#780=VERTEX_POINT('',#2622);
#781=VERTEX_POINT('',#2683);
#782=VERTEX_POINT('',#2697);
#783=VERTEX_POINT('',#2699);
#784=VERTEX_POINT('',#2704);
#785=VERTEX_POINT('',#2714);
#786=VERTEX_POINT('',#2715);
#787=VERTEX_POINT('',#2767);
#788=LINE('',#1287,#818);
#789=LINE('',#1318,#819);
#790=LINE('',#1385,#820);
#791=LINE('',#1398,#821);
#792=LINE('',#1410,#822);
#793=LINE('',#1423,#823);
#794=LINE('',#1478,#824);
#795=LINE('',#1483,#825);
#796=LINE('',#1496,#826);
#797=LINE('',#1501,#827);
#798=LINE('',#1514,#828);
#799=LINE('',#1519,#829);
#800=LINE('',#1530,#830);
#801=LINE('',#1541,#831);
#802=LINE('',#1554,#832);
#803=LINE('',#1587,#833);
#804=LINE('',#1623,#834);
#805=LINE('',#1639,#835);
#806=LINE('',#1643,#836);
#807=LINE('',#1662,#837);
#808=LINE('',#1667,#838);
#809=LINE('',#1698,#839);
#810=LINE('',#1730,#840);
#811=LINE('',#1756,#841);
#812=LINE('',#1760,#842);
#813=LINE('',#2132,#843);
#814=LINE('',#2463,#844);
#815=LINE('',#2469,#845);
#816=LINE('',#2698,#846);
#817=LINE('',#2703,#847);
#818=VECTOR('',#1119,1000.);
#819=VECTOR('',#1120,1000.);
#820=VECTOR('',#1121,1000.);
#821=VECTOR('',#1122,1000.);
#822=VECTOR('',#1125,1000.);
#823=VECTOR('',#1126,1000.);
#824=VECTOR('',#1127,1000.);
#825=VECTOR('',#1130,1000.);
#826=VECTOR('',#1133,1000.);
#827=VECTOR('',#1136,1000.);
#828=VECTOR('',#1139,1000.);
#829=VECTOR('',#1142,1000.);
#830=VECTOR('',#1145,1000.);
#831=VECTOR('',#1148,1000.);
#832=VECTOR('',#1151,1000.);
#833=VECTOR('',#1152,1000.);
#834=VECTOR('',#1153,1000.);
#835=VECTOR('',#1158,1000.);
#836=VECTOR('',#1161,1000.);
#837=VECTOR('',#1166,1000.);
#838=VECTOR('',#1169,1000.);
#839=VECTOR('',#1172,1000.);
#840=VECTOR('',#1173,1000.);
#841=VECTOR('',#1174,1000.);
#842=VECTOR('',#1179,1000.);
#843=VECTOR('',#1188,1000.);
#844=VECTOR('',#1219,1000.);
#845=VECTOR('',#1220,1000.);
#846=VECTOR('',#1227,1000.);
#847=VECTOR('',#1234,1000.);
#848=EDGE_LOOP('',(#245,#246,#247,#248));
#849=EDGE_LOOP('',(#249,#250,#251,#252,#253,#254));
#850=EDGE_LOOP('',(#255,#256,#257,#258,#259,#260,#261,#262,#263,#264,#265,
#266,#267,#268));
#851=EDGE_LOOP('',(#269,#270,#271,#272));
#852=EDGE_LOOP('',(#273,#274,#275,#276));
#853=EDGE_LOOP('',(#277,#278,#279,#280));
#854=EDGE_LOOP('',(#281,#282,#283));
#855=EDGE_LOOP('',(#284,#285,#286));
#856=EDGE_LOOP('',(#287,#288,#289,#290,#291,#292,#293,#294));
#857=EDGE_LOOP('',(#295,#296,#297));
#858=EDGE_LOOP('',(#298,#299,#300,#301,#302,#303,#304));
#859=EDGE_LOOP('',(#305,#306,#307,#308,#309,#310,#311));
#860=EDGE_LOOP('',(#312,#313,#314,#315));
#861=EDGE_LOOP('',(#316,#317,#318,#319));
#862=EDGE_LOOP('',(#320,#321,#322));
#863=EDGE_LOOP('',(#323,#324,#325,#326));
#864=EDGE_LOOP('',(#327,#328,#329,#330,#331));
#865=EDGE_LOOP('',(#332,#333,#334,#335,#336));
#866=EDGE_LOOP('',(#337,#338,#339,#340,#341,#342,#343));
#867=EDGE_LOOP('',(#344,#345,#346,#347,#348));
#868=EDGE_LOOP('',(#349,#350,#351,#352,#353,#354,#355));
#869=EDGE_LOOP('',(#356,#357,#358,#359,#360,#361,#362));
#870=EDGE_LOOP('',(#363,#364));
#871=EDGE_LOOP('',(#365,#366,#367,#368,#369,#370,#371));
#872=EDGE_LOOP('',(#372,#373));
#873=EDGE_LOOP('',(#374,#375));
#874=EDGE_LOOP('',(#376,#377));
#875=EDGE_LOOP('',(#378,#379));
#876=EDGE_LOOP('',(#380,#381));
#877=EDGE_LOOP('',(#382,#383,#384,#385,#386));
#878=EDGE_LOOP('',(#387,#388,#389,#390,#391,#392,#393));
#879=EDGE_LOOP('',(#394,#395,#396));
#880=EDGE_LOOP('',(#397,#398,#399));
#881=EDGE_LOOP('',(#400,#401,#402,#403,#404,#405,#406));
#882=EDGE_LOOP('',(#407,#408,#409,#410,#411,#412,#413));
#883=EDGE_LOOP('',(#414,#415,#416,#417));
#884=EDGE_LOOP('',(#418,#419,#420,#421,#422));
#885=EDGE_LOOP('',(#423,#424,#425,#426));
#886=EDGE_LOOP('',(#427,#428,#429,#430,#431,#432));
#887=EDGE_LOOP('',(#433,#434));
#888=EDGE_LOOP('',(#435,#436,#437,#438,#439,#440));
#889=EDGE_LOOP('',(#441,#442));
#890=EDGE_LOOP('',(#443,#444));
#891=EDGE_LOOP('',(#445,#446));
#892=EDGE_LOOP('',(#447,#448,#449,#450));
#893=EDGE_LOOP('',(#451,#452,#453,#454));
#894=EDGE_LOOP('',(#455,#456,#457,#458,#459));
#895=EDGE_LOOP('',(#460,#461,#462,#463,#464));
#896=EDGE_LOOP('',(#465,#466,#467,#468,#469));
#897=EDGE_LOOP('',(#470,#471,#472,#473,#474,#475,#476,#477));
#898=EDGE_LOOP('',(#478,#479,#480,#481,#482,#483,#484,#485));
#899=EDGE_LOOP('',(#486,#487,#488,#489,#490));
#900=EDGE_LOOP('',(#491,#492,#493,#494,#495,#496,#497,#498));
#901=EDGE_LOOP('',(#499,#500,#501));
#902=EDGE_LOOP('',(#502,#503,#504));
#903=EDGE_LOOP('',(#505,#506,#507,#508));
#904=EDGE_LOOP('',(#509,#510,#511,#512));
#905=EDGE_LOOP('',(#513,#514,#515,#516));
#906=EDGE_LOOP('',(#517,#518,#519,#520,#521,#522,#523,#524,#525,#526,#527,
#528,#529,#530,#531,#532));
#907=EDGE_LOOP('',(#533,#534,#535,#536,#537,#538));
#908=EDGE_LOOP('',(#539,#540,#541,#542));
#909=FACE_BOUND('',#848,.T.);
#910=FACE_BOUND('',#849,.T.);
#911=FACE_BOUND('',#850,.T.);
#912=FACE_BOUND('',#851,.T.);
#913=FACE_BOUND('',#852,.T.);
#914=FACE_BOUND('',#853,.T.);
#915=FACE_BOUND('',#854,.T.);
#916=FACE_BOUND('',#855,.T.);
#917=FACE_BOUND('',#856,.T.);
#918=FACE_BOUND('',#857,.T.);
#919=FACE_BOUND('',#858,.T.);
#920=FACE_BOUND('',#859,.T.);
#921=FACE_BOUND('',#860,.T.);
#922=FACE_BOUND('',#861,.T.);
#923=FACE_BOUND('',#862,.T.);
#924=FACE_BOUND('',#863,.T.);
#925=FACE_BOUND('',#864,.T.);
#926=FACE_BOUND('',#865,.T.);
#927=FACE_BOUND('',#866,.T.);
#928=FACE_BOUND('',#867,.T.);
#929=FACE_BOUND('',#868,.T.);
#930=FACE_BOUND('',#869,.T.);
#931=FACE_BOUND('',#870,.T.);
#932=FACE_BOUND('',#871,.T.);
#933=FACE_BOUND('',#872,.T.);
#934=FACE_BOUND('',#873,.T.);
#935=FACE_BOUND('',#874,.T.);
#936=FACE_BOUND('',#875,.T.);
#937=FACE_BOUND('',#876,.T.);
#938=FACE_BOUND('',#877,.T.);
#939=FACE_BOUND('',#878,.T.);
#940=FACE_BOUND('',#879,.T.);
#941=FACE_BOUND('',#880,.T.);
#942=FACE_BOUND('',#881,.T.);
#943=FACE_BOUND('',#882,.T.);
#944=FACE_BOUND('',#883,.T.);
#945=FACE_BOUND('',#884,.T.);
#946=FACE_BOUND('',#885,.T.);
#947=FACE_BOUND('',#886,.T.);
#948=FACE_BOUND('',#887,.T.);
#949=FACE_BOUND('',#888,.T.);
#950=FACE_BOUND('',#889,.T.);
#951=FACE_BOUND('',#890,.T.);
#952=FACE_BOUND('',#891,.T.);
#953=FACE_BOUND('',#892,.T.);
#954=FACE_BOUND('',#893,.T.);
#955=FACE_BOUND('',#894,.T.);
#956=FACE_BOUND('',#895,.T.);
#957=FACE_BOUND('',#896,.T.);
#958=FACE_BOUND('',#897,.T.);
#959=FACE_BOUND('',#898,.T.);
#960=FACE_BOUND('',#899,.T.);
#961=FACE_BOUND('',#900,.T.);
#962=FACE_BOUND('',#901,.T.);
#963=FACE_BOUND('',#902,.T.);
#964=FACE_BOUND('',#903,.T.);
#965=FACE_BOUND('',#904,.T.);
#966=FACE_BOUND('',#905,.T.);
#967=FACE_BOUND('',#906,.T.);
#968=FACE_BOUND('',#907,.T.);
#969=FACE_BOUND('',#908,.T.);
#970=CONICAL_SURFACE('',#1046,7.00000000030276,0.78539816345413);
#971=CONICAL_SURFACE('',#1057,7.00000000030197,1.10714871782879);
#972=CONICAL_SURFACE('',#1060,7.00000000030192,1.10714871782878);
#973=CONICAL_SURFACE('',#1064,7.00000000030473,0.785398163400683);
#974=CONICAL_SURFACE('',#1095,7.00000000030473,0.785398163400683);
#975=CONICAL_SURFACE('',#1096,7.00000000030192,1.10714871782878);
#976=CONICAL_SURFACE('',#1097,7.00000000030197,1.10714871782879);
#977=CONICAL_SURFACE('',#1098,7.00000000030276,0.78539816345413);
#978=ADVANCED_FACE('NONE',(#909),#970,.T.);
#979=ADVANCED_FACE('NONE',(#910),#135,.T.);
#980=ADVANCED_FACE('NONE',(#911),#136,.T.);
#981=ADVANCED_FACE('NONE',(#912),#137,.F.);
#982=ADVANCED_FACE('NONE',(#913),#138,.F.);
#983=ADVANCED_FACE('NONE',(#914),#139,.F.);
#984=ADVANCED_FACE('NONE',(#915),#140,.F.);
#985=ADVANCED_FACE('NONE',(#916),#141,.F.);
#986=ADVANCED_FACE('NONE',(#917),#142,.F.);
#987=ADVANCED_FACE('NONE',(#918),#143,.F.);
#988=ADVANCED_FACE('NONE',(#919),#971,.T.);
#989=ADVANCED_FACE('NONE',(#920),#972,.T.);
#990=ADVANCED_FACE('NONE',(#921),#144,.T.);
#991=ADVANCED_FACE('NONE',(#922),#145,.T.);
#992=ADVANCED_FACE('NONE',(#923),#146,.F.);
#993=ADVANCED_FACE('NONE',(#924),#973,.T.);
#994=ADVANCED_FACE('NONE',(#925),#88,.F.);
#995=ADVANCED_FACE('NONE',(#926),#147,.T.);
#996=ADVANCED_FACE('NONE',(#927),#148,.T.);
#997=ADVANCED_FACE('NONE',(#928),#149,.T.);
#998=ADVANCED_FACE('NONE',(#929),#89,.T.);
#999=ADVANCED_FACE('NONE',(#930,#931),#81,.F.);
#1000=ADVANCED_FACE('NONE',(#932,#933),#82,.T.);
#1001=ADVANCED_FACE('NONE',(#934,#935),#83,.T.);
#1002=ADVANCED_FACE('NONE',(#936,#937),#84,.F.);
#1003=ADVANCED_FACE('NONE',(#938),#90,.F.);
#1004=ADVANCED_FACE('NONE',(#939),#91,.F.);
#1005=ADVANCED_FACE('NONE',(#940),#92,.F.);
#1006=ADVANCED_FACE('NONE',(#941),#93,.F.);
#1007=ADVANCED_FACE('NONE',(#942),#94,.F.);
#1008=ADVANCED_FACE('NONE',(#943),#85,.F.);
#1009=ADVANCED_FACE('NONE',(#944),#95,.T.);
#1010=ADVANCED_FACE('NONE',(#945),#96,.T.);
#1011=ADVANCED_FACE('NONE',(#946),#97,.T.);
#1012=ADVANCED_FACE('NONE',(#947,#948),#86,.T.);
#1013=ADVANCED_FACE('NONE',(#949,#950),#87,.F.);
#1014=ADVANCED_FACE('NONE',(#951),#79,.T.);
#1015=ADVANCED_FACE('NONE',(#952),#80,.T.);
#1016=ADVANCED_FACE('NONE',(#953),#98,.T.);
#1017=ADVANCED_FACE('NONE',(#954),#974,.T.);
#1018=ADVANCED_FACE('NONE',(#955),#150,.F.);
#1019=ADVANCED_FACE('NONE',(#956),#151,.T.);
#1020=ADVANCED_FACE('NONE',(#957),#152,.T.);
#1021=ADVANCED_FACE('NONE',(#958),#975,.T.);
#1022=ADVANCED_FACE('NONE',(#959),#976,.T.);
#1023=ADVANCED_FACE('NONE',(#960),#153,.F.);
#1024=ADVANCED_FACE('NONE',(#961),#154,.F.);
#1025=ADVANCED_FACE('NONE',(#962),#155,.F.);
#1026=ADVANCED_FACE('NONE',(#963),#156,.F.);
#1027=ADVANCED_FACE('NONE',(#964),#157,.F.);
#1028=ADVANCED_FACE('NONE',(#965),#158,.F.);
#1029=ADVANCED_FACE('NONE',(#966),#159,.F.);
#1030=ADVANCED_FACE('NONE',(#967),#160,.T.);
#1031=ADVANCED_FACE('NONE',(#968),#161,.T.);
#1032=ADVANCED_FACE('NONE',(#969),#977,.T.);
#1033=CLOSED_SHELL('',(#978,#979,#980,#981,#982,#983,#984,#985,#986,#987,
#988,#989,#990,#991,#992,#993,#994,#995,#996,#997,#998,#999,#1000,#1001,
#1002,#1003,#1004,#1005,#1006,#1007,#1008,#1009,#1010,#1011,#1012,#1013,
#1014,#1015,#1016,#1017,#1018,#1019,#1020,#1021,#1022,#1023,#1024,#1025,
#1026,#1027,#1028,#1029,#1030,#1031,#1032));
#1034=STYLED_ITEM('',(#1035),#1042);
#1035=PRESENTATION_STYLE_ASSIGNMENT((#1036));
#1036=SURFACE_STYLE_USAGE(.BOTH.,#1037);
#1037=SURFACE_SIDE_STYLE('',(#1038));
#1038=SURFACE_STYLE_FILL_AREA(#1039);
#1039=FILL_AREA_STYLE('',(#1040));
#1040=FILL_AREA_STYLE_COLOUR('',#1041);
#1041=COLOUR_RGB('',0.811764705882353,0.843137254901961,0.909803921568627);
#1042=MANIFOLD_SOLID_BREP('Body (0)',#1033);
#1043=SHAPE_DEFINITION_REPRESENTATION(#2983,#1044);
#1044=SHAPE_REPRESENTATION('r_pinky_middle_collision',(#1045),#2978);
#1045=AXIS2_PLACEMENT_3D('',#1285,#1115,#1116);
#1046=AXIS2_PLACEMENT_3D('',#1286,#1117,#1118);
#1047=AXIS2_PLACEMENT_3D('',#1404,#1123,#1124);
#1048=AXIS2_PLACEMENT_3D('',#1481,#1128,#1129);
#1049=AXIS2_PLACEMENT_3D('',#1485,#1131,#1132);
#1050=AXIS2_PLACEMENT_3D('',#1499,#1134,#1135);
#1051=AXIS2_PLACEMENT_3D('',#1503,#1137,#1138);
#1052=AXIS2_PLACEMENT_3D('',#1517,#1140,#1141);
#1053=AXIS2_PLACEMENT_3D('',#1521,#1143,#1144);
#1054=AXIS2_PLACEMENT_3D('',#1532,#1146,#1147);
#1055=AXIS2_PLACEMENT_3D('',#1543,#1149,#1150);
#1056=AXIS2_PLACEMENT_3D('',#1637,#1154,#1155);
#1057=AXIS2_PLACEMENT_3D('',#1638,#1156,#1157);
#1058=AXIS2_PLACEMENT_3D('',#1641,#1159,#1160);
#1059=AXIS2_PLACEMENT_3D('',#1650,#1162,#1163);
#1060=AXIS2_PLACEMENT_3D('',#1661,#1164,#1165);
#1061=AXIS2_PLACEMENT_3D('',#1665,#1167,#1168);
#1062=AXIS2_PLACEMENT_3D('',#1678,#1170,#1171);
#1063=AXIS2_PLACEMENT_3D('',#1758,#1175,#1176);
#1064=AXIS2_PLACEMENT_3D('',#1759,#1177,#1178);
#1065=AXIS2_PLACEMENT_3D('',#1967,#1180,#1181);
#1066=AXIS2_PLACEMENT_3D('',#2104,#1182,#1183);
#1067=AXIS2_PLACEMENT_3D('',#2130,#1184,#1185);
#1068=AXIS2_PLACEMENT_3D('',#2131,#1186,#1187);
#1069=AXIS2_PLACEMENT_3D('',#2134,#1189,#1190);
#1070=AXIS2_PLACEMENT_3D('',#2135,#1191,#1192);
#1071=AXIS2_PLACEMENT_3D('',#2136,#1193,#1194);
#1072=AXIS2_PLACEMENT_3D('',#2137,#1195,#1196);
#1073=AXIS2_PLACEMENT_3D('',#2138,#1197,#1198);
#1074=AXIS2_PLACEMENT_3D('',#2139,#1199,#1200);
#1075=AXIS2_PLACEMENT_3D('',#2140,#1201,#1202);
#1076=AXIS2_PLACEMENT_3D('',#2141,#1203,#1204);
#1077=AXIS2_PLACEMENT_3D('',#2142,#1205,#1206);
#1078=AXIS2_PLACEMENT_3D('',#2143,#1207,#1208);
#1079=AXIS2_PLACEMENT_3D('',#2144,#1209,#1210);
#1080=AXIS2_PLACEMENT_3D('',#2145,#1211,#1212);
#1081=AXIS2_PLACEMENT_3D('',#2278,#1213,#1214);
#1082=AXIS2_PLACEMENT_3D('',#2340,#1215,#1216);
#1083=AXIS2_PLACEMENT_3D('',#2452,#1217,#1218);
#1084=AXIS2_PLACEMENT_3D('',#2518,#1221,#1222);
#1085=AXIS2_PLACEMENT_3D('',#2621,#1223,#1224);
#1086=AXIS2_PLACEMENT_3D('',#2692,#1225,#1226);
#1087=AXIS2_PLACEMENT_3D('',#2700,#1228,#1229);
#1088=AXIS2_PLACEMENT_3D('',#2701,#1230,#1231);
#1089=AXIS2_PLACEMENT_3D('',#2702,#1232,#1233);
#1090=AXIS2_PLACEMENT_3D('',#2709,#1235,#1236);
#1091=AXIS2_PLACEMENT_3D('',#2710,#1237,#1238);
#1092=AXIS2_PLACEMENT_3D('',#2711,#1239,#1240);
#1093=AXIS2_PLACEMENT_3D('',#2712,#1241,#1242);
#1094=AXIS2_PLACEMENT_3D('',#2713,#1243,#1244);
#1095=AXIS2_PLACEMENT_3D('',#2762,#1245,#1246);
#1096=AXIS2_PLACEMENT_3D('',#2812,#1247,#1248);
#1097=AXIS2_PLACEMENT_3D('',#2813,#1249,#1250);
#1098=AXIS2_PLACEMENT_3D('',#2952,#1251,#1252);
#1099=AXIS2_PLACEMENT_3D('',#2953,#1253,#1254);
#1100=AXIS2_PLACEMENT_3D('',#2955,#1255,#1256);
#1101=AXIS2_PLACEMENT_3D('',#2956,#1257,#1258);
#1102=AXIS2_PLACEMENT_3D('',#2958,#1259,#1260);
#1103=AXIS2_PLACEMENT_3D('',#2959,#1261,#1262);
#1104=AXIS2_PLACEMENT_3D('',#2961,#1263,#1264);
#1105=AXIS2_PLACEMENT_3D('',#2962,#1265,#1266);
#1106=AXIS2_PLACEMENT_3D('',#2964,#1267,#1268);
#1107=AXIS2_PLACEMENT_3D('',#2965,#1269,#1270);
#1108=AXIS2_PLACEMENT_3D('',#2967,#1271,#1272);
#1109=AXIS2_PLACEMENT_3D('',#2968,#1273,#1274);
#1110=AXIS2_PLACEMENT_3D('',#2970,#1275,#1276);
#1111=AXIS2_PLACEMENT_3D('',#2971,#1277,#1278);
#1112=AXIS2_PLACEMENT_3D('',#2973,#1279,#1280);
#1113=AXIS2_PLACEMENT_3D('',#2974,#1281,#1282);
#1114=AXIS2_PLACEMENT_3D('',#2976,#1283,#1284);
#1115=DIRECTION('',(0.,0.,1.));
#1116=DIRECTION('',(1.,0.,0.));
#1117=DIRECTION('',(-0.999999740026507,0.000707723164624049,-0.000138111695941903));
#1118=DIRECTION('',(-0.000707723171373903,-0.999999749563925,0.));
#1119=DIRECTION('',(-0.707009103046068,0.000266637463191331,-0.707204395570656));
#1120=DIRECTION('',(0.999999740026462,-0.000707723218459335,0.000138111749531676));
#1121=DIRECTION('',(-0.000137877720699642,0.00033064090173615,0.999999935833162));
#1122=DIRECTION('',(-0.000137877720700169,0.000330640901736157,0.999999935833162));
#1123=DIRECTION('',(-0.000137877774266433,0.000330640900284417,0.999999935833155));
#1124=DIRECTION('',(0.401149182692484,0.916012702935033,-0.000247561724196234));
#1125=DIRECTION('',(0.000137877720700169,-0.000330640901736157,-0.999999935833162));
#1126=DIRECTION('',(-0.000137877720699642,0.00033064090173615,0.999999935833162));
#1127=DIRECTION('',(-0.99999974003046,0.000707717200714617,-0.000138113633319218));
#1128=DIRECTION('',(-0.999999740026507,0.000707723164624265,-0.000138111695945719));
#1129=DIRECTION('',(0.00018091816919853,0.0608462901510663,-0.998147131561008));
#1130=DIRECTION('',(-0.99999974003046,0.000707717200714617,-0.000138113633319218));
#1131=DIRECTION('',(0.999999740026507,-0.000707723164622528,0.000138111695945823));
#1132=DIRECTION('',(-0.00018091816919853,-0.0608462901510685,0.998147131561008));
#1133=DIRECTION('',(-0.99999974003046,0.000707717200714617,-0.000138113633319218));
#1134=DIRECTION('',(-0.999999740026507,0.000707723164629019,-0.000138111695945427));
#1135=DIRECTION('',(0.000180918169196797,0.0608462901510667,-0.998147131561008));
#1136=DIRECTION('',(-0.99999974003046,0.000707717200714617,-0.000138113633319218));
#1137=DIRECTION('',(0.999999740026507,-0.000707723164626299,0.000138111695950807));
#1138=DIRECTION('',(-0.000180918169193328,-0.0608462901510654,0.998147131561008));
#1139=DIRECTION('',(0.99999974003046,-0.000707717200714765,0.000138113633325463));
#1140=DIRECTION('',(0.999999740026507,-0.00070772316462684,0.000138111695945556));
#1141=DIRECTION('',(-0.000180918169188125,-0.0608462901510689,0.998147131561008));
#1142=DIRECTION('',(0.99999974003046,-0.000707717200714765,0.000138113633325463));
#1143=DIRECTION('',(-0.999999740026507,0.000707723164613479,-0.000138111695954196));
#1144=DIRECTION('',(0.000180918169188125,0.0608462901510663,-0.998147131561008));
#1145=DIRECTION('',(0.999999740026462,-0.000707723218459335,0.000138111749531676));
#1146=DIRECTION('',(-0.999999740026507,0.000707723164615426,-0.000138111695950236));
#1147=DIRECTION('',(-0.00013787772070931,0.000330640900239326,0.999999935833163));
#1148=DIRECTION('',(0.999999740026462,-0.000707723218459279,0.000138111749530676));
#1149=DIRECTION('',(-0.999999740026507,0.000707723164621695,-0.000138111695929806));
#1150=DIRECTION('',(-0.000137877720689729,0.000330640900247577,0.999999935833163));
#1151=DIRECTION('',(0.000681884607800034,0.86585981909428,-0.50028622678563));
#1152=DIRECTION('',(-0.000681884607799978,-0.86585981909428,0.50028622678563));
#1153=DIRECTION('',(-0.999999740026462,0.000707723218459335,-0.000138111749531676));
#1154=DIRECTION('',(-0.999999740026507,0.000707723164628353,-0.000138111695929657));
#1155=DIRECTION('',(0.000376464644479602,0.349063332274263,-0.937099060044326));
#1156=DIRECTION('',(0.999999740026507,-0.000707723164623757,0.000138111695942666));
#1157=DIRECTION('',(0.000707723171373611,0.999999749563925,0.));
#1158=DIRECTION('',(0.447336800806825,-0.000612237658117052,-0.894365368185153));
#1159=DIRECTION('',(-0.999999740026507,0.000707723164623088,-0.000138111695945517));
#1160=DIRECTION('',(-0.000137877720701682,0.000330640901735736,0.999999935833162));
#1161=DIRECTION('',(0.4470901576228,-2.07692321574026E-5,0.894488899050994));
#1162=DIRECTION('',(0.999999740026507,-0.000707723164599618,0.000138111695888441));
#1163=DIRECTION('',(0.000402419010179211,0.38881660283364,-0.921315085852743));
#1164=DIRECTION('',(-0.999999740026507,0.000707723164623018,-0.000138111695944153));
#1165=DIRECTION('',(-0.000707723171372871,-0.999999749563925,0.));
#1166=DIRECTION('',(-0.447336800806824,0.000612237658116955,0.894365368185154));
#1167=DIRECTION('',(0.999999740026507,-0.0007077231646241,0.000138111695944217));
#1168=DIRECTION('',(0.000137877720701104,-0.000330640901736025,-0.999999935833162));
#1169=DIRECTION('',(-0.447090157622801,2.07692321572811E-5,-0.894488899050993));
#1170=DIRECTION('',(-0.999999740026507,0.000707723164622555,-0.000138111695933255));
#1171=DIRECTION('',(0.000534575829600886,0.599093868723033,-0.800678618852253));
#1172=DIRECTION('',(0.999999740026462,-0.000707723218459335,0.000138111749531676));
#1173=DIRECTION('',(0.999999740026462,-0.000707723218459335,0.000138111749531676));
#1174=DIRECTION('',(-0.999999740026462,0.000707723218459335,-0.000138111749531676));
#1175=DIRECTION('',(-0.999999740026507,0.00070772316462534,-0.000138111695958818));
#1176=DIRECTION('',(0.000376464644506889,0.349063332274289,-0.937099060044316));
#1177=DIRECTION('',(0.999999740026507,-0.000707723164624096,0.000138111695944469));
#1178=DIRECTION('',(0.00070772317137395,0.999999749563925,0.));
#1179=DIRECTION('',(0.707204091626529,-0.000734234310742593,-0.70700907609922));
#1180=DIRECTION('',(0.751304854207431,0.466495509740777,0.466822188243065));
#1181=DIRECTION('',(-0.000597962371790392,-0.706872767003459,0.70734046520037));
#1182=DIRECTION('',(0.750772720918828,-0.467558565112755,-0.466614733708485));
#1183=DIRECTION('',(-0.000597962451357015,-0.706872767056878,0.707340465146919));
#1184=DIRECTION('',(-0.999999740026507,0.000707723164623456,-0.000138111695943333));
#1185=DIRECTION('',(-0.000702497012427764,-0.999395930575273,-0.034745941454102));
#1186=DIRECTION('',(-0.999999740026507,0.00070772316461925,-0.000138111695945143));
#1187=DIRECTION('',(0.000137877720703884,-0.000330640900248523,-0.999999935833163));
#1188=DIRECTION('',(-0.000681884607799978,-0.86585981909428,0.50028622678563));
#1189=DIRECTION('',(-0.999999740026507,0.000707723164624062,-0.000138111695941195));
#1190=DIRECTION('',(-0.000137877720700652,0.000330640900254202,0.999999935833162));
#1191=DIRECTION('',(-0.999999740026507,0.000707723164615915,-0.000138111695951438));
#1192=DIRECTION('',(-0.000180918169196797,-0.0608462901510676,0.998147131561008));
#1193=DIRECTION('',(-0.999999740026507,0.000707723164623456,-0.000138111695943333));
#1194=DIRECTION('',(-0.000702497012427764,-0.999395930575273,-0.034745941454102));
#1195=DIRECTION('',(-0.999999740026507,0.000707723164622568,-0.000138111695938845));
#1196=DIRECTION('',(-0.00013787772070115,0.000330640900255456,0.999999935833163));
#1197=DIRECTION('',(-0.999999740026507,0.000707723164623904,-0.00013811169594574));
#1198=DIRECTION('',(0.000137877720703523,-0.000330640900261563,-0.999999935833163));
#1199=DIRECTION('',(0.999999740026507,-0.000707723164626413,0.000138111695945584));
#1200=DIRECTION('',(0.00018091816919853,0.0608462901510659,-0.998147131561008));
#1201=DIRECTION('',(-0.999999740026507,0.000707723164623456,-0.000138111695943333));
#1202=DIRECTION('',(-0.000702497012427764,-0.999395930575273,-0.034745941454102));
#1203=DIRECTION('',(-0.999999740026507,0.000707723164623811,-0.000138111695943783));
#1204=DIRECTION('',(0.000137877720701103,-0.00033064090173588,-0.999999935833162));
#1205=DIRECTION('',(0.999999740026507,-0.000707723164632054,0.000138111695945244));
#1206=DIRECTION('',(0.000180918169193328,0.0608462901510671,-0.998147131561008));
#1207=DIRECTION('',(-0.999999740026507,0.000707723164623456,-0.000138111695943333));
#1208=DIRECTION('',(-0.000702497012427764,-0.999395930575273,-0.034745941454102));
#1209=DIRECTION('',(0.999999740026507,-0.000707723164623522,0.000138111695944217));
#1210=DIRECTION('',(-0.000137877720701104,0.000330640901736025,0.999999935833162));
#1211=DIRECTION('',(-0.999999740026507,0.000707723164626689,-0.000138111695942958));
#1212=DIRECTION('',(-0.00018091816919506,-0.0608462901510706,0.998147131561008));
#1213=DIRECTION('',(-0.592888296286768,0.445169862078972,-0.67104937375931));
#1214=DIRECTION('',(0.27986140841165,0.895270687305741,0.346652547276022));
#1215=DIRECTION('',(-0.593703153192786,-0.444330083573317,0.670885491511535));
#1216=DIRECTION('',(-0.278686334446788,0.895665904062169,0.346578296050272));
#1217=DIRECTION('',(0.000597962454352068,0.706872767054975,-0.707340465148817));
#1218=DIRECTION('',(0.982806585008056,0.130185923143764,0.130930675855621));
#1219=DIRECTION('',(-0.999999740026462,0.000707723218459335,-0.000138111749531676));
#1220=DIRECTION('',(-0.999999740026462,0.000707723218459335,-0.000138111749531676));
#1221=DIRECTION('',(-0.372645225020212,0.505648787288057,-0.778109786716343));
#1222=DIRECTION('',(-0.748118706886535,0.332414069945467,0.574298952209308));
#1223=DIRECTION('',(-0.3735754882298,-0.505120669440155,0.778006724841242));
#1224=DIRECTION('',(0.748429808265436,0.331354927578497,0.574505643200493));
#1225=DIRECTION('',(-0.999999740026507,0.000707723164623456,-0.000138111695943333));
#1226=DIRECTION('',(-0.000702497012427764,-0.999395930575273,-0.034745941454102));
#1227=DIRECTION('',(-0.000137877720700169,0.000330640901736157,0.999999935833162));
#1228=DIRECTION('',(-0.999999740026507,0.000707723164626384,-0.000138111695950813));
#1229=DIRECTION('',(-0.000560606635208632,-0.642603680421503,0.766198535386841));
#1230=DIRECTION('',(0.999999740026507,-0.00070772316462698,0.000138111695940338));
#1231=DIRECTION('',(0.000180918169188125,0.0608462901510723,-0.998147131561008));
#1232=DIRECTION('',(-0.999999740026507,0.000707723164623456,-0.000138111695943333));
#1233=DIRECTION('',(-0.000702497012427764,-0.999395930575273,-0.034745941454102));
#1234=DIRECTION('',(0.000137877720700169,-0.000330640901736157,-0.999999935833162));
#1235=DIRECTION('',(-0.999999740026507,0.000707723164623772,-0.000138111695943646));
#1236=DIRECTION('',(-0.000560606635201444,-0.642603680421502,0.766198535386841));
#1237=DIRECTION('',(-0.999999740026507,0.000707723164623183,-0.000138111695935357));
#1238=DIRECTION('',(-0.000180918169188125,-0.0608462901510689,0.998147131561008));
#1239=DIRECTION('',(0.000137877774272462,-0.000330640900296749,-0.999999935833155));
#1240=DIRECTION('',(0.,0.999999945338295,-0.000330640903439537));
#1241=DIRECTION('',(0.000137877774272462,-0.000330640900296749,-0.999999935833155));
#1242=DIRECTION('',(0.,0.999999945338295,-0.000330640903439537));
#1243=DIRECTION('',(-0.000137877774274466,0.000330640900290559,0.999999935833155));
#1244=DIRECTION('',(-0.401149182692475,-0.916012702935037,0.000247561724201785));
#1245=DIRECTION('',(0.999999740026507,-0.000707723164624096,0.000138111695944469));
#1246=DIRECTION('',(0.00070772317137395,0.999999749563925,0.));
#1247=DIRECTION('',(-0.999999740026507,0.000707723164623018,-0.000138111695944153));
#1248=DIRECTION('',(-0.000707723171372871,-0.999999749563925,0.));
#1249=DIRECTION('',(0.999999740026507,-0.000707723164623757,0.000138111695942666));
#1250=DIRECTION('',(0.000707723171373611,0.999999749563925,0.));
#1251=DIRECTION('',(-0.999999740026507,0.000707723164624049,-0.000138111695941903));
#1252=DIRECTION('',(-0.000707723171373903,-0.999999749563925,0.));
#1253=DIRECTION('',(0.,0.,-1.));
#1254=DIRECTION('',(-1.,0.,0.));
#1255=DIRECTION('',(0.,0.,1.));
#1256=DIRECTION('',(1.,0.,0.));
#1257=DIRECTION('',(0.,1.,0.));
#1258=DIRECTION('',(-1.,0.,0.));
#1259=DIRECTION('',(0.,0.,1.));
#1260=DIRECTION('',(1.,0.,0.));
#1261=DIRECTION('',(-1.,0.,0.));
#1262=DIRECTION('',(0.,-1.,0.));
#1263=DIRECTION('',(0.,0.,1.));
#1264=DIRECTION('',(1.,0.,0.));
#1265=DIRECTION('',(0.,-1.,0.));
#1266=DIRECTION('',(1.,0.,0.));
#1267=DIRECTION('',(0.,0.,1.));
#1268=DIRECTION('',(1.,0.,0.));
#1269=DIRECTION('',(0.,0.,1.));
#1270=DIRECTION('',(-1.,0.,0.));
#1271=DIRECTION('',(0.,0.,1.));
#1272=DIRECTION('',(1.,0.,0.));
#1273=DIRECTION('',(1.,0.,0.));
#1274=DIRECTION('',(0.,1.,0.));
#1275=DIRECTION('',(0.,0.,1.));
#1276=DIRECTION('',(1.,0.,0.));
#1277=DIRECTION('',(-0.577350269189626,0.577350269189626,-0.577350269189626));
#1278=DIRECTION('',(-0.707106778291044,-0.70710678408205,-5.79100600806015E-9));
#1279=DIRECTION('',(0.,0.,1.));
#1280=DIRECTION('',(1.,0.,0.));
#1281=DIRECTION('',(-0.718873086818576,0.585048618558824,-0.375419230954334));
#1282=DIRECTION('',(-0.631219059704547,-0.775604602014266,-1.87731090950383E-8));
#1283=DIRECTION('',(0.,0.,1.));
#1284=DIRECTION('',(1.,0.,0.));
#1285=CARTESIAN_POINT('',(0.,0.,0.));
#1286=CARTESIAN_POINT('',(5.81547169624994,-0.0332914229712027,-27.500545437733));
#1287=CARTESIAN_POINT('',(5.81643684029579,-0.0356059092834586,-34.5005449888669));
#1288=CARTESIAN_POINT('',(6.01640921275355,-0.0356813257467977,-34.3005173793418));
#1289=CARTESIAN_POINT('',(5.81643684024118,-0.0356059864525657,-34.5005449888414));
#1290=CARTESIAN_POINT('',(6.01158377874707,-4.53174597434841,-22.4009918591181));
#1291=CARTESIAN_POINT('',(6.00831050085323,-10.1185516248077,-27.3291388024222));
#1292=CARTESIAN_POINT('',(6.0111364996472,-7.48544686003697,-34.2980549089904));
#1293=CARTESIAN_POINT('',(6.01640921275355,-0.035681325746802,-34.3005173793417));
#1294=CARTESIAN_POINT('',(6.01158377874709,-4.53174597434846,-22.4009918591181));
#1295=CARTESIAN_POINT('',(5.81139796316435,-4.78658880131999,-22.3618542193182));
#1296=CARTESIAN_POINT('',(5.879577425032,-4.70355346603028,-22.3777843376702));
#1297=CARTESIAN_POINT('',(5.94638392025272,-4.6185457983947,-22.3907506497738));
#1298=CARTESIAN_POINT('',(6.01158377874709,-4.53174597434846,-22.4009918591181));
#1299=CARTESIAN_POINT('',(5.81139796316435,-4.78658880131999,-22.3618542193182));
#1300=CARTESIAN_POINT('',(5.81643684024118,-0.0356059864525657,-34.5005449888414));
#1301=CARTESIAN_POINT('',(5.81110252480897,-7.5724088370616,-34.4980536657983));
#1302=CARTESIAN_POINT('',(5.80818913085598,-10.3193471741674,-27.4796668737575));
#1303=CARTESIAN_POINT('',(5.8113979631697,-4.78658880131936,-22.3618542193189));
#1304=CARTESIAN_POINT('',(-5.78357704715602,-0.0512709412487956,-34.5020984792633));
#1305=CARTESIAN_POINT('',(5.81641993695582,-0.0594805305827856,-34.5004963829688));
#1306=CARTESIAN_POINT('',(-5.78258031944159,1.35605939146177,-34.5073636276449));
#1307=CARTESIAN_POINT('',(5.81741666467026,1.34784980212778,-34.5057615313504));
#1308=CARTESIAN_POINT('',(-5.78070805050803,4.17022149844091,-33.642996099007));
#1309=CARTESIAN_POINT('',(5.81928893360381,4.16201190910692,-33.6413940027125));
#1310=CARTESIAN_POINT('',(-5.77924456938437,6.91398054401442,-30.1795595794659));
#1311=CARTESIAN_POINT('',(5.82075241472748,6.90577095468043,-30.1779574831714));
#1312=CARTESIAN_POINT('',(-5.77964561074155,7.20768703397806,-25.7707791694485));
#1313=CARTESIAN_POINT('',(5.8203513733703,7.19947744464407,-25.769177073154));
#1314=CARTESIAN_POINT('',(-5.78105969229194,5.70346119735756,-23.2401773186769));
#1315=CARTESIAN_POINT('',(5.81893729181991,5.69525160802357,-23.2385752223824));
#1316=CARTESIAN_POINT('',(-5.78193007953024,4.65733236902947,-22.2987841502357));
#1317=CARTESIAN_POINT('',(5.8180669045816,4.64912277969548,-22.2971820539412));
#1318=CARTESIAN_POINT('',(-7.98355957189179,-0.0258394060379911,-34.5024509309849));
#1319=CARTESIAN_POINT('',(-5.78356014381604,-0.0273963199494713,-34.5021470851614));
#1320=CARTESIAN_POINT('',(-5.78356014381603,-0.0273963199494704,-34.5021470851614));
#1321=CARTESIAN_POINT('',(-5.77822582835212,7.50940659169264,-34.5046383251377));
#1322=CARTESIAN_POINT('',(-5.77724754224113,10.26098552058,-27.4880689896885));
#1323=CARTESIAN_POINT('',(-5.78186814352214,4.73161262856675,-22.36659978004));
#1324=CARTESIAN_POINT('',(-5.78186814351923,4.73161262856673,-22.36659978004));
#1325=CARTESIAN_POINT('',(-5.78186814351913,4.73161262873964,-22.3665997798533));
#1326=CARTESIAN_POINT('',(-5.67573114563736,4.86011131907764,-22.4856739389004));
#1327=CARTESIAN_POINT('',(-5.50396225161222,5.0546470116411,-22.6808304069927));
#1328=CARTESIAN_POINT('',(-5.2738442705763,5.29275171295245,-22.9466487554819));
#1329=CARTESIAN_POINT('',(-5.05264640941311,5.50284539627011,-23.2060469577827));
#1330=CARTESIAN_POINT('',(-4.97509418784818,5.5712948068178,-23.2974744475763));
#1331=CARTESIAN_POINT('',(-4.75277301263201,5.76582877231367,-23.5613634148549));
#1332=CARTESIAN_POINT('',(-4.32499336992723,6.09965635646115,-24.0866184327021));
#1333=CARTESIAN_POINT('',(-3.89035966209015,6.37841209685863,-24.6652067512002));
#1334=CARTESIAN_POINT('',(-3.63190873115193,6.52889169577325,-25.028344290509));
#1335=CARTESIAN_POINT('',(-3.25167242092853,6.72456783216214,-25.6258945576447));
#1336=CARTESIAN_POINT('',(-3.09452527642867,6.79872102193401,-25.9298616234188));
#1337=CARTESIAN_POINT('',(-2.98360134212836,6.84560050482602,-26.1726621416894));
#1338=CARTESIAN_POINT('',(-2.98360134212872,6.84560050429553,-26.172662141792));
#1339=CARTESIAN_POINT('',(3.02390850781141,6.84134884931625,-26.1718324342857));
#1340=CARTESIAN_POINT('',(2.90721136972921,6.89238824433978,-26.4151146701103));
#1341=CARTESIAN_POINT('',(2.4118098558775,6.92016453084152,-26.6857036318958));
#1342=CARTESIAN_POINT('',(1.62045850612493,6.94076219576703,-26.8506678334477));
#1343=CARTESIAN_POINT('',(0.850843632359497,6.9433783956995,-26.912380982496));
#1344=CARTESIAN_POINT('',(0.0205608094269938,6.94824396089183,-26.9283595696538));
#1345=CARTESIAN_POINT('',(-0.809948107925384,6.94501991707052,-26.9133991681933));
#1346=CARTESIAN_POINT('',(-1.57945505442125,6.94110320713725,-26.8480721557454));
#1347=CARTESIAN_POINT('',(-2.23927420708864,6.93250559352532,-26.7229993148312));
#1348=CARTESIAN_POINT('',(-2.74238833995175,6.89338540948487,-26.4678768633488));
#1349=CARTESIAN_POINT('',(-2.90381930211404,6.88034337228087,-26.3301627230754));
#1350=CARTESIAN_POINT('',(-2.98360134212089,6.84560050427755,-26.1726621417919));
#1351=CARTESIAN_POINT('',(3.02390850770036,6.84134884906268,-26.1718324342856));
#1352=CARTESIAN_POINT('',(3.02390850770073,6.84134884959317,-26.171832434183));
#1353=CARTESIAN_POINT('',(3.11245793814039,6.80330004810343,-25.9753970730964));
#1354=CARTESIAN_POINT('',(3.27056358951456,6.72867769148305,-25.6712298618843));
#1355=CARTESIAN_POINT('',(3.4585510267767,6.63524768701752,-25.360274082546));
#1356=CARTESIAN_POINT('',(3.6602500865197,6.52723726780292,-25.0503807262141));
#1357=CARTESIAN_POINT('',(3.80748263574853,6.44352600934774,-24.8367069887865));
#1358=CARTESIAN_POINT('',(4.0247792961949,6.31072245743579,-24.5359476876504));
#1359=CARTESIAN_POINT('',(4.14461289430036,6.23395640134422,-24.3765552136391));
#1360=CARTESIAN_POINT('',(4.46539170127406,6.0140287430343,-23.960663892006));
#1361=CARTESIAN_POINT('',(4.73889921369476,5.80229712559439,-23.624248553439));
#1362=CARTESIAN_POINT('',(5.11625483185065,5.47860910264427,-23.1717099805305));
#1363=CARTESIAN_POINT('',(5.4806247610065,5.11564416267288,-22.7490613372362));
#1364=CARTESIAN_POINT('',(5.69103671382054,4.87710297688585,-22.5072933011515));
#1365=CARTESIAN_POINT('',(5.81812884058446,4.72340303940626,-22.3649976835593));
#1366=CARTESIAN_POINT('',(5.81812884058435,4.72340303923401,-22.3649976837453));
#1367=CARTESIAN_POINT('',(5.81812884058969,4.72340303923331,-22.3649976837461));
#1368=CARTESIAN_POINT('',(5.8227494419081,10.2527759760018,-27.4864669348492));
#1369=CARTESIAN_POINT('',(5.82177115575974,7.50119698616639,-34.5030363119249));
#1370=CARTESIAN_POINT('',(5.81643684024118,-0.0356059864525674,-34.5005449888414));
#1371=CARTESIAN_POINT('',(7.51528768783344,-0.0340543467841576,-26.1689398832326));
#1372=CARTESIAN_POINT('',(7.51262890337579,-0.027678386359684,-6.88530019476932));
#1373=CARTESIAN_POINT('',(7.51667738869796,1.92944046260369,-26.1695889033569));
#1374=CARTESIAN_POINT('',(7.51401860424031,1.93581642302817,-6.8859492148936));
#1375=CARTESIAN_POINT('',(5.89653333507247,5.84194644729913,-26.1711059198116));
#1376=CARTESIAN_POINT('',(5.89387455061482,5.8483224077236,-6.88746623134825));
#1377=CARTESIAN_POINT('',(0.0211730179484576,8.28382403422904,-26.1727233861227));
#1378=CARTESIAN_POINT('',(0.0185142334908123,8.29019999465351,-6.88908369765935));
#1379=CARTESIAN_POINT('',(-5.85763798223672,5.85026514941683,-26.1727293093986));
#1380=CARTESIAN_POINT('',(-5.86029676669436,5.85664110984131,-6.88908962093522));
#1381=CARTESIAN_POINT('',(-7.4833187113354,1.94005631088032,-26.1716605795999));
#1382=CARTESIAN_POINT('',(-7.48597749579305,1.94643227130479,-6.88802089113653));
#1383=CARTESIAN_POINT('',(-7.48470841219991,-0.0234384985075313,-26.1710115594756));
#1384=CARTESIAN_POINT('',(-7.48736719665756,-0.0170625380830577,-6.88737187101226));
#1385=CARTESIAN_POINT('',(7.51540231540686,-0.0343292319916876,-27.0003106798206));
#1386=CARTESIAN_POINT('',(7.51264476099274,-0.0277164139566802,-7.00031196229495));
#1387=CARTESIAN_POINT('',(7.51450611022228,-0.0321800661303162,-20.5003110966247));
#1388=CARTESIAN_POINT('',(6.01791731702244,4.46833852371983,-22.140102956384));
#1389=CARTESIAN_POINT('',(6.24977465784314,4.15877696878964,-21.8819405782018));
#1390=CARTESIAN_POINT('',(6.62706679667043,3.56789418975567,-21.4627986363811));
#1391=CARTESIAN_POINT('',(7.12163679743795,2.47896449698327,-20.92540866795));
#1392=CARTESIAN_POINT('',(7.38862995178505,1.44259814715467,-20.6365763202748));
#1393=CARTESIAN_POINT('',(7.4823643704658,0.732579394499051,-20.5360594702171));
#1394=CARTESIAN_POINT('',(7.51029719897161,0.270794112903299,-20.5044165153156));
#1395=CARTESIAN_POINT('',(7.51460691044517,0.109993525184933,-20.5016194625552));
#1396=CARTESIAN_POINT('',(7.5145061101667,-0.0321800661302794,-20.5003110966247));
#1397=CARTESIAN_POINT('',(6.01791731686761,4.46833852360387,-22.140102956384));
#1398=CARTESIAN_POINT('',(6.01788475894778,4.46841659988706,-21.9039667802954));
#1399=CARTESIAN_POINT('',(6.01795369780812,4.46825127943618,-22.4039667482335));
#1400=CARTESIAN_POINT('',(6.01795369780812,4.46825127943618,-22.4039667482335));
#1401=CARTESIAN_POINT('',(5.95287582888845,4.55515132781086,-22.3937828053115));
#1402=CARTESIAN_POINT('',(5.88619718991458,4.64025281987801,-22.3808743899567));
#1403=CARTESIAN_POINT('',(5.81812884058435,4.72340303923401,-22.3649976837453));
#1404=CARTESIAN_POINT('',(0.0152896375171263,-0.028746422926329,-26.169975721354));
#1405=CARTESIAN_POINT('',(-5.78186814351923,4.73161262856673,-22.36659978004));
#1406=CARTESIAN_POINT('',(-5.85004321754652,4.64856677092067,-22.3824937854145));
#1407=CARTESIAN_POINT('',(-5.91684614244705,4.56355054139489,-22.3954223024308));
#1408=CARTESIAN_POINT('',(-5.98204318230748,4.47674395805755,-22.4056240892279));
#1409=CARTESIAN_POINT('',(-5.98204318230748,4.47674395805755,-22.4056240892279));
#1410=CARTESIAN_POINT('',(-5.98214850210832,4.4769965226761,-21.6417603294402));
#1411=CARTESIAN_POINT('',(-5.98207956324799,4.47683120222523,-22.1417602973783));
#1412=CARTESIAN_POINT('',(-7.48548998986666,-0.0215642178536434,-20.5023827728676));
#1413=CARTESIAN_POINT('',(-7.48515242199004,0.454902909995092,-20.5049961622701));
#1414=CARTESIAN_POINT('',(-7.41070183786647,1.24645634802654,-20.5806458739436));
#1415=CARTESIAN_POINT('',(-7.136961147601,2.29427846263227,-20.8758051920579));
#1416=CARTESIAN_POINT('',(-6.85131390314665,3.01018988686098,-21.184753198785));
#1417=CARTESIAN_POINT('',(-6.58253128286154,3.55581021354639,-21.4774825207696));
#1418=CARTESIAN_POINT('',(-6.35071380933194,3.94760840723326,-21.7325301576254));
#1419=CARTESIAN_POINT('',(-6.1337774503187,4.26967126155102,-21.9719389953345));
#1420=CARTESIAN_POINT('',(-6.05306668455656,4.38236140512515,-22.0634310959136));
#1421=CARTESIAN_POINT('',(-5.98207956309261,4.47683120210856,-22.1417602973782));
#1422=CARTESIAN_POINT('',(-7.48548998992223,-0.0215642178536049,-20.5023827728676));
#1423=CARTESIAN_POINT('',(-7.48459378473765,-0.0237133837149746,-27.0023823560635));
#1424=CARTESIAN_POINT('',(-7.48735133915178,-0.0171005656799698,-7.0023836385379));
#1425=CARTESIAN_POINT('',(-7.48735133909618,-0.0171005656800065,-7.0023836385379));
#1426=CARTESIAN_POINT('',(-7.4872035843288,0.156374963311314,-7.18326672080901));
#1427=CARTESIAN_POINT('',(-7.47724723905991,0.446287366605722,-7.46316691018395));
#1428=CARTESIAN_POINT('',(-7.42902538749786,0.968068058737007,-7.88469778816264));
#1429=CARTESIAN_POINT('',(-7.3271521628454,1.55344146524411,-8.25388457233269));
#1430=CARTESIAN_POINT('',(-7.13944653342127,2.29686754801274,-8.60512410528661));
#1431=CARTESIAN_POINT('',(-6.81005703122778,3.1452394009119,-8.7934806796334));
#1432=CARTESIAN_POINT('',(-6.44159871244674,3.80915153393732,-8.73289804529649));
#1433=CARTESIAN_POINT('',(-6.19229957717063,4.19256751295663,-8.62475286354968));
#1434=CARTESIAN_POINT('',(-6.10118101883214,4.32306528143255,-8.57061466220463));
#1435=CARTESIAN_POINT('',(-6.01887571299389,4.43446751115168,-8.51932072427457));
#1436=CARTESIAN_POINT('',(-6.01887571315025,4.43446751126723,-8.51932072427464));
#1437=CARTESIAN_POINT('',(6.05089059741412,4.42592549897036,-8.51765423540772));
#1438=CARTESIAN_POINT('',(5.89626399227775,4.63574226450682,-8.83191571216297));
#1439=CARTESIAN_POINT('',(5.56489146431965,5.03237321249311,-9.43409438717206));
#1440=CARTESIAN_POINT('',(5.13666849418184,5.47257967111523,-10.1141118507139));
#1441=CARTESIAN_POINT('',(4.446641135959,6.04230057279137,-11.0035305193761));
#1442=CARTESIAN_POINT('',(3.87336027213045,6.42611841653712,-11.6102338106233));
#1443=CARTESIAN_POINT('',(2.96096224872981,6.89343481319041,-12.351963255685));
#1444=CARTESIAN_POINT('',(2.18122318480596,7.1772372443429,-12.8062512607717));
#1445=CARTESIAN_POINT('',(1.06377000270779,7.43149704399991,-13.2124856592088));
#1446=CARTESIAN_POINT('',(0.0101676744877142,7.49761127652624,-13.318737790781));
#1447=CARTESIAN_POINT('',(-1.03629142701705,7.43114592825819,-13.2098295351837));
#1448=CARTESIAN_POINT('',(-2.1493893162993,7.17866517884474,-12.8042237204563));
#1449=CARTESIAN_POINT('',(-2.93002752183455,6.89523105889494,-12.3489881858349));
#1450=CARTESIAN_POINT('',(-3.84230950059349,6.42875397530725,-11.6068227959234));
#1451=CARTESIAN_POINT('',(-4.41590837127681,6.04552254599565,-10.9999489601841));
#1452=CARTESIAN_POINT('',(-5.1073148436218,5.47552431820725,-10.108838795316));
#1453=CARTESIAN_POINT('',(-5.53356539832729,5.03809325058315,-9.43238526193695));
#1454=CARTESIAN_POINT('',(-5.86447942012735,4.64323499525005,-8.83229534680729));
#1455=CARTESIAN_POINT('',(-6.0188756805531,4.43446755479817,-8.51932121237817));
#1456=CARTESIAN_POINT('',(6.05089062951265,4.4259254551528,-8.5176537472922));
#1457=CARTESIAN_POINT('',(6.05089062966687,4.42592545526643,-8.51765374729222));
#1458=CARTESIAN_POINT('',(6.19469726362721,4.23073547253434,-8.60937971408684));
#1459=CARTESIAN_POINT('',(6.40388770599469,3.91729377191722,-8.71359421037903));
#1460=CARTESIAN_POINT('',(6.84981205667926,3.12280335491587,-8.79689856686161));
#1461=CARTESIAN_POINT('',(7.16693302825942,2.28806857598648,-8.60159902560773));
#1462=CARTESIAN_POINT('',(7.35523010334159,1.54419557557092,-8.25334489027945));
#1463=CARTESIAN_POINT('',(7.45583549406503,0.953312136415119,-7.87838138775799));
#1464=CARTESIAN_POINT('',(7.49536485465137,0.53709808144573,-7.54504604212097));
#1465=CARTESIAN_POINT('',(7.51054717803723,0.193391670729094,-7.22756108931902));
#1466=CARTESIAN_POINT('',(7.51272986167669,0.0723526151084331,-7.1037032209424));
#1467=CARTESIAN_POINT('',(7.51264476093717,-0.0277164139566426,-7.00031196229496));
#1468=CARTESIAN_POINT('',(8.01186056548308,0.0350905007865564,-0.998390486868033));
#1469=CARTESIAN_POINT('',(6.11186089819153,0.0364351635820221,-0.998652902793608));
#1470=CARTESIAN_POINT('',(8.01149509241658,-0.487537992404082,-1.03024958865083));
#1471=CARTESIAN_POINT('',(6.11149542512503,-0.486193329608616,-1.03051200457641));
#1472=CARTESIAN_POINT('',(8.01064911458383,-1.49942109038244,-0.0900770582301903));
#1473=CARTESIAN_POINT('',(6.11064944729229,-1.49807642758698,-0.0903394741557654));
#1474=CARTESIAN_POINT('',(8.01113325304989,-0.609230572709319,0.966044674556865));
#1475=CARTESIAN_POINT('',(6.11113358575834,-0.607885909913853,0.96578225863129));
#1476=CARTESIAN_POINT('',(8.01149872611639,-0.0866020795186806,0.997903776339662));
#1477=CARTESIAN_POINT('',(6.11149905882484,-0.0852574167232149,0.997641360414087));
#1478=CARTESIAN_POINT('',(8.01149889132439,-0.086602079635581,0.997903776362094));
#1479=CARTESIAN_POINT('',(8.01149856878342,-0.0866020794073113,0.997903776317546));
#1480=CARTESIAN_POINT('',(6.11149906275748,-0.0852574167259784,0.997641360414248));
#1481=CARTESIAN_POINT('',(8.01167948695262,-0.0257557892536383,-0.00024335528620717));
#1482=CARTESIAN_POINT('',(8.01186040512183,0.0350905009000226,-0.99839048688978));
#1483=CARTESIAN_POINT('',(8.01186073069107,0.0350905006696114,-0.998390486844816));
#1484=CARTESIAN_POINT('',(6.11186089909588,0.0364351635813573,-0.998652902793079));
#1485=CARTESIAN_POINT('',(6.11167998092668,-0.0244111265723006,-0.000505771189519832));
#1486=CARTESIAN_POINT('',(-6.08813592604213,0.0450693134278124,-1.00033788911953));
#1487=CARTESIAN_POINT('',(-7.98813543600071,0.0464139761119307,-1.00060030502338));
#1488=CARTESIAN_POINT('',(-6.08850139910863,-0.477559179762826,-1.03219699090233));
#1489=CARTESIAN_POINT('',(-7.98850090906721,-0.476214517078707,-1.03245940680618));
#1490=CARTESIAN_POINT('',(-6.08934737694137,-1.48944227774119,-0.0920244604816901));
#1491=CARTESIAN_POINT('',(-7.98934688689996,-1.48809761505707,-0.0922868763855354));
#1492=CARTESIAN_POINT('',(-6.08886323847531,-0.599251760068064,0.964097272305366));
#1493=CARTESIAN_POINT('',(-7.9888627484339,-0.597907097383946,0.963834856401521));
#1494=CARTESIAN_POINT('',(-6.08849776540882,-0.076623266877426,0.995956374088164));
#1495=CARTESIAN_POINT('',(-7.9884972753674,-0.0752786041933076,0.995693958184319));
#1496=CARTESIAN_POINT('',(8.01149889132439,-0.086602079635581,0.997903776362094));
#1497=CARTESIAN_POINT('',(-6.08849776540881,-0.0766232668774035,0.995956374087753));
#1498=CARTESIAN_POINT('',(-7.98849727143476,-0.0752786041960697,0.995693958184496));
#1499=CARTESIAN_POINT('',(-6.08831684723962,-0.01577697672373,-0.00219075751600045));
#1500=CARTESIAN_POINT('',(-6.08813592907042,0.0450693134299305,-1.00033788911955));
#1501=CARTESIAN_POINT('',(8.01186073069107,0.0350905006696114,-0.998390486844816));
#1502=CARTESIAN_POINT('',(-7.98813543509635,0.0464139761112668,-1.00060030502286));
#1503=CARTESIAN_POINT('',(-7.98831635326555,-0.0144323140423949,-0.00245317341931311));
#1504=CARTESIAN_POINT('',(-5.98470615795679,-0.0857865671089281,-26.5040280210062));
#1505=CARTESIAN_POINT('',(6.01529072613948,-0.0942791735201456,-26.5023706574058));
#1506=CARTESIAN_POINT('',(-5.98507163102329,-0.60841506029957,-26.535887122789));
#1507=CARTESIAN_POINT('',(6.01492525307299,-0.616907666710788,-26.5342297591886));
#1508=CARTESIAN_POINT('',(-5.98555576948935,-1.4986055779727,-27.592008855576));
#1509=CARTESIAN_POINT('',(6.01444111460692,-1.50709818438391,-27.5903514919756));
#1510=CARTESIAN_POINT('',(-5.9847097916566,-0.486722479994325,-28.5321813859967));
#1511=CARTESIAN_POINT('',(6.01528709243968,-0.495215086405543,-28.5305240223963));
#1512=CARTESIAN_POINT('',(-5.9843443185901,0.0359060131963169,-28.5003222842139));
#1513=CARTESIAN_POINT('',(6.01565256550617,0.0274134067850994,-28.4986649206135));
#1514=CARTESIAN_POINT('',(-7.98434342122771,0.0373214473306108,-28.500598511428));
#1515=CARTESIAN_POINT('',(-5.98434431768574,0.035906013195649,-28.5003222842133));
#1516=CARTESIAN_POINT('',(6.01565256247789,0.0274134067872137,-28.4986649206134));
#1517=CARTESIAN_POINT('',(-5.98452523585496,-0.0249402769580149,-27.5021751526097));
#1518=CARTESIAN_POINT('',(-5.98470615402414,-0.0857865671116866,-26.504028021006));
#1519=CARTESIAN_POINT('',(-7.98470526059441,-0.0843711329745851,-26.5043042482211));
#1520=CARTESIAN_POINT('',(6.01529072613948,-0.0942791735201228,-26.5023706574062));
#1521=CARTESIAN_POINT('',(6.01547164430868,-0.033432883366445,-27.5005177890099));
#1522=CARTESIAN_POINT('',(6.01793579309649,4.49075551936371,-22.1590093705252));
#1523=CARTESIAN_POINT('',(7.52693540077106,4.48968756502708,-22.1588009598952));
#1524=CARTESIAN_POINT('',(6.01690438269429,3.24010972249306,-21.0997280990548));
#1525=CARTESIAN_POINT('',(7.52590399036885,3.23904176815642,-21.0995196884247));
#1526=CARTESIAN_POINT('',(6.01566650556191,1.60784190443676,-20.5010600116847));
#1527=CARTESIAN_POINT('',(7.52466611323648,1.60677395010012,-20.5008516010547));
#1528=CARTESIAN_POINT('',(6.0145065002078,-0.031118481302642,-20.500518264249));
#1529=CARTESIAN_POINT('',(7.52350610788236,-0.0321864356392791,-20.500309853619));
#1530=CARTESIAN_POINT('',(6.01450650020781,-0.0311184813026472,-20.500518264249));
#1531=CARTESIAN_POINT('',(6.01450650020781,-0.0311184813026472,-20.500518264249));
#1532=CARTESIAN_POINT('',(6.01547164425269,-0.033432967604134,-27.5005178145113));
#1533=CARTESIAN_POINT('',(-7.49106069469362,4.50031615232173,-22.1608751221496));
#1534=CARTESIAN_POINT('',(-5.98206108701907,4.4992481979851,-22.1606667115195));
#1535=CARTESIAN_POINT('',(-7.49209210509582,3.24967035545108,-21.1015938506791));
#1536=CARTESIAN_POINT('',(-5.98309249742127,3.24860240111444,-21.1013854400491));
#1537=CARTESIAN_POINT('',(-7.4933299822282,1.61740253739477,-20.502925763309));
#1538=CARTESIAN_POINT('',(-5.98433037455365,1.61633458305813,-20.502717352679));
#1539=CARTESIAN_POINT('',(-7.49448998758232,-0.021557848344632,-20.5023840158733));
#1540=CARTESIAN_POINT('',(-5.98549037990776,-0.0226258026812691,-20.5021756052433));
#1541=CARTESIAN_POINT('',(-7.98550185992396,-0.0212103477517031,-20.5024518303997));
#1542=CARTESIAN_POINT('',(-5.9854903799078,-0.0226258026812757,-20.5021756052433));
#1543=CARTESIAN_POINT('',(-5.98452523586305,-0.024940288982823,-27.5021751555059));
#1544=CARTESIAN_POINT('',(7.03287078430324,-4.06854914074556,-1.1647458831252));
#1545=CARTESIAN_POINT('',(7.04376375520482,9.76338914668598,-9.15671878953551));
#1546=CARTESIAN_POINT('',(6.4448249794743,-4.74948964336103,-2.34407077423668));
#1547=CARTESIAN_POINT('',(6.45571795037588,9.08244864407051,-10.336043680647));
#1548=CARTESIAN_POINT('',(4.45486858738127,-5.93330180095509,-4.39564094868197));
#1549=CARTESIAN_POINT('',(4.46576155828284,7.89863648647646,-12.3876138550923));
#1550=CARTESIAN_POINT('',(1.49123306680792,-6.37541013126729,-5.16485000546545));
#1551=CARTESIAN_POINT('',(1.5021260377095,7.45652815616425,-13.1568229118758));
#1552=CARTESIAN_POINT('',(0.00789767269013183,-6.37436034008075,-5.16505487154013));
#1553=CARTESIAN_POINT('',(0.0187906435917095,7.4575779473508,-13.1570277779504));
#1554=CARTESIAN_POINT('',(0.00307130613654005,-12.5029000126047,-1.62403827647953));
#1555=CARTESIAN_POINT('',(0.00796225552154514,-6.2923528008592,-5.21243811017108));
#1556=CARTESIAN_POINT('',(0.018726060786782,7.37557042327514,-13.109644513106));
#1557=CARTESIAN_POINT('',(0.00796225552154514,-6.2923528008592,-5.21243811017108));
#1558=CARTESIAN_POINT('',(1.25378500273867,-6.29323449877269,-5.21226604736707));
#1559=CARTESIAN_POINT('',(2.46346262682405,-6.07555840723365,-4.99371126283842));
#1560=CARTESIAN_POINT('',(3.56656046976511,-5.65199892871081,-4.56949932180911));
#1561=CARTESIAN_POINT('',(3.56656046976511,-5.65199892871081,-4.56949932180911));
#1562=CARTESIAN_POINT('',(4.3831062247346,-0.0255842021702219,-7.25074417725544));
#1563=CARTESIAN_POINT('',(4.18664805883245,-0.300378840307812,-7.24969528176509));
#1564=CARTESIAN_POINT('',(3.85077399409343,-0.762383445894379,-7.22540807230754));
#1565=CARTESIAN_POINT('',(3.42053745561471,-1.38162320883168,-7.13011625695538));
#1566=CARTESIAN_POINT('',(3.09277716488349,-1.88909139592231,-7.01105224607843));
#1567=CARTESIAN_POINT('',(2.76504356227703,-2.46358972901475,-6.83664589380887));
#1568=CARTESIAN_POINT('',(2.51900587974273,-2.99037279102581,-6.63322128710227));
#1569=CARTESIAN_POINT('',(2.42132410602619,-3.71933755206941,-6.24932104530834));
#1570=CARTESIAN_POINT('',(2.51607510980812,-4.17185711017502,-5.95109006893562));
#1571=CARTESIAN_POINT('',(2.67477060546827,-4.55668121387766,-5.66313075620843));
#1572=CARTESIAN_POINT('',(2.84004941749005,-4.82922233172104,-5.43256223636981));
#1573=CARTESIAN_POINT('',(3.07913184747759,-5.14971588497743,-5.13288079175964));
#1574=CARTESIAN_POINT('',(3.32446557396436,-5.41904376127709,-4.84615115957529));
#1575=CARTESIAN_POINT('',(3.45848439753179,-5.54929217639973,-4.69445079530205));
#1576=CARTESIAN_POINT('',(3.56656046979502,-5.65199892873935,-4.56949932185843));
#1577=CARTESIAN_POINT('',(4.38310622467354,-0.0255842021262744,-7.25074417717947));
#1578=CARTESIAN_POINT('',(6.11440934976983,2.50629804350591,-6.79447395339755));
#1579=CARTESIAN_POINT('',(5.97811216128588,2.28691010933773,-6.87545121770837));
#1580=CARTESIAN_POINT('',(5.71497822138277,1.87994927283568,-7.00655410543372));
#1581=CARTESIAN_POINT('',(5.27970329673538,1.23643694107784,-7.14960428959297));
#1582=CARTESIAN_POINT('',(4.91755375097074,0.72038248156681,-7.21844875734239));
#1583=CARTESIAN_POINT('',(4.599827482468,0.276566652799412,-7.24665349580876));
#1584=CARTESIAN_POINT('',(4.48175188659419,0.110479362044459,-7.25016233268104));
#1585=CARTESIAN_POINT('',(4.3831062247346,-0.0255842021702219,-7.25074417725544));
#1586=CARTESIAN_POINT('',(6.11440934960672,2.50629804356781,-6.79447395329073));
#1587=CARTESIAN_POINT('',(6.10378100072225,-10.9896221416209,1.00335063396269));
#1588=CARTESIAN_POINT('',(6.11418550144903,2.2220547521215,-6.63024066675756));
#1589=CARTESIAN_POINT('',(7.01793503096353,3.87709154747252,-5.81186467266107));
#1590=CARTESIAN_POINT('',(6.74021896836172,3.28965978346011,-6.2007215875099));
#1591=CARTESIAN_POINT('',(6.4886828741667,2.84008683408997,-6.4165614142377));
#1592=CARTESIAN_POINT('',(6.11418550161214,2.22205475205962,-6.63024066686449));
#1593=CARTESIAN_POINT('',(7.01791198501718,3.87712178155845,-5.81189333364089));
#1594=CARTESIAN_POINT('',(7.01792774228016,3.87711830306459,-5.81189933249375));
#1595=CARTESIAN_POINT('',(6.90309908301893,3.76930084042853,-6.05100221454875));
#1596=CARTESIAN_POINT('',(6.69882333923339,3.67482767890705,-6.45853131445631));
#1597=CARTESIAN_POINT('',(6.34814499343203,3.76279787096778,-7.16167663793065));
#1598=CARTESIAN_POINT('',(6.08799236884763,3.96278139042966,-7.68429794111047));
#1599=CARTESIAN_POINT('',(5.8747113955508,4.19387904894662,-8.12023193936112));
#1600=CARTESIAN_POINT('',(5.8029190890465,4.28795740447269,-8.27147264640961));
#1601=CARTESIAN_POINT('',(5.74025259177241,4.37377270930929,-8.40277741957485));
#1602=CARTESIAN_POINT('',(5.74025259163524,4.37377270937023,-8.40277741946954));
#1603=CARTESIAN_POINT('',(5.74025259177241,4.37377270930929,-8.40277741957485));
#1604=CARTESIAN_POINT('',(5.59565370528586,4.57578820504905,-8.70807124682125));
#1605=CARTESIAN_POINT('',(5.33706817990793,4.9049134437978,-9.20745873222471));
#1606=CARTESIAN_POINT('',(4.86280064338799,5.41503972367609,-9.99743927248968));
#1607=CARTESIAN_POINT('',(4.24508021000051,5.94305380073798,-10.8253281435028));
#1608=CARTESIAN_POINT('',(3.680877960757,6.33869126074246,-11.4517137140257));
#1609=CARTESIAN_POINT('',(2.83326913428964,6.79261017184712,-12.1752434024282));
#1610=CARTESIAN_POINT('',(2.06516729026472,7.08098606389503,-12.636962797165));
#1611=CARTESIAN_POINT('',(1.24769442926733,7.28125239469477,-12.9596218458863));
#1612=CARTESIAN_POINT('',(0.526387931272035,7.36234282878556,-13.0877367878558));
#1613=CARTESIAN_POINT('',(0.242742225972377,7.37288559796578,-13.1081539447269));
#1614=CARTESIAN_POINT('',(0.0187260607602842,7.37557040809724,-13.1096445393749));
#1615=CARTESIAN_POINT('',(-4.34562712684496,2.5282437359516,-6.79048374037758));
#1616=CARTESIAN_POINT('',(-6.08557793679917,2.52947513985892,-6.79072404809052));
#1617=CARTESIAN_POINT('',(-4.34616005194197,1.71578425888991,-7.09510264665969));
#1618=CARTESIAN_POINT('',(-6.08611086189618,1.71701566279723,-7.09534295437263));
#1619=CARTESIAN_POINT('',(-4.34675230090629,0.84828281076259,-7.25223676691566));
#1620=CARTESIAN_POINT('',(-6.0867031108605,0.849514214669904,-7.25247707462859));
#1621=CARTESIAN_POINT('',(-4.34736642375394,-0.0194054423185462,-7.25194995834469));
#1622=CARTESIAN_POINT('',(-6.08731723370815,-0.0181740384112321,-7.25219026605762));
#1623=CARTESIAN_POINT('',(6.21267956841032,-0.0268790339981442,-7.25049149153839));
#1624=CARTESIAN_POINT('',(-4.35774386397235,-0.0193980979612419,-7.25195139159147));
#1625=CARTESIAN_POINT('',(-6.08731723370811,-0.0181740384112405,-7.25219026605761));
#1626=CARTESIAN_POINT('',(-4.35774386397235,-0.0193980979612525,-7.25195139159148));
#1627=CARTESIAN_POINT('',(-4.45321217960276,0.113770348801282,-7.25200858548935));
#1628=CARTESIAN_POINT('',(-4.63159552242759,0.363365164688977,-7.24367276254893));
#1629=CARTESIAN_POINT('',(-4.79290071919442,0.589649295639365,-7.22872866715414));
#1630=CARTESIAN_POINT('',(-5.05376054298925,0.960111805432982,-7.18876343360002));
#1631=CARTESIAN_POINT('',(-5.31528429083437,1.33728129994316,-7.12885103066068));
#1632=CARTESIAN_POINT('',(-5.61014487756214,1.77354039630284,-7.03486350244349));
#1633=CARTESIAN_POINT('',(-5.89383015456607,2.20957077288525,-6.9041437016535));
#1634=CARTESIAN_POINT('',(-6.00470363501511,2.38603986259801,-6.84413800891917));
#1635=CARTESIAN_POINT('',(-6.08558747851083,2.51493226685888,-6.79615891670489));
#1636=CARTESIAN_POINT('',(-6.08558747851085,2.51493226683282,-6.79615891663497));
#1637=CARTESIAN_POINT('',(-6.08831684718298,-0.0157768918844674,-0.00219073204145307));
#1638=CARTESIAN_POINT('',(-7.4883164831967,-0.01478607936772,-0.00238408740392548));
#1639=CARTESIAN_POINT('',(-7.98748908687732,-0.0164160631689995,-6.00245275853636));
#1640=CARTESIAN_POINT('',(-7.98748908687732,-0.0164160631689995,-6.00245275853636));
#1641=CARTESIAN_POINT('',(-7.98831635320157,-0.0144322177584979,-0.00245314327868701));
#1642=CARTESIAN_POINT('',(-7.98914361952581,-0.0124483723479962,5.99754647197902));
#1643=CARTESIAN_POINT('',(-7.98914361952581,-0.0124483723479962,5.99754647197902));
#1644=CARTESIAN_POINT('',(-7.48928162724167,-0.0124715930554676,6.99761546373005));
#1645=CARTESIAN_POINT('',(-7.48457445260858,4.17887063909065,-5.6071346907995));
#1646=CARTESIAN_POINT('',(-7.48063497097399,10.697051507293,-0.730017104232437));
#1647=CARTESIAN_POINT('',(-7.48351980796374,8.12834733748995,6.99492457028388));
#1648=CARTESIAN_POINT('',(-7.48928162724168,-0.0124715930554641,6.99761546373005));
#1649=CARTESIAN_POINT('',(-7.48457125359671,4.17887024556408,-5.60713416744221));
#1650=CARTESIAN_POINT('',(-7.48831648319631,-0.0147860795126377,-0.0023840881161548));
#1651=CARTESIAN_POINT('',(-7.48549955012519,2.70693014017246,-6.45158968872903));
#1652=CARTESIAN_POINT('',(-7.48639388373332,1.36541550534603,-6.86496259556554));
#1653=CARTESIAN_POINT('',(-7.48608077606999,1.82492161686526,-6.77254801515963));
#1654=CARTESIAN_POINT('',(-7.48578066319046,2.27510246584439,-6.63382978123665));
#1655=CARTESIAN_POINT('',(-7.48549955016032,2.70693014032276,-6.45158968868562));
#1656=CARTESIAN_POINT('',(-7.48640877078693,1.36541698373894,-6.86496989602939));
#1657=CARTESIAN_POINT('',(-7.48639388373335,1.36541550534607,-6.86496259556549));
#1658=CARTESIAN_POINT('',(-7.486702432323,0.910649020083829,-6.95642666671856));
#1659=CARTESIAN_POINT('',(-7.48702369219935,0.446772739857695,-7.00253563284311));
#1660=CARTESIAN_POINT('',(-7.48735133915181,-0.017100565679972,-7.00238363853792));
#1661=CARTESIAN_POINT('',(7.51167961694776,-0.0254019276444261,-0.000312411161086658));
#1662=CARTESIAN_POINT('',(7.51071447290288,-0.023087441332172,6.99968713997288));
#1663=CARTESIAN_POINT('',(8.01085222062839,-0.0237719438431474,5.99975625997141));
#1664=CARTESIAN_POINT('',(7.51071447290287,-0.0230874413321789,6.999687139973));
#1665=CARTESIAN_POINT('',(8.01167948695262,-0.02575578925365,-0.000243355286200231));
#1666=CARTESIAN_POINT('',(8.01250675327687,-0.0277396346641517,-6.00024297054402));
#1667=CARTESIAN_POINT('',(7.51264476099276,-0.0277164139566776,-7.00031196229504));
#1668=CARTESIAN_POINT('',(7.51264476099279,-0.0277164139566756,-7.00031196229498));
#1669=CARTESIAN_POINT('',(7.51297307614117,0.43615689068772,-7.00046529251884));
#1670=CARTESIAN_POINT('',(7.51329500440264,0.900033437362624,-6.95435766222362));
#1671=CARTESIAN_POINT('',(7.51360422154839,1.35480044598447,-6.86289484838422));
#1672=CARTESIAN_POINT('',(7.51360422153874,1.35480044598353,-6.86289484837947));
#1673=CARTESIAN_POINT('',(7.51360422154839,1.35480044598447,-6.86289484838422));
#1674=CARTESIAN_POINT('',(7.51391666103511,1.81430655758248,-6.77047890538174));
#1675=CARTESIAN_POINT('',(7.51421610555055,2.26448713647798,-6.63175933581055));
#1676=CARTESIAN_POINT('',(7.51449655005488,2.6963142919024,-6.44951801250252));
#1677=CARTESIAN_POINT('',(7.51449655001926,2.6963142918955,-6.44951801248611));
#1678=CARTESIAN_POINT('',(7.51167961694788,-0.0254019277897118,-0.000312411873148143));
#1679=CARTESIAN_POINT('',(7.5154194838794,4.16825533119049,-5.60506297987658));
#1680=CARTESIAN_POINT('',(7.51071447290288,-0.0230874413321789,6.99968713997287));
#1681=CARTESIAN_POINT('',(7.51647629190229,8.1177310957067,6.99699624665677));
#1682=CARTESIAN_POINT('',(7.51936112891779,10.6864353909696,-0.727944971450011));
#1683=CARTESIAN_POINT('',(7.51542164775488,4.16825515303887,-5.60506274352798));
#1684=CARTESIAN_POINT('',(-7.48928194526856,-0.0124715928303819,6.99761546368616));
#1685=CARTESIAN_POINT('',(-6.08928199122816,-0.0134624055612834,6.99780882017942));
#1686=CARTESIAN_POINT('',(-7.49020368873767,-1.31479405741378,6.99804593769993));
#1687=CARTESIAN_POINT('',(-6.09020373469728,-1.31578487014468,6.9982392941932));
#1688=CARTESIAN_POINT('',(-7.49194252711283,-3.9171454427205,6.25295020873245));
#1689=CARTESIAN_POINT('',(-6.09194257307243,-3.9181362554514,6.25314356522571));
#1690=CARTESIAN_POINT('',(-7.49345176712006,-6.63826617653018,3.23683662515345));
#1691=CARTESIAN_POINT('',(-6.09345181307967,-6.63925698926108,3.23702998164672));
#1692=CARTESIAN_POINT('',(-7.49340181880315,-7.34822402409824,-0.762838527531616));
#1693=CARTESIAN_POINT('',(-6.09340186476275,-7.34921483682915,-0.762645171038351));
#1694=CARTESIAN_POINT('',(-7.49234036906983,-6.33854508097535,-3.27440192641899));
#1695=CARTESIAN_POINT('',(-6.09234041502944,-6.33953589370625,-3.27420856992572));
#1696=CARTESIAN_POINT('',(-7.49163229561308,-5.53860237212016,-4.30208670195032));
#1697=CARTESIAN_POINT('',(-6.09163234157268,-5.53959318485106,-4.30189334545706));
#1698=CARTESIAN_POINT('',(-7.98928149724652,-0.0121177314462454,6.9975464078553));
#1699=CARTESIAN_POINT('',(-6.08928199122816,-0.0134624055612934,6.99780882017939));
#1700=CARTESIAN_POINT('',(-7.48928162724168,-0.0124715930554641,6.99761546373005));
#1701=CARTESIAN_POINT('',(-7.49397663313957,-6.64600017995502,6.99980813239791));
#1702=CARTESIAN_POINT('',(-7.49524685813745,-9.5999026568772,1.06026379691424));
#1703=CARTESIAN_POINT('',(-7.49168235941051,-5.5953633735139,-4.22815570146799));
#1704=CARTESIAN_POINT('',(-7.49168269054497,-5.59536301743281,-4.22815543205662));
#1705=CARTESIAN_POINT('',(-6.0919972982954,-5.94254925764613,-3.7268861255903));
#1706=CARTESIAN_POINT('',(-6.2429071855983,-5.91089584638508,-3.77710424578346));
#1707=CARTESIAN_POINT('',(-6.43440349482429,-5.86958348609148,-3.84099268626747));
#1708=CARTESIAN_POINT('',(-6.93163376574827,-5.75098966230418,-4.01726600704008));
#1709=CARTESIAN_POINT('',(-7.24292247463366,-5.66683723684254,-4.13396506479335));
#1710=CARTESIAN_POINT('',(-7.49168267742582,-5.59536336037308,-4.22815571915234));
#1711=CARTESIAN_POINT('',(-6.09199709724629,-5.94254931914795,-3.72688602772152));
#1712=CARTESIAN_POINT('',(-6.0919969382938,-5.94254931901543,-3.7268860275456));
#1713=CARTESIAN_POINT('',(-6.09507144413778,-9.25742243006605,1.54777627561751));
#1714=CARTESIAN_POINT('',(-6.09369125190421,-6.24326432223403,6.99986803968684));
#1715=CARTESIAN_POINT('',(-6.08928199122816,-0.0134624055612874,6.99780882017935));
#1716=CARTESIAN_POINT('',(6.11071483688934,-0.0220966288263449,6.99949378352368));
#1717=CARTESIAN_POINT('',(7.51071490096263,-0.0230874416351192,6.99968714003214));
#1718=CARTESIAN_POINT('',(6.10979308431746,-1.32443195461913,6.99992426178864));
#1719=CARTESIAN_POINT('',(7.50979314839075,-1.3254227674279,7.0001176182971));
#1720=CARTESIAN_POINT('',(6.10805422991106,-3.92680893959952,6.25481342737175));
#1721=CARTESIAN_POINT('',(7.50805429398434,-3.9277997524083,6.25500678388021));
#1722=CARTESIAN_POINT('',(6.10654499458153,-6.6479337174645,3.23864525195648));
#1723=CARTESIAN_POINT('',(7.50654505865481,-6.64892453027327,3.23883860846494));
#1724=CARTESIAN_POINT('',(6.10659498380218,-7.35784398749054,-0.761082264125393));
#1725=CARTESIAN_POINT('',(7.50659504787546,-7.35883480029932,-0.760888907616932));
#1726=CARTESIAN_POINT('',(6.10765647640818,-6.34810587482333,-3.27265288192543));
#1727=CARTESIAN_POINT('',(7.50765654048147,-6.34909668763211,-3.27245952541697));
#1728=CARTESIAN_POINT('',(6.10836457045739,-5.54813260784976,-4.30033016905285));
#1729=CARTESIAN_POINT('',(7.50836463453068,-5.54912342065853,-4.30013681254439));
#1730=CARTESIAN_POINT('',(-7.98928149724652,-0.0121177314462454,6.9975464078553));
#1731=CARTESIAN_POINT('',(6.11071483688934,-0.0220966288263531,6.99949378352366));
#1732=CARTESIAN_POINT('',(6.10799988598468,-5.95118768144219,-3.72519447791386));
#1733=CARTESIAN_POINT('',(6.10492538624436,-9.26605227420214,1.54946728163915));
#1734=CARTESIAN_POINT('',(6.10630557974709,-6.25189355266166,7.00155300138079));
#1735=CARTESIAN_POINT('',(6.11071483688935,-0.0220966288263479,6.99949378352364));
#1736=CARTESIAN_POINT('',(6.10800004507642,-5.95118768180015,-3.72519447804609));
#1737=CARTESIAN_POINT('',(7.50831425124133,-5.60588659598694,-4.22620634557703));
#1738=CARTESIAN_POINT('',(7.25749509685666,-5.67746913308446,-4.13147858796078));
#1739=CARTESIAN_POINT('',(6.94830335300546,-5.76058691437425,-4.015662677349));
#1740=CARTESIAN_POINT('',(6.45047336792544,-5.87869817157906,-3.83922576391502));
#1741=CARTESIAN_POINT('',(6.25890793379206,-5.9197514324942,-3.77536537475236));
#1742=CARTESIAN_POINT('',(6.10800022599406,-5.95118759845732,-3.72519461104547));
#1743=CARTESIAN_POINT('',(7.50831425011049,-5.60588615147661,-4.22620601183198));
#1744=CARTESIAN_POINT('',(7.50831382318297,-5.60588659402412,-4.22620634724438));
#1745=CARTESIAN_POINT('',(7.50474919810662,-9.61060519769416,1.06220909819005));
#1746=CARTESIAN_POINT('',(7.50601939267305,-6.65672105108824,7.00187984335533));
#1747=CARTESIAN_POINT('',(7.51071447290288,-0.0230874413321789,6.99968713997287));
#1748=CARTESIAN_POINT('',(6.11441889131841,2.52084091659388,-6.78903908474625));
#1749=CARTESIAN_POINT('',(4.37446808136411,2.5220723205012,-6.78927939245918));
#1750=CARTESIAN_POINT('',(6.11388596622139,1.70838143953219,-7.09365799102837));
#1751=CARTESIAN_POINT('',(4.37393515626709,1.7096128434395,-7.0938982987413));
#1752=CARTESIAN_POINT('',(6.11329371725708,0.840879991404858,-7.25079211128433));
#1753=CARTESIAN_POINT('',(4.37334290730278,0.842111395312172,-7.25103241899727));
#1754=CARTESIAN_POINT('',(6.11267959440943,-0.0268082616762873,-7.25050530271336));
#1755=CARTESIAN_POINT('',(4.37272878445513,-0.0255768577689731,-7.2507456104263));
#1756=CARTESIAN_POINT('',(6.21267956841032,-0.0268790339981442,-7.25049149153839));
#1757=CARTESIAN_POINT('',(6.11267959440941,-0.0268082616763001,-7.25050530271336));
#1758=CARTESIAN_POINT('',(6.11167998093432,-0.0244111151496378,-0.000505768697393102));
#1759=CARTESIAN_POINT('',(-5.78452528785803,-0.0250818336372232,-27.5021475340275));
#1760=CARTESIAN_POINT('',(-5.98358766736205,-0.0271886471254297,-34.3021747203361));
#1761=CARTESIAN_POINT('',(-5.98358766736205,-0.0271886471254297,-34.3021747203361));
#1762=CARTESIAN_POINT('',(-5.98204318230748,4.47674395805756,-22.4056240892279));
#1763=CARTESIAN_POINT('',(-5.97741043190691,10.0602894935886,-27.3374633176761));
#1764=CARTESIAN_POINT('',(-5.97831495425569,7.42257688716468,-34.3046371906874));
#1765=CARTESIAN_POINT('',(-5.98358766736205,-0.0271886471254323,-34.3021747203361));
#1766=CARTESIAN_POINT('',(-7.48454542625237,4.59980974053564,-5.26581175558865));
#1767=CARTESIAN_POINT('',(-6.26633586258724,4.10334185660923,-6.65019915004919));
#1768=CARTESIAN_POINT('',(-6.00168639406666,4.45764061198672,-8.50801410779641));
#1769=CARTESIAN_POINT('',(-7.48460453539034,4.48117469833962,-5.3698122732158));
#1770=CARTESIAN_POINT('',(-6.32732357389585,4.00160114766011,-6.75426356465214));
#1771=CARTESIAN_POINT('',(-6.12191192491306,4.29621250948517,-8.58788938925076));
#1772=CARTESIAN_POINT('',(-7.4846680379021,4.35550263229435,-5.47286741779124));
#1773=CARTESIAN_POINT('',(-6.39222612851204,3.89168681388321,-6.85081066945196));
#1774=CARTESIAN_POINT('',(-6.23893628152951,4.12532938481065,-8.64890845306238));
#1775=CARTESIAN_POINT('',(-7.48480425957826,4.09081448166427,-5.6742020495474));
#1776=CARTESIAN_POINT('',(-6.52604869832516,3.65545530732345,-7.02354598761369));
#1777=CARTESIAN_POINT('',(-6.45951071268846,3.77194786745278,-8.73103900870147));
#1778=CARTESIAN_POINT('',(-7.48487627425387,3.95314160574666,-5.7715687512953));
#1779=CARTESIAN_POINT('',(-6.59420327548881,3.53055077313656,-7.09911710533325));
#1780=CARTESIAN_POINT('',(-6.5620756565045,3.59128124058342,-8.75207899966667));
#1781=CARTESIAN_POINT('',(-7.48503174458262,3.66211940699616,-5.96126438934446));
#1782=CARTESIAN_POINT('',(-6.7311649374512,3.26260190242665,-7.22904720673935));
#1783=CARTESIAN_POINT('',(-6.75190605852125,3.22210494383769,-8.75742652812891));
#1784=CARTESIAN_POINT('',(-7.48511518202157,3.5087931078876,-6.05359372933073));
#1785=CARTESIAN_POINT('',(-6.7999388949237,3.11975306752443,-7.28351763731896));
#1786=CARTESIAN_POINT('',(-6.83917156199404,3.0335952677031,-8.74171806508108));
#1787=CARTESIAN_POINT('',(-7.4852983010255,3.18038135308998,-6.23325086682766));
#1788=CARTESIAN_POINT('',(-6.93521893071701,2.81174373804485,-7.36990078448524));
#1789=CARTESIAN_POINT('',(-6.9982456146677,2.64865436293896,-8.67440076959959));
#1790=CARTESIAN_POINT('',(-7.4853976893109,3.00589082046492,-6.32011554333114));
#1791=CARTESIAN_POINT('',(-7.00137662942829,2.64728078577067,-7.40159265183849));
#1792=CARTESIAN_POINT('',(-7.06956298103454,2.45309026587715,-8.62269497736583));
#1793=CARTESIAN_POINT('',(-7.48561254034689,2.6383668693499,-6.48305948677303));
#1794=CARTESIAN_POINT('',(-7.12445618928451,2.30221253634361,-7.43951119361764));
#1795=CARTESIAN_POINT('',(-7.19369257318545,2.06452199892836,-8.48734557728455));
#1796=CARTESIAN_POINT('',(-7.48572855972943,2.44431768509375,-6.55973367970949));
#1797=CARTESIAN_POINT('',(-7.181903003681,2.12068479893264,-7.44621572784803));
#1798=CARTESIAN_POINT('',(-7.24702610474326,1.87029033584386,-8.40350876045373));
#1799=CARTESIAN_POINT('',(-7.48598315991905,2.02963904326236,-6.70063845858987));
#1800=CARTESIAN_POINT('',(-7.28500500756894,1.73819266431591,-7.433321425191));
#1801=CARTESIAN_POINT('',(-7.337349341673,1.48213233729233,-8.20423519599693));
#1802=CARTESIAN_POINT('',(-7.48612246777193,1.80788468814891,-6.76513733751183));
#1803=CARTESIAN_POINT('',(-7.33094752480854,1.53613382731777,-7.41369026234379));
#1804=CARTESIAN_POINT('',(-7.37445138416006,1.28730994815844,-8.08814915640613));
#1805=CARTESIAN_POINT('',(-7.48657813459816,1.10136858775677,-6.92965717730899));
#1806=CARTESIAN_POINT('',(-7.44384148400784,0.908597218442549,-7.31270575175135));
#1807=CARTESIAN_POINT('',(-7.46137459044545,0.711194723839886,-7.69603035600916));
#1808=CARTESIAN_POINT('',(-7.48693189168063,0.575539834045995,-7.00254309585642));
#1809=CARTESIAN_POINT('',(-7.48699011584517,0.456792454734363,-7.18946514833258));
#1810=CARTESIAN_POINT('',(-7.48704798551973,0.3384926648705,-7.3766603168408));
#1811=CARTESIAN_POINT('',(-7.48735133915178,-0.0171005656799715,-7.0023836385379));
#1812=CARTESIAN_POINT('',(-7.48735133915178,-0.0171005656799715,-7.0023836385379));
#1813=CARTESIAN_POINT('',(-7.48735133915178,-0.0171005656799715,-7.0023836385379));
#1814=CARTESIAN_POINT('',(-7.48457387314445,4.17887216451249,-5.60713672961521));
#1815=CARTESIAN_POINT('',(-7.39827073862667,4.0189599048837,-5.81513929191932));
#1816=CARTESIAN_POINT('',(-7.24576587025239,3.83908695527068,-6.13935221427085));
#1817=CARTESIAN_POINT('',(-7.00214529379579,3.74947108276898,-6.6256094069749));
#1818=CARTESIAN_POINT('',(-6.75626599358993,3.78411178754904,-7.10289255090811));
#1819=CARTESIAN_POINT('',(-6.59156595791647,3.87580779636389,-7.41772938851149));
#1820=CARTESIAN_POINT('',(-6.48605594687161,3.9465377591253,-7.61862245464592));
#1821=CARTESIAN_POINT('',(-6.36416028247503,4.04725710971986,-7.85128139257978));
#1822=CARTESIAN_POINT('',(-6.31280974657886,4.09499179215141,-7.94918112125105));
#1823=CARTESIAN_POINT('',(-6.14806728896303,4.26355485023422,-8.26574217345233));
#1824=CARTESIAN_POINT('',(-6.05866651391063,4.38065837393523,-8.44065306317353));
#1825=CARTESIAN_POINT('',(-6.01887523122071,4.43446690517903,-8.51931985784416));
#1826=CARTESIAN_POINT('',(6.0991762953758,-5.95313556477147,-3.72233005549839));
#1827=CARTESIAN_POINT('',(6.13545728800161,-5.9455100090374,-3.73434945152702));
#1828=CARTESIAN_POINT('',(6.17173828062742,-5.93788445330334,-3.74636884755566));
#1829=CARTESIAN_POINT('',(6.20801927325324,-5.93025889756927,-3.75838824358434));
#1830=CARTESIAN_POINT('',(6.66489525886086,-5.83423249256599,-3.9097450012016));
#1831=CARTESIAN_POINT('',(7.10784952577119,-5.72089804238619,-4.07481391409847));
#1832=CARTESIAN_POINT('',(7.54432047534158,-5.59557950582672,-4.23981145453184));
#1833=CARTESIAN_POINT('',(7.54712272865976,-5.59477492929019,-4.24087078025704));
#1834=CARTESIAN_POINT('',(7.54992498197793,-5.59397035275366,-4.24193010598218));
#1835=CARTESIAN_POINT('',(7.55272723529609,-5.59316577621714,-4.24298943170733));
#1836=CARTESIAN_POINT('',(5.90998612370996,-5.74862398598952,-4.04748107631677));
#1837=CARTESIAN_POINT('',(5.94756959557626,-5.7434270923954,-4.05437423907103));
#1838=CARTESIAN_POINT('',(5.98515306744256,-5.73823019880128,-4.0612674018253));
#1839=CARTESIAN_POINT('',(6.02273653930886,-5.73303330520716,-4.06816056457957));
#1840=CARTESIAN_POINT('',(6.49601426708676,-5.66759033600837,-4.15496415784898));
#1841=CARTESIAN_POINT('',(6.97009231305993,-5.58362684179522,-4.26350504821251));
#1842=CARTESIAN_POINT('',(7.43754513185688,-5.48960249425011,-4.37896685648724));
#1843=CARTESIAN_POINT('',(7.44054629657092,-5.48899883428109,-4.37970815034812));
#1844=CARTESIAN_POINT('',(7.44354746128497,-5.48839517431207,-4.380449444209));
#1845=CARTESIAN_POINT('',(7.44654862599903,-5.48779151434304,-4.38119073806988));
#1846=CARTESIAN_POINT('',(5.72125279565358,-5.66481911696693,-4.44720806485693));
#1847=CARTESIAN_POINT('',(5.76011014417551,-5.65874552287976,-4.44727124785287));
#1848=CARTESIAN_POINT('',(5.79896749269743,-5.6526719287926,-4.44733443084881));
#1849=CARTESIAN_POINT('',(5.83782484121934,-5.64659833470544,-4.44739761384474));
#1850=CARTESIAN_POINT('',(6.3271441271372,-5.57011533123933,-4.44819325893195));
#1851=CARTESIAN_POINT('',(6.83235375167287,-5.48866597135849,-4.48312216564857));
#1852=CARTESIAN_POINT('',(7.33077038336778,-5.40890014434678,-4.53732652166438));
#1853=CARTESIAN_POINT('',(7.33397034355154,-5.40838802766722,-4.53767452726852));
#1854=CARTESIAN_POINT('',(7.3371703037353,-5.40787591098765,-4.5380225328727));
#1855=CARTESIAN_POINT('',(7.34037026391906,-5.40736379430809,-4.53837053847687));
#1856=CARTESIAN_POINT('',(5.5695481305486,-5.7180188296894,-4.8442207742997));
#1857=CARTESIAN_POINT('',(5.60855836086357,-5.70751840506817,-4.83875229433856));
#1858=CARTESIAN_POINT('',(5.64756859117856,-5.69701798044695,-4.83328381437746));
#1859=CARTESIAN_POINT('',(5.68657882149356,-5.68651755582573,-4.8278153344164));
#1860=CARTESIAN_POINT('',(6.17782330335632,-5.5542887632566,-4.75895235710524));
#1861=CARTESIAN_POINT('',(6.70421321516973,-5.44282942707749,-4.71874255138129));
#1862=CARTESIAN_POINT('',(7.22897039850323,-5.35723204650399,-4.70751318175007));
#1863=CARTESIAN_POINT('',(7.23233947165619,-5.35668248978325,-4.7074410863717));
#1864=CARTESIAN_POINT('',(7.23570854480912,-5.35613293306252,-4.70736899099321));
#1865=CARTESIAN_POINT('',(7.23907761796204,-5.3555833763418,-4.7072968956147));
#1866=CARTESIAN_POINT('',(5.56851031086782,-5.71838277175299,-4.84693675935585));
#1867=CARTESIAN_POINT('',(5.60752158705527,-5.70785206294868,-4.84143043699429));
#1868=CARTESIAN_POINT('',(5.64653286324272,-5.69732135414438,-4.83592411463273));
#1869=CARTESIAN_POINT('',(5.68554413943017,-5.68679064534008,-4.83041779227116));
#1870=CARTESIAN_POINT('',(6.17680179166082,-5.55418049286346,-4.76107827662023));
#1871=CARTESIAN_POINT('',(6.70333659894572,-5.44251585684075,-4.72035444296891));
#1872=CARTESIAN_POINT('',(7.22827397939365,-5.35687858229923,-4.70867743774133));
#1873=CARTESIAN_POINT('',(7.23164420945743,-5.35632876944919,-4.70860246842973));
#1874=CARTESIAN_POINT('',(7.23501443952117,-5.35577895659915,-4.7085274991181));
#1875=CARTESIAN_POINT('',(7.2383846695849,-5.35522914374911,-4.70845252980645));
#1876=CARTESIAN_POINT('',(5.56747249118707,-5.71874671381657,-4.84965274441199));
#1877=CARTESIAN_POINT('',(5.606484813247,-5.70818572082919,-4.84410857964999));
#1878=CARTESIAN_POINT('',(5.64549713530694,-5.69762472784181,-4.838564414888));
#1879=CARTESIAN_POINT('',(5.68450945736686,-5.68706373485444,-4.83302025012599));
#1880=CARTESIAN_POINT('',(6.17578027996536,-5.55407222247032,-4.76320419613519));
#1881=CARTESIAN_POINT('',(6.70245998272174,-5.442202286604,-4.72196633455663));
#1882=CARTESIAN_POINT('',(7.22757756028408,-5.35652511809448,-4.70984169373258));
#1883=CARTESIAN_POINT('',(7.23094894725863,-5.35597504911512,-4.70976385048777));
#1884=CARTESIAN_POINT('',(7.23432033423319,-5.35542498013577,-4.70968600724297));
#1885=CARTESIAN_POINT('',(7.23769172120773,-5.35487491115642,-4.70960816399816));
#1886=CARTESIAN_POINT('',(5.56643467150632,-5.71911065588015,-4.85236872946813));
#1887=CARTESIAN_POINT('',(5.60544803943872,-5.7085193787097,-4.8467867223057));
#1888=CARTESIAN_POINT('',(5.64446140737113,-5.69792810153925,-4.84120471514328));
#1889=CARTESIAN_POINT('',(5.68347477530353,-5.68733682436879,-4.83562270798087));
#1890=CARTESIAN_POINT('',(6.17475876826989,-5.55396395207718,-4.76533011565021));
#1891=CARTESIAN_POINT('',(6.70158336649776,-5.44188871636726,-4.72357822614438));
#1892=CARTESIAN_POINT('',(7.22688114117453,-5.35617165388972,-4.71100594972383));
#1893=CARTESIAN_POINT('',(7.23025368505987,-5.35562132878106,-4.71092523254581));
#1894=CARTESIAN_POINT('',(7.23362622894523,-5.3550710036724,-4.71084451536783));
#1895=CARTESIAN_POINT('',(7.23699877283058,-5.35452067856373,-4.71076379818986));
#1896=CARTESIAN_POINT('',(7.50831425011049,-5.60588615147661,-4.22620601183198));
#1897=CARTESIAN_POINT('',(7.50831732012824,-5.60280161698374,-4.23027769466594));
#1898=CARTESIAN_POINT('',(7.50831019435209,-5.59973525306614,-4.23435039673249));
#1899=CARTESIAN_POINT('',(7.5082930765906,-5.5966867163732,-4.23842366889468));
#1900=CARTESIAN_POINT('',(7.5082930765906,-5.5966867163732,-4.23842366889468));
#1901=CARTESIAN_POINT('',(6.10840798752188,-5.57973453609871,-4.77662922119904));
#1902=CARTESIAN_POINT('',(6.10832459178074,-5.62383285009173,-4.39877330702004));
#1903=CARTESIAN_POINT('',(6.10818855793495,-5.74765056528801,-4.04829505930971));
#1904=CARTESIAN_POINT('',(6.10799988598453,-5.95118768168756,-3.72519447806807));
#1905=CARTESIAN_POINT('',(6.10840798758566,-5.57973453609875,-4.77662922119904));
#1906=CARTESIAN_POINT('',(6.10847478729402,-5.58000332406528,-4.77666037259763));
#1907=CARTESIAN_POINT('',(6.32052541778272,-5.52983095256774,-4.75485748128453));
#1908=CARTESIAN_POINT('',(6.53691198441657,-5.48349498390867,-4.73800273325474));
#1909=CARTESIAN_POINT('',(6.75496936297208,-5.4413931543808,-4.72612370726584));
#1910=CARTESIAN_POINT('',(6.75490667404736,-5.44109249947951,-4.72603854359838));
#1911=CARTESIAN_POINT('',(6.75496936297312,-5.44139315438024,-4.72612370726703));
#1912=CARTESIAN_POINT('',(6.93159950281929,-5.41777222039019,-4.67949579399815));
#1913=CARTESIAN_POINT('',(7.19686775913894,-5.39682248917615,-4.58472998428345));
#1914=CARTESIAN_POINT('',(7.49806109529082,-5.50413797644317,-4.36209947339798));
#1915=CARTESIAN_POINT('',(7.50829307674784,-5.59668675667147,-4.23842369906356));
#1916=CARTESIAN_POINT('',(3.96751536340501,-6.39434324996249,-5.59338744026884));
#1917=CARTESIAN_POINT('',(3.908048245131,-6.43119668128045,-5.46085326256366));
#1918=CARTESIAN_POINT('',(3.80068060059559,-6.40121205052768,-5.31801914157249));
#1919=CARTESIAN_POINT('',(3.70177576672952,-6.32152717004537,-5.23847056015497));
#1920=CARTESIAN_POINT('',(4.75023246405129,-5.90836059820292,-5.14827316202835));
#1921=CARTESIAN_POINT('',(4.70740281836796,-5.94774007258155,-4.99660667699392));
#1922=CARTESIAN_POINT('',(4.6187178903811,-5.90339659156797,-4.81984129949219));
#1923=CARTESIAN_POINT('',(4.5379095763193,-5.802175929158,-4.71875587754161));
#1924=CARTESIAN_POINT('',(5.7457518596858,-5.6005975679373,-4.91579815325015));
#1925=CARTESIAN_POINT('',(5.72047670071225,-5.66129335502027,-4.74699935188425));
#1926=CARTESIAN_POINT('',(5.65006660373429,-5.61327901635591,-4.52904368348845));
#1927=CARTESIAN_POINT('',(5.58707220092136,-5.49339136990258,-4.40928856092696));
#1928=CARTESIAN_POINT('',(6.76307941081515,-5.40678818801678,-4.80976988461319));
#1929=CARTESIAN_POINT('',(6.74924910721132,-5.49718416715006,-4.63526683091935));
#1930=CARTESIAN_POINT('',(6.69971977612549,-5.45641722584045,-4.37139826860256));
#1931=CARTESIAN_POINT('',(6.65570505589446,-5.320526154655,-4.23563425807474));
#1932=CARTESIAN_POINT('',(6.10840798758566,-5.57973453609875,-4.77662922119904));
#1933=CARTESIAN_POINT('',(6.10840367336757,-5.58201659355448,-4.75708642850434));
#1934=CARTESIAN_POINT('',(6.10840015486042,-5.58315169852575,-4.73742722362841));
#1935=CARTESIAN_POINT('',(6.10839471801701,-5.58315417449265,-4.69807436722092));
#1936=CARTESIAN_POINT('',(6.10839280496742,-5.5820220775183,-4.67842172044144));
#1937=CARTESIAN_POINT('',(6.10839169237918,-5.5797790384339,-4.65887205029268));
#1938=CARTESIAN_POINT('',(6.10839169237918,-5.5797790384339,-4.65887205029268));
#1939=CARTESIAN_POINT('',(5.223472640573,-5.65317156035561,-4.56927048719845));
#1940=CARTESIAN_POINT('',(5.33008482924195,-5.6532411015574,-4.56926304617526));
#1941=CARTESIAN_POINT('',(5.43820175677047,-5.64984529375096,-4.57353496881027));
#1942=CARTESIAN_POINT('',(5.54540776174545,-5.64339635145604,-4.58152407236324));
#1943=CARTESIAN_POINT('',(5.60418894484856,-5.63986038854102,-4.585904507572));
#1944=CARTESIAN_POINT('',(5.66269627397798,-5.63540567117021,-4.5914017417253));
#1945=CARTESIAN_POINT('',(5.72053155894994,-5.6300952877775,-4.59791907525572));
#1946=CARTESIAN_POINT('',(5.82107027590323,-5.62086391400472,-4.60924856643785));
#1947=CARTESIAN_POINT('',(5.92366556005088,-5.60866114347036,-4.62413949060117));
#1948=CARTESIAN_POINT('',(6.02403675797127,-5.59341633755408,-4.64250030007493));
#1949=CARTESIAN_POINT('',(6.05236429987256,-5.58911382959046,-4.64768223085264));
#1950=CARTESIAN_POINT('',(6.08051468782178,-5.58456877743441,-4.65314033483184));
#1951=CARTESIAN_POINT('',(6.10839169237918,-5.5797790384339,-4.65887205029268));
#1952=CARTESIAN_POINT('',(5.223472640573,-5.65317156035561,-4.56927048719845));
#1953=CARTESIAN_POINT('',(3.70354553143159,-6.32295302036288,-5.23989397158998));
#1954=CARTESIAN_POINT('',(3.81720224317909,-6.25238200959203,-5.16927354116792));
#1955=CARTESIAN_POINT('',(3.93449335546468,-6.18593486924641,-5.10277118198185));
#1956=CARTESIAN_POINT('',(4.05511836651532,-6.1232709766636,-5.04004675084942));
#1957=CARTESIAN_POINT('',(4.17574337756603,-6.06060708408082,-4.97732231971715));
#1958=CARTESIAN_POINT('',(4.29970281229258,-6.00172678854527,-4.91837616471072));
#1959=CARTESIAN_POINT('',(4.42672477705391,-5.94632215375271,-4.86290078748557));
#1960=CARTESIAN_POINT('',(4.5537467418152,-5.89091751896015,-4.80742541026062));
#1961=CARTESIAN_POINT('',(4.68384347035638,-5.83900093709134,-4.75543319457568));
#1962=CARTESIAN_POINT('',(4.81672861656354,-5.79024899312637,-4.70660116528326));
#1963=CARTESIAN_POINT('',(4.9496137627195,-5.74149704918018,-4.6577691360094));
#1964=CARTESIAN_POINT('',(5.08528756661643,-5.69590949101283,-4.61209701631327));
#1965=CARTESIAN_POINT('',(5.223472640573,-5.65317156035561,-4.56927048719845));
#1966=CARTESIAN_POINT('',(3.70354553143159,-6.32295302036288,-5.23989397158998));
#1967=CARTESIAN_POINT('',(3.70384451261748,-5.96951663685947,-5.59356420419188));
#1968=CARTESIAN_POINT('',(3.96751533850607,-6.39434326539302,-5.59338738477679));
#1969=CARTESIAN_POINT('',(3.96751536340501,-6.39434324996249,-5.59338744026884));
#1970=CARTESIAN_POINT('',(4.58159621613099,-6.01306546650318,-5.24417292395224));
#1971=CARTESIAN_POINT('',(5.32967129969178,-5.74297226081459,-5.02708850943029));
#1972=CARTESIAN_POINT('',(6.11191036671747,-5.54900634191613,-4.89715641422823));
#1973=CARTESIAN_POINT('',(6.1119103667175,-5.54900634191617,-4.89715641422823));
#1974=CARTESIAN_POINT('',(6.11191036671747,-5.54900634191613,-4.89715641422823));
#1975=CARTESIAN_POINT('',(6.38069479589543,-5.49385320049739,-4.82279768677793));
#1976=CARTESIAN_POINT('',(6.59662565058234,-5.46183030639004,-4.76870282577329));
#1977=CARTESIAN_POINT('',(6.75490673666913,-5.44109280083945,-4.72603862944009));
#1978=CARTESIAN_POINT('',(-7.53614448025715,-5.58254142263626,-4.24500203373527));
#1979=CARTESIAN_POINT('',(-7.53332475714288,-5.58335660491115,-4.24393318482534));
#1980=CARTESIAN_POINT('',(-7.53050503402862,-5.58417178718605,-4.24286433591536));
#1981=CARTESIAN_POINT('',(-7.52768531091437,-5.58498696946095,-4.24179548700539));
#1982=CARTESIAN_POINT('',(-7.09162593282571,-5.71105178554931,-4.07650209753171));
#1983=CARTESIAN_POINT('',(-6.64869000240337,-5.82483686605666,-3.9115419616768));
#1984=CARTESIAN_POINT('',(-6.1919774696728,-5.92148507604855,-3.76009777043433));
#1985=CARTESIAN_POINT('',(-6.15571045707358,-5.9291597983263,-3.7480717628294));
#1986=CARTESIAN_POINT('',(-6.11944344447434,-5.93683452060404,-3.73604575522445));
#1987=CARTESIAN_POINT('',(-6.08317643187508,-5.94450924288178,-3.72401974761952));
#1988=CARTESIAN_POINT('',(-7.42960339652861,-5.4773018847134,-4.38319834773262));
#1989=CARTESIAN_POINT('',(-7.42658239572194,-5.47791477186944,-4.38245012918089));
#1990=CARTESIAN_POINT('',(-7.42356139491527,-5.47852765902548,-4.38170191062916));
#1991=CARTESIAN_POINT('',(-7.42054039410859,-5.47914054618151,-4.38095369207742));
#1992=CARTESIAN_POINT('',(-6.95335419192616,-5.57392119707216,-4.26524455925796));
#1993=CARTESIAN_POINT('',(-6.47994250030882,-5.65846135456377,-4.15667892051203));
#1994=CARTESIAN_POINT('',(-6.006388163116,-5.72452683220604,-4.06981152718969));
#1995=CARTESIAN_POINT('',(-5.96878376235496,-5.72977301517304,-4.06291348822141));
#1996=CARTESIAN_POINT('',(-5.93117936159392,-5.73501919814005,-4.05601544925309));
#1997=CARTESIAN_POINT('',(-5.89357496083286,-5.74026538110705,-4.04911741028478));
#1998=CARTESIAN_POINT('',(-7.32309270677549,-5.39703782198713,-4.54039464384212));
#1999=CARTESIAN_POINT('',(-7.31987068098665,-5.39755881061458,-4.54004301222055));
#2000=CARTESIAN_POINT('',(-7.31664865519783,-5.39807979924204,-4.53969138059894));
#2001=CARTESIAN_POINT('',(-7.31342662940896,-5.39860078786949,-4.53933974897738));
#2002=CARTESIAN_POINT('',(-6.81515268379992,-5.47916968335009,-4.48496126570291));
#2003=CARTESIAN_POINT('',(-6.31128831319694,-5.56112322084136,-4.44974407151713));
#2004=CARTESIAN_POINT('',(-5.82130723315763,-5.63833973887333,-4.44897841466019));
#2005=CARTESIAN_POINT('',(-5.78239840379633,-5.64447141302642,-4.44891761473705));
#2006=CARTESIAN_POINT('',(-5.74348957443502,-5.65060308717951,-4.44885681481391));
#2007=CARTESIAN_POINT('',(-5.70458074507372,-5.6567347613326,-4.44879601489077));
#2008=CARTESIAN_POINT('',(-7.22151867569184,-5.34544660947367,-4.70935009116859));
#2009=CARTESIAN_POINT('',(-7.21812581483877,-5.34600584039082,-4.70942209884402));
#2010=CARTESIAN_POINT('',(-7.21473295398569,-5.34656507130798,-4.70949410651945));
#2011=CARTESIAN_POINT('',(-7.21134009313265,-5.34712430222513,-4.70956611419487));
#2012=CARTESIAN_POINT('',(-6.68664715926282,-5.43360722131317,-4.72070182535443));
#2013=CARTESIAN_POINT('',(-6.16218128668659,-5.54527658829267,-4.7603543096594));
#2014=CARTESIAN_POINT('',(-5.67005456551674,-5.67844020373865,-4.82933765986331));
#2015=CARTESIAN_POINT('',(-5.6309753532814,-5.68901457201855,-4.83481554770679));
#2016=CARTESIAN_POINT('',(-5.59189614104609,-5.69958894029845,-4.84029343555024));
#2017=CARTESIAN_POINT('',(-5.55281692881079,-5.71016330857836,-4.84577132339368));
#2018=CARTESIAN_POINT('',(-7.22082629951823,-5.34509493960362,-4.71050177063706));
#2019=CARTESIAN_POINT('',(-7.21743227417335,-5.34565443119813,-4.71057666603634));
#2020=CARTESIAN_POINT('',(-7.21403824882846,-5.34621392279265,-4.71065156143563));
#2021=CARTESIAN_POINT('',(-7.21064422348359,-5.34677341438716,-4.71072645683496));
#2022=CARTESIAN_POINT('',(-6.68577120541502,-5.43329664623027,-4.72230874343088));
#2023=CARTESIAN_POINT('',(-6.16116490335148,-5.54516857022259,-4.76247157453384));
#2024=CARTESIAN_POINT('',(-5.66902355648667,-5.67871354729041,-4.83193036664069));
#2025=CARTESIAN_POINT('',(-5.62994318284186,-5.68931819905446,-4.83744600877425));
#2026=CARTESIAN_POINT('',(-5.59086280919707,-5.6999228508185,-4.84296165090784));
#2027=CARTESIAN_POINT('',(-5.55178243555228,-5.71052750258255,-4.84847729304144));
#2028=CARTESIAN_POINT('',(-7.22013392334463,-5.34474326973357,-4.71165345010554));
#2029=CARTESIAN_POINT('',(-7.21673873350794,-5.34530302200544,-4.71173123322871));
#2030=CARTESIAN_POINT('',(-7.21334354367123,-5.34586277427731,-4.71180901635188));
#2031=CARTESIAN_POINT('',(-7.20994835383453,-5.34642252654919,-4.71188679947506));
#2032=CARTESIAN_POINT('',(-6.6848952515672,-5.43298607114736,-4.72391566150744));
#2033=CARTESIAN_POINT('',(-6.16014852001641,-5.5450605521525,-4.76458883940829));
#2034=CARTESIAN_POINT('',(-5.66799254745659,-5.67898689084217,-4.83452307341795));
#2035=CARTESIAN_POINT('',(-5.62891101240232,-5.68962182609036,-4.8400764698417));
#2036=CARTESIAN_POINT('',(-5.58982947734806,-5.70025676133856,-4.84562986626547));
#2037=CARTESIAN_POINT('',(-5.55074794229379,-5.71089169658675,-4.85118326268924));
#2038=CARTESIAN_POINT('',(-7.21944154717104,-5.34439159986352,-4.712805129574));
#2039=CARTESIAN_POINT('',(-7.21604519284253,-5.34495161281276,-4.71288580042105));
#2040=CARTESIAN_POINT('',(-7.21264883851401,-5.34551162576199,-4.71296647126812));
#2041=CARTESIAN_POINT('',(-7.20925248418549,-5.34607163871122,-4.71304714211516));
#2042=CARTESIAN_POINT('',(-6.68401929771938,-5.43267549606445,-4.72552257958398));
#2043=CARTESIAN_POINT('',(-6.15913213668132,-5.54495253408242,-4.76670610428273));
#2044=CARTESIAN_POINT('',(-5.66696153842651,-5.67926023439392,-4.83711578019525));
#2045=CARTESIAN_POINT('',(-5.62787884196278,-5.68992545312627,-4.84270693090918));
#2046=CARTESIAN_POINT('',(-5.58879614549904,-5.70059067185861,-4.84829808162311));
#2047=CARTESIAN_POINT('',(-5.5497134490353,-5.71125589059095,-4.85388923233704));
#2048=CARTESIAN_POINT('',(-6.09158905603327,-5.57139552451493,-4.77826705286523));
#2049=CARTESIAN_POINT('',(-6.09162417599214,-5.5899006379768,-4.61880588539245));
#2050=CARTESIAN_POINT('',(-6.09169938649076,-5.64162471147018,-4.33929187448102));
#2051=CARTESIAN_POINT('',(-6.09189348003742,-5.8309532686118,-3.90412749406334));
#2052=CARTESIAN_POINT('',(-6.09199699615627,-5.94264254590628,-3.72694479428761));
#2053=CARTESIAN_POINT('',(-6.09158891474515,-5.57119124723069,-4.77824335369066));
#2054=CARTESIAN_POINT('',(-7.49168269054497,-5.59536301743281,-4.22815543205662));
#2055=CARTESIAN_POINT('',(-7.49168022114579,-5.59227750638118,-4.23222888270555));
#2056=CARTESIAN_POINT('',(-7.49166764643434,-5.58921005220013,-4.23630316108102));
#2057=CARTESIAN_POINT('',(-7.49164517090611,-5.5861603168422,-4.24037782194378));
#2058=CARTESIAN_POINT('',(-7.49164517090611,-5.5861603168422,-4.24037782194378));
#2059=CARTESIAN_POINT('',(-7.49164517118983,-5.58616037228561,-4.2403778634497));
#2060=CARTESIAN_POINT('',(-7.48125723502717,-5.49371259956242,-4.36394013640437));
#2061=CARTESIAN_POINT('',(-7.17969430085783,-5.38679361617712,-4.58658979668437));
#2062=CARTESIAN_POINT('',(-6.91474097909963,-5.40810816152353,-4.681075439562));
#2063=CARTESIAN_POINT('',(-6.73802948144942,-5.43189585043141,-4.72796666425347));
#2064=CARTESIAN_POINT('',(-6.73796764134514,-5.43160110279206,-4.72788314132465));
#2065=CARTESIAN_POINT('',(-6.73802948145038,-5.43189585043089,-4.72796666425459));
#2066=CARTESIAN_POINT('',(-6.52003617022216,-5.47429430995647,-4.73974646503168));
#2067=CARTESIAN_POINT('',(-6.30379503410543,-5.52089280473093,-4.75649463940493));
#2068=CARTESIAN_POINT('',(-6.09163996642658,-5.57139548848443,-4.77826705989664));
#2069=CARTESIAN_POINT('',(-3.68765290638209,-6.31772209625614,-5.2409147832026));
#2070=CARTESIAN_POINT('',(-3.85265594212527,-6.45030520125483,-5.37354971155448));
#2071=CARTESIAN_POINT('',(-3.95162596146953,-6.38873863131412,-5.59448137179913));
#2072=CARTESIAN_POINT('',(-4.21349691845791,-5.9902423533905,-4.91409610336198));
#2073=CARTESIAN_POINT('',(-4.36734470204232,-6.14344016976418,-5.0673226822229));
#2074=CARTESIAN_POINT('',(-4.44409174208676,-6.08205216073267,-5.31436025846169));
#2075=CARTESIAN_POINT('',(-4.81363102990762,-5.75161178960692,-4.67613065736712));
#2076=CARTESIAN_POINT('',(-4.95977469314487,-5.92794568621773,-4.85247150592854));
#2077=CARTESIAN_POINT('',(-5.010938196665,-5.85147930588278,-5.12291510742668));
#2078=CARTESIAN_POINT('',(-5.84623577828104,-5.46331631636837,-4.38889873718401));
#2079=CARTESIAN_POINT('',(-5.95533194224805,-5.68160715526821,-4.6071374670912));
#2080=CARTESIAN_POINT('',(-5.99098499634139,-5.55977521220394,-4.90896507535465));
#2081=CARTESIAN_POINT('',(-6.24040252285845,-5.3787563007783,-4.30472784887521));
#2082=CARTESIAN_POINT('',(-6.34000728125063,-5.61268215997867,-4.53858323738343));
#2083=CARTESIAN_POINT('',(-6.36600696333406,-5.47031743000637,-4.8512963025039));
#2084=CARTESIAN_POINT('',(-6.63956857194607,-5.31365528401139,-4.24000731922174));
#2085=CARTESIAN_POINT('',(-6.72080729907262,-5.56395660275777,-4.49021181367514));
#2086=CARTESIAN_POINT('',(-6.74610604953115,-5.39731514220688,-4.81173944293695));
#2087=CARTESIAN_POINT('',(-6.09160519013206,-5.57120716374914,-4.66048265834404));
#2088=CARTESIAN_POINT('',(-6.09160408099688,-5.57345508636031,-4.68003236036782));
#2089=CARTESIAN_POINT('',(-6.09160217130562,-5.57459199048007,-4.69968532346418));
#2090=CARTESIAN_POINT('',(-6.09159674102165,-5.57459903492198,-4.73903947160681));
#2091=CARTESIAN_POINT('',(-6.09159322569733,-5.57346862042006,-4.75869966615609));
#2092=CARTESIAN_POINT('',(-6.09158891474515,-5.57119124723069,-4.77824335369066));
#2093=CARTESIAN_POINT('',(-6.09160519013206,-5.57120716374914,-4.66048265834404));
#2094=CARTESIAN_POINT('',(-6.73798200705386,-5.43166974659373,-4.72790268979802));
#2095=CARTESIAN_POINT('',(-6.54339769399396,-5.45786726602435,-4.77890637656061));
#2096=CARTESIAN_POINT('',(-6.32826758182952,-5.49233101009039,-4.83435543056923));
#2097=CARTESIAN_POINT('',(-6.09504396841242,-5.5404291226454,-4.89891191203963));
#2098=CARTESIAN_POINT('',(-6.09511760302529,-5.54066407351756,-4.89900288101533));
#2099=CARTESIAN_POINT('',(-6.09504396841242,-5.5404291226454,-4.89891191203963));
#2100=CARTESIAN_POINT('',(-5.31015750887971,-5.73606967826277,-5.02894406132279));
#2101=CARTESIAN_POINT('',(-4.5682062357304,-6.00475900146132,-5.24376216567551));
#2102=CARTESIAN_POINT('',(-3.95162596146953,-6.38873863131412,-5.59448137179913));
#2103=CARTESIAN_POINT('',(-3.95162584486531,-6.38873870385027,-5.59448111150479));
#2104=CARTESIAN_POINT('',(-3.68735392515683,-5.96428571268687,-5.5945850158163));
#2105=CARTESIAN_POINT('',(-3.68765290638254,-6.3177220962558,-5.24091478320231));
#2106=CARTESIAN_POINT('',(-5.20681563733439,-5.64578979541419,-4.57071103978114));
#2107=CARTESIAN_POINT('',(-5.01623784000816,-5.70502235445722,-4.6297434570642));
#2108=CARTESIAN_POINT('',(-4.83044553432042,-5.76966872013629,-4.69419016504183));
#2109=CARTESIAN_POINT('',(-4.56910718415925,-5.87244075085503,-4.79667327629646));
#2110=CARTESIAN_POINT('',(-4.48916005044309,-5.90558151317478,-4.82972450678253));
#2111=CARTESIAN_POINT('',(-4.24938269721892,-6.01053523404817,-4.93440600908353));
#2112=CARTESIAN_POINT('',(-4.09331009149488,-6.08659573543367,-5.01028420010607));
#2113=CARTESIAN_POINT('',(-3.85584076771627,-6.21638551956497,-5.13978738974552));
#2114=CARTESIAN_POINT('',(-3.77077544198458,-6.26595589570935,-5.18925307987092));
#2115=CARTESIAN_POINT('',(-3.68765290638254,-6.3177220962558,-5.24091478320231));
#2116=CARTESIAN_POINT('',(-5.20681563733439,-5.64578979541419,-4.57071103978114));
#2117=CARTESIAN_POINT('',(-6.09160519013206,-5.57120716374914,-4.66048265834404));
#2118=CARTESIAN_POINT('',(-5.99272882846951,-5.58831644531078,-4.64014810593318));
#2119=CARTESIAN_POINT('',(-5.89040566042057,-5.602360844272,-4.62325139629045));
#2120=CARTESIAN_POINT('',(-5.78894781386292,-5.61341494116992,-4.60989625565894));
#2121=CARTESIAN_POINT('',(-5.76045214158896,-5.61651961895658,-4.60614530170578));
#2122=CARTESIAN_POINT('',(-5.73202472882332,-5.61938817712228,-4.60267350822427));
#2123=CARTESIAN_POINT('',(-5.7037611122044,-5.62202171265446,-4.59948268156128));
#2124=CARTESIAN_POINT('',(-5.59824018795865,-5.63185389751378,-4.58756987566933));
#2125=CARTESIAN_POINT('',(-5.49051602832475,-5.63884473620659,-4.57905158837224));
#2126=CARTESIAN_POINT('',(-5.38294790619893,-5.64260082849488,-4.57450856478994));
#2127=CARTESIAN_POINT('',(-5.3240613700424,-5.64465704422098,-4.57202155546831));
#2128=CARTESIAN_POINT('',(-5.26522159565845,-5.64574332990651,-4.57072542834015));
#2129=CARTESIAN_POINT('',(-5.20681563733439,-5.64578979541419,-4.57071103978114));
#2130=CARTESIAN_POINT('',(-6.08831684718322,-0.0157768918735398,-0.00219073095461542));
#2131=CARTESIAN_POINT('',(-6.08831684718314,-0.0157768918845851,-0.00219073171518324));
#2132=CARTESIAN_POINT('',(-6.09621582739536,-10.9809879183559,1.00166567061835));
#2133=CARTESIAN_POINT('',(-6.08581132666852,2.23068897538651,-6.63192563010187));
#2134=CARTESIAN_POINT('',(-6.08831684718306,-0.0157768918635444,-0.00219073207635397));
#2135=CARTESIAN_POINT('',(-6.08831684723962,-0.0157769767237291,-0.00219075751600045));
#2136=CARTESIAN_POINT('',(6.11167998093429,-0.0244111151386011,-0.000505767610320396));
#2137=CARTESIAN_POINT('',(6.11167998093446,-0.0244111151286136,-0.000505768731951829));
#2138=CARTESIAN_POINT('',(6.11167998093437,-0.0244111151495501,-0.000505768370786738));
#2139=CARTESIAN_POINT('',(6.11167998092668,-0.0244111265723032,-0.000505771189519832));
#2140=CARTESIAN_POINT('',(-7.98831635320157,-0.014432217758497,-0.00245314327869395));
#2141=CARTESIAN_POINT('',(-7.98831635320157,-0.0144322177584987,-0.00245314327869395));
#2142=CARTESIAN_POINT('',(-7.98831635326555,-0.0144323140423932,-0.00245317341931311));
#2143=CARTESIAN_POINT('',(8.01167948695262,-0.0257557892536491,-0.000243355286200231));
#2144=CARTESIAN_POINT('',(8.01167948695262,-0.02575578925365,-0.000243355286200231));
#2145=CARTESIAN_POINT('',(8.01167948695262,-0.0257557892536339,-0.00024335528620717));
#2146=CARTESIAN_POINT('',(6.03373100542368,4.44912286542472,-8.50635187481588));
#2147=CARTESIAN_POINT('',(6.29736553617516,4.09445023110155,-6.64846395482381));
#2148=CARTESIAN_POINT('',(7.5158941564066,4.58919357838854,-5.26374001810202));
#2149=CARTESIAN_POINT('',(6.15374998190633,4.28752473626482,-8.58619397566755));
#2150=CARTESIAN_POINT('',(6.35823792060606,3.99262327891233,-6.7525115391082));
#2151=CARTESIAN_POINT('',(7.51581407136016,4.47055855103948,-5.36774053862423));
#2152=CARTESIAN_POINT('',(6.27054919588598,4.11647612918225,-8.64718074568983));
#2153=CARTESIAN_POINT('',(6.42301149848913,3.8826171703041,-6.84904073410429));
#2154=CARTESIAN_POINT('',(7.5157281580217,4.34488650085769,-5.47079568629248));
#2155=CARTESIAN_POINT('',(6.4906458916026,3.76278273855753,-8.72925043945079));
#2156=CARTESIAN_POINT('',(6.55654726973175,3.64619644799164,-7.02173912692662));
#2157=CARTESIAN_POINT('',(7.5155453411026,4.08019838320642,-5.67213032448248));
#2158=CARTESIAN_POINT('',(6.59296081665034,3.58197111341084,-8.75026213409208));
#2159=CARTESIAN_POINT('',(6.62454585490798,3.52119555502514,-7.09729144029001));
#2160=CARTESIAN_POINT('',(7.51544938214075,3.94252552423441,-5.76949702953736));
#2161=CARTESIAN_POINT('',(6.78226994927737,3.21252649074381,-8.7555572989161));
#2162=CARTESIAN_POINT('',(6.76116399702191,3.25305306548638,-7.22718375710032));
#2163=CARTESIAN_POINT('',(7.51524532447103,3.65150335987144,-5.95919267429615));
#2164=CARTESIAN_POINT('',(6.86926419770027,3.02389348690355,-8.73982476854329));
#2165=CARTESIAN_POINT('',(6.82975073417305,3.11010701720452,-7.28163521655036));
#2166=CARTESIAN_POINT('',(7.51513724024911,3.49817707820489,-6.05152201768697));
#2167=CARTESIAN_POINT('',(7.02777462729693,2.63872782017124,-8.67246361090077));
#2168=CARTESIAN_POINT('',(6.96461851976866,2.80190649779163,-7.36798105311709));
#2169=CARTESIAN_POINT('',(7.51490513546165,3.1697653580767,-6.23117916194909));
#2170=CARTESIAN_POINT('',(7.09880082674482,2.44306298323571,-8.62073815934333));
#2171=CARTESIAN_POINT('',(7.03055211529382,2.63735006141604,-7.39965467710688));
#2172=CARTESIAN_POINT('',(7.51478153577342,2.99527484258553,-6.31804384179666));
#2173=CARTESIAN_POINT('',(7.22234290576936,2.05431943324907,-8.48535455288556));
#2174=CARTESIAN_POINT('',(7.15315359568562,2.29210793776778,-7.4375392874384));
#2175=CARTESIAN_POINT('',(7.51452118521073,2.62775092367281,-6.48098779152241));
#2176=CARTESIAN_POINT('',(7.27537829975889,1.86001249038677,-8.40150304525437));
#2177=CARTESIAN_POINT('',(7.21034525958857,2.11049906802184,-7.44422798874519));
#2178=CARTESIAN_POINT('',(7.51438371753863,2.43370175459442,-6.55766198742149));
#2179=CARTESIAN_POINT('',(7.36509698208514,1.47172707195554,-8.20220461488304));
#2180=CARTESIAN_POINT('',(7.31290219760896,1.72786138376063,-7.43130528216205));
#2181=CARTESIAN_POINT('',(7.51409028344038,2.01902314024896,-6.69856677166468));
#2182=CARTESIAN_POINT('',(7.40189115975483,1.27685238473795,-8.08610836935443));
#2183=CARTESIAN_POINT('',(7.35855324111851,1.52573772385533,-7.41166146916478));
#2184=CARTESIAN_POINT('',(7.51393352593672,1.79726879748445,-6.7630656529968));
#2185=CARTESIAN_POINT('',(7.48789050332502,0.700614779082341,-7.69396568631732));
#2186=CARTESIAN_POINT('',(7.47053094449652,0.898041968041822,-7.31064590114874));
#2187=CARTESIAN_POINT('',(7.51343460114453,1.09075272770556,-6.92758549876892));
#2188=CARTESIAN_POINT('',(7.51294811462477,0.327876816624285,-7.37458864056868));
#2189=CARTESIAN_POINT('',(7.51300598429929,0.446176606467893,-7.18739347206208));
#2190=CARTESIAN_POINT('',(7.51306420846382,0.564923985769989,-7.00047141961341));
#2191=CARTESIAN_POINT('',(7.51264476099274,-0.0277164139566802,-7.00031196229495));
#2192=CARTESIAN_POINT('',(7.51264476099274,-0.0277164139566802,-7.00031196229495));
#2193=CARTESIAN_POINT('',(7.51264476099274,-0.0277164139566802,-7.00031196229495));
#2194=CARTESIAN_POINT('',(6.05089014648532,4.4259248497489,-8.51765288100258));
#2195=CARTESIAN_POINT('',(6.09046975533585,4.37221441299464,-8.43919981033531));
#2196=CARTESIAN_POINT('',(6.1794641253561,4.25504528023856,-8.26464700873033));
#2197=CARTESIAN_POINT('',(6.3451370600806,4.08517141041791,-7.94559130560361));
#2198=CARTESIAN_POINT('',(6.39389463216485,4.03951390748136,-7.85257506742155));
#2199=CARTESIAN_POINT('',(6.52690932793391,3.92904330534245,-7.59776420542091));
#2200=CARTESIAN_POINT('',(6.66084201339337,3.84468783846189,-7.34152993963997));
#2201=CARTESIAN_POINT('',(6.77335263183241,3.78214448557719,-7.12742765665137));
#2202=CARTESIAN_POINT('',(7.03589557036675,3.73754800952879,-6.61738628178485));
#2203=CARTESIAN_POINT('',(7.27410036335071,3.82991471999823,-6.14156474334404));
#2204=CARTESIAN_POINT('',(7.42892423067921,4.00842206011533,-5.81315006069932));
#2205=CARTESIAN_POINT('',(7.51542122579073,4.16825660309875,-5.60506468093299));
#2206=CARTESIAN_POINT('',(-4.49164929854213,-6.01910064183573,-6.63323564810733));
#2207=CARTESIAN_POINT('',(-5.69128423496964,-5.11767058377791,-4.97532633211848));
#2208=CARTESIAN_POINT('',(-7.4920206980795,-5.84944133358711,-3.86978429762913));
#2209=CARTESIAN_POINT('',(-4.67763901798369,-5.87948222554202,-6.98407246380886));
#2210=CARTESIAN_POINT('',(-5.74740602031722,-5.01748362716123,-5.24411999526538));
#2211=CARTESIAN_POINT('',(-7.4918931982587,-5.71376442566729,-4.0744647177676));
#2212=CARTESIAN_POINT('',(-4.87050481818963,-5.72117931873519,-7.29005178127336));
#2213=CARTESIAN_POINT('',(-5.80884728382802,-4.91051723462633,-5.48689508140538));
#2214=CARTESIAN_POINT('',(-7.49176494905526,-5.5741828987841,-4.26227326355598));
#2215=CARTESIAN_POINT('',(-5.16343688503539,-5.45170465891396,-7.68693325514511));
#2216=CARTESIAN_POINT('',(-5.91160644108627,-4.73637742433188,-5.82225156696662));
#2217=CARTESIAN_POINT('',(-7.49156584126399,-5.35364847633579,-4.53114366313443));
#2218=CARTESIAN_POINT('',(-5.26171002216892,-5.35651960850933,-7.80883625870663));
#2219=CARTESIAN_POINT('',(-5.94755852432207,-4.67614914496124,-5.92895403769306));
#2220=CARTESIAN_POINT('',(-7.49149831874715,-5.27822814049621,-4.61858717704645));
#2221=CARTESIAN_POINT('',(-5.45855280374438,-5.15444755644708,-8.03202196573051));
#2222=CARTESIAN_POINT('',(-6.02368725996721,-4.54969265186022,-6.13366517960653));
#2223=CARTESIAN_POINT('',(-7.49135960252361,-5.1220348590717,-4.79081661243527));
#2224=CARTESIAN_POINT('',(-5.55691557405118,-5.04767610588466,-8.13292355964398));
#2225=CARTESIAN_POINT('',(-6.06379339570084,-4.4835899166185,-6.23138138851425));
#2226=CARTESIAN_POINT('',(-7.49128851475311,-5.04137224216386,-4.87541569549719));
#2227=CARTESIAN_POINT('',(-5.84388929396795,-4.71690843498896,-8.39858323305488));
#2228=CARTESIAN_POINT('',(-6.18800801503632,-4.27901279546623,-6.50552421865521));
#2229=CARTESIAN_POINT('',(-7.49107282152684,-4.79480035835723,-5.12144747851055));
#2230=CARTESIAN_POINT('',(-6.02683635062498,-4.48008898475096,-8.52955895493347));
#2231=CARTESIAN_POINT('',(-6.27727780909173,-4.13259529510749,-6.66680602085858));
#2232=CARTESIAN_POINT('',(-7.49092418779902,-4.62258645248401,-5.27743786955789));
#2233=CARTESIAN_POINT('',(-6.28495652468411,-4.09860324636896,-8.66211137966119));
#2234=CARTESIAN_POINT('',(-6.42191571992924,-3.884583572389,-6.8802890704865));
#2235=CARTESIAN_POINT('',(-7.49068463431021,-4.34088989147161,-5.50681738640311));
#2236=CARTESIAN_POINT('',(-6.36851279611868,-3.96655650606574,-8.69551442457026));
#2237=CARTESIAN_POINT('',(-6.47184552553444,-3.79717809458844,-6.94652596317746));
#2238=CARTESIAN_POINT('',(-7.49060167462939,-4.24266535570102,-5.58270531476302));
#2239=CARTESIAN_POINT('',(-6.52610944288636,-3.69933969429441,-8.74005333948598));
#2240=CARTESIAN_POINT('',(-6.57238160119479,-3.61474709468536,-7.06626601403692));
#2241=CARTESIAN_POINT('',(-7.49043216282403,-4.04043765095486,-5.73030238202356));
#2242=CARTESIAN_POINT('',(-6.60062150405072,-3.56353349786239,-8.75149212009717));
#2243=CARTESIAN_POINT('',(-6.62320143804793,-3.5194041773449,-7.12020649312691));
#2244=CARTESIAN_POINT('',(-7.49034521478784,-3.9359747298752,-5.80241613501083));
#2245=CARTESIAN_POINT('',(-6.74111807534642,-3.28755128581407,-8.7539072611946));
#2246=CARTESIAN_POINT('',(-6.72511755486435,-3.31856866439171,-7.21624888910886));
#2247=CARTESIAN_POINT('',(-7.49016539059104,-3.71821007778355,-5.94382587413524));
#2248=CARTESIAN_POINT('',(-6.80710260364175,-3.14737527067596,-8.74488011684306));
#2249=CARTESIAN_POINT('',(-6.77620008803725,-3.21315711038358,-7.25839987441877));
#2250=CARTESIAN_POINT('',(-7.49007251729603,-3.60491368373563,-6.01312208600171));
#2251=CARTESIAN_POINT('',(-6.93049135075338,-2.86262779807819,-8.70680408627141));
#2252=CARTESIAN_POINT('',(-6.87746871051354,-2.99045566536887,-7.33038312483153));
#2253=CARTESIAN_POINT('',(-7.48987914892809,-3.36700783515095,-6.14897690165234));
#2254=CARTESIAN_POINT('',(-6.98813788316663,-2.71732173414618,-8.67751574293688));
#2255=CARTESIAN_POINT('',(-6.92789456171027,-2.87259532284357,-7.3603656004401));
#2256=CARTESIAN_POINT('',(-7.48977811563677,-3.24172248267613,-6.21585248416247));
#2257=CARTESIAN_POINT('',(-7.14544023285811,-2.28210063567412,-8.56148086857153));
#2258=CARTESIAN_POINT('',(-7.07277529848468,-2.50597200187261,-7.42913815461646));
#2259=CARTESIAN_POINT('',(-7.48946603228931,-2.85119126577703,-6.40850329149553));
#2260=CARTESIAN_POINT('',(-7.23014308433454,-1.99201565321941,-8.44720567733859));
#2261=CARTESIAN_POINT('',(-7.16223677300099,-2.24176433808358,-7.44831680411932));
#2262=CARTESIAN_POINT('',(-7.4892455805969,-2.57088887062507,-6.5271629813644));
#2263=CARTESIAN_POINT('',(-7.36330904945937,-1.41250158584767,-8.14875592832445));
#2264=CARTESIAN_POINT('',(-7.31470085780111,-1.66991269577592,-7.42818762220838));
#2265=CARTESIAN_POINT('',(-7.48876806968362,-1.95105023741007,-6.73717551678496));
#2266=CARTESIAN_POINT('',(-7.41167441687066,-1.12178582065625,-7.96312593655249));
#2267=CARTESIAN_POINT('',(-7.37809525360219,-1.36017720894598,-7.38867390999879));
#2268=CARTESIAN_POINT('',(-7.48850947777285,-1.60939967984744,-6.82878805702796));
#2269=CARTESIAN_POINT('',(-7.4735361180995,-0.557765450887914,-7.53019899329004));
#2270=CARTESIAN_POINT('',(-7.46410201790513,-0.712237485339512,-7.24560154551937));
#2271=CARTESIAN_POINT('',(-7.487958447525,-0.864613416861574,-6.96087407262591));
#2272=CARTESIAN_POINT('',(-7.4875004374046,-0.28214181484517,-7.28098146001287));
#2273=CARTESIAN_POINT('',(-7.4875819843317,-0.370146207756801,-7.14149900460621));
#2274=CARTESIAN_POINT('',(-7.48766365804531,-0.458371116086777,-7.00222853277348));
#2275=CARTESIAN_POINT('',(-7.48735133915178,-0.0171005656799715,-7.0023836385379));
#2276=CARTESIAN_POINT('',(-7.48735133915178,-0.0171005656799715,-7.0023836385379));
#2277=CARTESIAN_POINT('',(-7.48735133915178,-0.0171005656799715,-7.0023836385379));
#2278=CARTESIAN_POINT('',(-7.4944795940377,-10.0169762519563,-6.63232781033528));
#2279=CARTESIAN_POINT('',(-4.49164929854213,-6.01910064183573,-6.63323564810733));
#2280=CARTESIAN_POINT('',(-7.49164517090611,-5.5861603168422,-4.24037782194378));
#2281=CARTESIAN_POINT('',(-7.49161708427019,-5.54820473789612,-4.29025635663913));
#2282=CARTESIAN_POINT('',(-7.49159495955171,-5.50964530047355,-4.3395212066181));
#2283=CARTESIAN_POINT('',(-7.49154014130754,-5.43141828037857,-4.43678058028534));
#2284=CARTESIAN_POINT('',(-7.49150155496186,-5.39131098086587,-4.48534498564075));
#2285=CARTESIAN_POINT('',(-7.49146704453402,-5.35065982459661,-4.53321640041926));
#2286=CARTESIAN_POINT('',(-7.49146704453402,-5.35065982459661,-4.53321640041926));
#2287=CARTESIAN_POINT('',(-7.48935527197909,-2.74078087372476,-6.44978288888739));
#2288=CARTESIAN_POINT('',(-7.49012385166457,-3.7439943572865,-6.02561872332823));
#2289=CARTESIAN_POINT('',(-7.4908534335861,-4.64566361259402,-5.3634772558965));
#2290=CARTESIAN_POINT('',(-7.4914670446627,-5.35065982464555,-4.53321640046093));
#2291=CARTESIAN_POINT('',(-7.48935527194648,-2.74078087371843,-6.44978288887238));
#2292=CARTESIAN_POINT('',(-7.48735133915181,-0.017100565679972,-7.00238363853792));
#2293=CARTESIAN_POINT('',(-7.4880113945034,-0.949686395569904,-7.00207537848362));
#2294=CARTESIAN_POINT('',(-7.48869720386791,-1.88181617385068,-6.81295787716332));
#2295=CARTESIAN_POINT('',(-7.48935527197909,-2.74078087372476,-6.44978288888739));
#2296=CARTESIAN_POINT('',(-4.49164929868405,-6.01910064202467,-6.63323564810728));
#2297=CARTESIAN_POINT('',(-4.6669356274309,-5.88751617780328,-6.96014220653645));
#2298=CARTESIAN_POINT('',(-4.96285139200668,-5.64717368619369,-7.44534412052943));
#2299=CARTESIAN_POINT('',(-5.72784749332042,-4.91088635035618,-8.38765138233832));
#2300=CARTESIAN_POINT('',(-6.52318271297449,-3.8175831453744,-8.84715676846195));
#2301=CARTESIAN_POINT('',(-7.074444450313,-2.54424741537195,-8.67490003109278));
#2302=CARTESIAN_POINT('',(-7.33515687220374,-1.61679662651053,-8.29067400820912));
#2303=CARTESIAN_POINT('',(-7.44387727366947,-0.898682622019481,-7.81080172111423));
#2304=CARTESIAN_POINT('',(-7.47720673097071,-0.450928083040954,-7.42920651781541));
#2305=CARTESIAN_POINT('',(-7.48604721654589,-0.187489392604285,-7.17818410175943));
#2306=CARTESIAN_POINT('',(-7.48739638558299,-0.0967999480862649,-7.08462597330263));
#2307=CARTESIAN_POINT('',(-7.48735133909618,-0.0171005656800098,-7.00238363853792));
#2308=CARTESIAN_POINT('',(-6.10633908681553,-5.54090435910532,-4.88938594555096));
#2309=CARTESIAN_POINT('',(-5.1619113351543,-5.51545213325148,-5.70692578423975));
#2310=CARTESIAN_POINT('',(-4.49164929854213,-6.01910064183573,-6.63323564810733));
#2311=CARTESIAN_POINT('',(-5.87530012315262,-5.70436703386754,-4.65360546007664));
#2312=CARTESIAN_POINT('',(-4.97625063911224,-5.6862464429272,-5.42837404799457));
#2313=CARTESIAN_POINT('',(-4.311112222818,-6.15462587769552,-6.29268428122165));
#2314=CARTESIAN_POINT('',(-5.63888476330875,-5.85657570177255,-4.40773470189306));
#2315=CARTESIAN_POINT('',(-4.78388229441534,-5.84571227968262,-5.13857404538377));
#2316=CARTESIAN_POINT('',(-4.12954347345645,-6.27817663055308,-5.94467928876748));
#2317=CARTESIAN_POINT('',(-5.39995247916267,-5.99699989935008,-4.15174190798236));
#2318=CARTESIAN_POINT('',(-4.58760615544114,-5.99303114314959,-4.83750165266464));
#2319=CARTESIAN_POINT('',(-3.94838426091253,-6.39075426418458,-5.58810169043929));
#2320=CARTESIAN_POINT('',(-3.95162584486531,-6.38873870385027,-5.59448111150479));
#2321=CARTESIAN_POINT('',(-4.05558944783468,-6.32405920787183,-5.79904819176148));
#2322=CARTESIAN_POINT('',(-4.16037671681554,-6.25533373014071,-6.00215429527665));
#2323=CARTESIAN_POINT('',(-4.28030555931851,-6.17209640170464,-6.23185563850227));
#2324=CARTESIAN_POINT('',(-4.29493441770004,-6.16186596497202,-6.25982829039841));
#2325=CARTESIAN_POINT('',(-4.37012843774196,-6.10887652835386,-6.4033832636894));
#2326=CARTESIAN_POINT('',(-4.43084149850206,-6.06474772795081,-6.51853245291724));
#2327=CARTESIAN_POINT('',(-4.49164929854213,-6.01910064183573,-6.63323564810733));
#2328=CARTESIAN_POINT('',(4.50834836154458,-6.02547015080176,-6.63199264236156));
#2329=CARTESIAN_POINT('',(5.17907351270981,-5.52276559434182,-5.70548819022834));
#2330=CARTESIAN_POINT('',(6.12324963989787,-5.54956002327954,-4.88768130667862));
#2331=CARTESIAN_POINT('',(4.32752557668376,-6.16073964383082,-6.29149118353085));
#2332=CARTESIAN_POINT('',(4.99309423106103,-5.69329726665885,-5.42698845371843));
#2333=CARTESIAN_POINT('',(5.89191356573035,-5.71269532432113,-4.65196548360373));
#2334=CARTESIAN_POINT('',(4.14568600962389,-6.28403320411954,-5.94353638204938));
#2335=CARTESIAN_POINT('',(4.80042018171495,-5.85249098199875,-5.13724225435613));
#2336=CARTESIAN_POINT('',(5.65521426614356,-5.86456901900844,-4.40616089548753));
#2337=CARTESIAN_POINT('',(3.96426914286259,-6.39635423417389,-5.58700885975022));
#2338=CARTESIAN_POINT('',(4.60385238230759,-5.99953218601942,-4.83622470698527));
#2339=CARTESIAN_POINT('',(5.416011953454,-6.00465469736504,-4.15023498911288));
#2340=CARTESIAN_POINT('',(7.50551650654951,-10.0275921003281,-6.63025613434409));
#2341=CARTESIAN_POINT('',(4.50834836154458,-6.02547015080176,-6.63199264236156));
#2342=CARTESIAN_POINT('',(4.50834836154458,-6.02547015080176,-6.63199264236156));
#2343=CARTESIAN_POINT('',(4.40468535803129,-6.1030181320581,-6.4367882383627));
#2344=CARTESIAN_POINT('',(4.30130341389377,-6.17616945228869,-6.24029010857233));
#2345=CARTESIAN_POINT('',(4.18153584300813,-6.2566334227465,-6.00977254463173));
#2346=CARTESIAN_POINT('',(4.16458192307262,-6.26792285886672,-5.9770737923355));
#2347=CARTESIAN_POINT('',(4.08736615035913,-6.3188901437439,-5.82782923901642));
#2348=CARTESIAN_POINT('',(4.02730417341486,-6.3572839076912,-5.71084898281066));
#2349=CARTESIAN_POINT('',(3.96751533850607,-6.39434326539302,-5.59338738477679));
#2350=CARTESIAN_POINT('',(7.50819345488977,-5.8600573361849,-3.86771259127042));
#2351=CARTESIAN_POINT('',(5.70880002279836,-5.12573869019703,-4.97375184612747));
#2352=CARTESIAN_POINT('',(4.50834836154458,-6.02547015080176,-6.63199264236156));
#2353=CARTESIAN_POINT('',(7.50831453603803,-5.72438042372223,-4.07239301229599));
#2354=CARTESIAN_POINT('',(5.76513780608682,-5.0256313238495,-5.24252997728331));
#2355=CARTESIAN_POINT('',(4.69463241921051,-5.88611520137191,-6.98277804266687));
#2356=CARTESIAN_POINT('',(7.50843573417644,-5.58479889184936,-4.26020155905732));
#2357=CARTESIAN_POINT('',(5.82679747099305,-4.91875205272235,-5.48528806173292));
#2358=CARTESIAN_POINT('',(4.88780660668878,-5.72808550409916,-7.2887040434597));
#2359=CARTESIAN_POINT('',(7.5086230494243,-5.36426446105473,-4.52907196026516));
#2360=CARTESIAN_POINT('',(5.92989564016639,-4.74475793247471,-5.82061611597222));
#2361=CARTESIAN_POINT('',(5.18122942365396,-5.45902582135104,-7.68550453481158));
#2362=CARTESIAN_POINT('',(7.50868643432535,-5.28884412228723,-4.61651547474805));
#2363=CARTESIAN_POINT('',(5.96596240960087,-4.68458062253174,-5.92730864004608));
#2364=CARTESIAN_POINT('',(5.27967086034122,-5.36397999045407,-7.80738036977229));
#2365=CARTESIAN_POINT('',(7.50881637518147,-5.13265083465173,-4.78874491134947));
#2366=CARTESIAN_POINT('',(6.0423266044042,-4.5582320522463,-6.13199872088846));
#2367=CARTESIAN_POINT('',(5.47686110838818,-5.16218680478813,-8.03051165619011));
#2368=CARTESIAN_POINT('',(7.50888282930014,-5.05198821446472,-4.87334399505111));
#2369=CARTESIAN_POINT('',(6.08255325477707,-4.4921861703974,-6.22970383489095));
#2370=CARTESIAN_POINT('',(5.57540277699955,-5.0555547081054,-8.13138605528001));
#2371=CARTESIAN_POINT('',(7.50908410519104,-4.80541632045479,-5.11937578005525));
#2372=CARTESIAN_POINT('',(6.20713303744447,-4.28778512686552,-6.5038123035953));
#2373=CARTESIAN_POINT('',(5.86291776365556,-4.72519361631124,-8.39696638503112));
#2374=CARTESIAN_POINT('',(7.50922231927905,-4.63320240720706,-5.27536617254201));
#2375=CARTESIAN_POINT('',(6.29665453452462,-4.1414941612881,-6.66506941261358));
#2376=CARTESIAN_POINT('',(6.04623601375028,-4.48863338060202,-8.52789152135353));
#2377=CARTESIAN_POINT('',(7.50944485227083,-4.3515058341491,-5.50474569173785));
#2378=CARTESIAN_POINT('',(6.44170231114071,-3.89368745590964,-6.87851245323233));
#2379=CARTESIAN_POINT('',(6.30493250590967,-4.10751340547049,-8.66037256760886));
#2380=CARTESIAN_POINT('',(7.50952188621397,-4.25328129418482,-5.58063362091636));
#2381=CARTESIAN_POINT('',(6.49177407872936,-3.806352751563,-6.94473553452777));
#2382=CARTESIAN_POINT('',(6.38868482218001,-3.97558507336994,-8.69375250523001));
#2383=CARTESIAN_POINT('',(7.50967938672505,-4.05105358093767,-5.72823068983553));
#2384=CARTESIAN_POINT('',(6.59260134605964,-3.62406426120981,-7.06444777473707));
#2385=CARTESIAN_POINT('',(6.54667183870793,-3.70859160754244,-8.73824783432266));
#2386=CARTESIAN_POINT('',(7.50976021989923,-3.94659065553035,-5.80034444366774));
#2387=CARTESIAN_POINT('',(6.64357098243058,-3.52879338266161,-7.11837419550143));
#2388=CARTESIAN_POINT('',(6.62137920837787,-3.57289101719375,-8.74966600597211));
#2389=CARTESIAN_POINT('',(7.5099276906544,-3.72882599469625,-5.94175418449811));
#2390=CARTESIAN_POINT('',(6.74579779423071,-3.3281023464369,-7.2143883969377));
#2391=CARTESIAN_POINT('',(6.7622669385977,-3.29710794740077,-8.75204228458039));
#2392=CARTESIAN_POINT('',(7.51001432360893,-3.61552959623163,-6.01105039722652));
#2393=CARTESIAN_POINT('',(6.79704112172696,-3.22276321083494,-7.25652524984145));
#2394=CARTESIAN_POINT('',(6.82844731634282,-3.15702546845933,-8.74299688669819));
#2395=CARTESIAN_POINT('',(7.51019522458298,-3.37762373882363,-6.14690521459879));
#2396=CARTESIAN_POINT('',(6.89864474420705,-3.00020534325546,-7.32848048120532));
#2397=CARTESIAN_POINT('',(6.95222846231556,-2.87245292377982,-8.7048867190513));
#2398=CARTESIAN_POINT('',(7.51028999863809,-3.25233838191895,-6.21378079797348));
#2399=CARTESIAN_POINT('',(6.9492456497715,-2.88241649973051,-7.35844900382924));
#2400=CARTESIAN_POINT('',(7.01007251754045,-2.72722859523938,-8.67558242510559));
#2401=CARTESIAN_POINT('',(7.51058390609467,-2.86180715215631,-6.4064316078167));
#2402=CARTESIAN_POINT('',(7.09466416796744,-2.51599863033535,-7.42718146425611));
#2403=CARTESIAN_POINT('',(7.16795868406221,-2.29223056305575,-8.55950401949139));
#2404=CARTESIAN_POINT('',(7.51079298409807,-2.58150474895573,-6.52509129925656));
#2405=CARTESIAN_POINT('',(7.18450481871598,-2.25191786285811,-7.4463353500229));
#2406=CARTESIAN_POINT('',(7.2530404816006,-2.00226574117147,-8.44520537899654));
#2407=CARTESIAN_POINT('',(7.51125083213129,-1.9616661018233,-6.73510383739292));
#2408=CARTESIAN_POINT('',(7.33777260991423,-1.68028259415161,-7.42616394293663));
#2409=CARTESIAN_POINT('',(7.38694414031278,-1.42294068522162,-8.14671874452175));
#2410=CARTESIAN_POINT('',(7.51150113391121,-1.62001553839536,-6.8267163787808));
#2411=CARTESIAN_POINT('',(7.40159443903013,-1.37063714122273,-7.38663266066762));
#2412=CARTESIAN_POINT('',(7.43566967455218,-1.13229363353448,-7.96107534335014));
#2413=CARTESIAN_POINT('',(7.51204079418213,-0.875229267360593,-6.95880239594905));
#2414=CARTESIAN_POINT('',(7.48847871763381,-0.722819776652732,-7.24353641789657));
#2415=CARTESIAN_POINT('',(7.49821006728832,-0.568361306038328,-7.52813121869424));
#2416=CARTESIAN_POINT('',(7.51233244209926,-0.468986964364365,-7.00015685653042));
#2417=CARTESIAN_POINT('',(7.51241411581282,-0.380762056041037,-7.13942732834527));
#2418=CARTESIAN_POINT('',(7.51249566273995,-0.292757663143016,-7.2789097837494));
#2419=CARTESIAN_POINT('',(7.51264476099274,-0.0277164139566802,-7.00031196229495));
#2420=CARTESIAN_POINT('',(7.51264476099274,-0.0277164139566802,-7.00031196229495));
#2421=CARTESIAN_POINT('',(7.51264476099274,-0.0277164139566802,-7.00031196229495));
#2422=CARTESIAN_POINT('',(7.51064082823063,-2.75139672200416,-6.44771121264333));
#2423=CARTESIAN_POINT('',(7.51129889632011,-1.89243202212932,-6.81088620091998));
#2424=CARTESIAN_POINT('',(7.51198470566291,-0.960302243847579,-7.00000370224068));
#2425=CARTESIAN_POINT('',(7.51264476099279,-0.0277164139566756,-7.00031196229498));
#2426=CARTESIAN_POINT('',(7.51064082819797,-2.75139672199778,-6.44771121262828));
#2427=CARTESIAN_POINT('',(7.51062986192129,-2.75138701940696,-6.44773914888383));
#2428=CARTESIAN_POINT('',(7.50986445913058,-3.75460879787765,-6.02356790992541));
#2429=CARTESIAN_POINT('',(7.50913805639668,-4.6562825410293,-5.36141646212083));
#2430=CARTESIAN_POINT('',(7.50852762782474,-5.36127857149238,-4.53114571588829));
#2431=CARTESIAN_POINT('',(7.50852815961775,-5.36127776159018,-4.53114502783658));
#2432=CARTESIAN_POINT('',(7.5082930765906,-5.5966867163732,-4.23842366889468));
#2433=CARTESIAN_POINT('',(7.50833245600036,-5.55874510967453,-4.28828161716248));
#2434=CARTESIAN_POINT('',(7.50837850150311,-5.52020014211963,-4.33752639363691));
#2435=CARTESIAN_POINT('',(7.50846123332853,-5.44200295664963,-4.43474664104931));
#2436=CARTESIAN_POINT('',(7.50849281627724,-5.40191151912796,-4.4832913239983));
#2437=CARTESIAN_POINT('',(7.50852815961775,-5.36127776159018,-4.53114502783658));
#2438=CARTESIAN_POINT('',(7.51264476093717,-0.0277164139566426,-7.00031196229496));
#2439=CARTESIAN_POINT('',(7.51256653677534,-0.166417248175227,-7.14467091150573));
#2440=CARTESIAN_POINT('',(7.50689153082536,-0.381783869879931,-7.35724451562038));
#2441=CARTESIAN_POINT('',(7.46793401837602,-0.918427235856492,-7.81743667795953));
#2442=CARTESIAN_POINT('',(7.31717541422992,-1.90470792692764,-8.47470638039718));
#2443=CARTESIAN_POINT('',(6.86381730902894,-3.21336899264259,-8.86287420624479));
#2444=CARTESIAN_POINT('',(6.14374132165452,-4.38116100751638,-8.62012674221327));
#2445=CARTESIAN_POINT('',(5.64564524596081,-4.98785372772741,-8.2170322965655));
#2446=CARTESIAN_POINT('',(5.28197107249434,-5.36466828236051,-7.81637090795632));
#2447=CARTESIAN_POINT('',(4.99543813285194,-5.63193386127391,-7.44083991685572));
#2448=CARTESIAN_POINT('',(4.78957526723548,-5.80630532878058,-7.12616723790955));
#2449=CARTESIAN_POINT('',(4.61785804628451,-5.94243919852378,-6.83448776009376));
#2450=CARTESIAN_POINT('',(4.55979011651482,-5.98698678604296,-6.72670645359086));
#2451=CARTESIAN_POINT('',(4.50834836145382,-6.02547015068057,-6.6319926423616));
#2452=CARTESIAN_POINT('',(8.00832642168865,-5.65514247042319,-4.56888586158304));
#2453=CARTESIAN_POINT('',(-3.68765290638254,-6.3177220962558,-5.24091478320231));
#2454=CARTESIAN_POINT('',(-3.13668440413204,-6.66084863131629,-5.5833486700566));
#2455=CARTESIAN_POINT('',(-2.53796884387387,-6.92672454285828,-5.84854264820631));
#2456=CARTESIAN_POINT('',(-1.29028370299972,-7.2839796529993,-6.20450678681665));
#2457=CARTESIAN_POINT('',(-0.641527412737663,-7.37526770242518,-6.29518603868096));
#2458=CARTESIAN_POINT('',(0.656217521083347,-7.37618614688523,-6.29500680481115));
#2459=CARTESIAN_POINT('',(1.30507730228459,-7.28581645072049,-6.20414833687442));
#2460=CARTESIAN_POINT('',(2.55316849540514,-6.93032765989892,-5.8478395021391));
#2461=CARTESIAN_POINT('',(3.15218651328537,-6.66529941243873,-5.58248010286512));
#2462=CARTESIAN_POINT('',(3.70354553143159,-6.32295302036288,-5.23989397158998));
#2463=CARTESIAN_POINT('',(8.00832642168865,-5.65514247042319,-4.56888586158304));
#2464=CARTESIAN_POINT('',(-3.54990346654183,-5.64696244064037,-4.57048218934944));
#2465=CARTESIAN_POINT('',(-2.44728911902713,-6.07208295329985,-4.99438949553023));
#2466=CARTESIAN_POINT('',(-1.23786049169345,-6.29147110294603,-5.21261017297547));
#2467=CARTESIAN_POINT('',(0.00796225552154514,-6.2923528008592,-5.21243811017108));
#2468=CARTESIAN_POINT('',(-3.54990346654183,-5.64696244064037,-4.57048218934944));
#2469=CARTESIAN_POINT('',(8.00832642168865,-5.65514247042319,-4.56888586158304));
#2470=CARTESIAN_POINT('',(5.74025259163518,4.37377270937028,-8.40277741946948));
#2471=CARTESIAN_POINT('',(5.90903724899119,4.61851302806234,-8.32456757072376));
#2472=CARTESIAN_POINT('',(6.05089665900407,4.42591726984319,-8.51766248600547));
#2473=CARTESIAN_POINT('',(5.85504193037065,4.21224104865791,-8.15974816112084));
#2474=CARTESIAN_POINT('',(6.02967911879262,4.47617644465514,-8.07454066673394));
#2475=CARTESIAN_POINT('',(6.16921513600798,4.26536619789469,-8.2831509232406));
#2476=CARTESIAN_POINT('',(5.97725627702764,4.07255703701447,-7.90975089147259));
#2477=CARTESIAN_POINT('',(6.15371526572861,4.36833810660195,-7.82658319815359));
#2478=CARTESIAN_POINT('',(6.29511977640756,4.12528118376909,-8.04134841949838));
#2479=CARTESIAN_POINT('',(6.23452225686001,3.84882723719985,-7.38930597651302));
#2480=CARTESIAN_POINT('',(6.40501763382605,4.21771939341332,-7.32835889538051));
#2481=CARTESIAN_POINT('',(6.55923933644387,3.89867562556604,-7.53633665905707));
#2482=CARTESIAN_POINT('',(6.36938608452537,3.76530024875748,-7.11925405131965));
#2483=CARTESIAN_POINT('',(6.53192823294757,4.18548322172617,-7.07955889334458));
#2484=CARTESIAN_POINT('',(6.69727385387343,3.81258072204392,-7.27345869911354));
#2485=CARTESIAN_POINT('',(6.57298609087683,3.71166003171577,-6.71136689087537));
#2486=CARTESIAN_POINT('',(6.70226804965811,4.19368124073981,-6.74157196411062));
#2487=CARTESIAN_POINT('',(6.90346563506314,3.75593936998273,-6.87493626498425));
#2488=CARTESIAN_POINT('',(6.64144329935923,3.70565232445697,-6.57425626035968));
#2489=CARTESIAN_POINT('',(6.75720173060892,4.20704484433287,-6.63173289453459));
#2490=CARTESIAN_POINT('',(6.97242571585357,3.74909271401043,-6.74074003720032));
#2491=CARTESIAN_POINT('',(6.77960635659795,3.72515775624471,-6.29682473283094));
#2492=CARTESIAN_POINT('',(6.86306325607475,4.24756647366937,-6.41588344658133));
#2493=CARTESIAN_POINT('',(7.11038816816616,3.76804442006993,-6.46870915045197));
#2494=CARTESIAN_POINT('',(6.84789513874703,3.7510196418873,-6.15937609465871));
#2495=CARTESIAN_POINT('',(6.91067158382135,4.27340555741883,-6.31643594522024));
#2496=CARTESIAN_POINT('',(7.17795428470088,3.7942304447201,-6.33368995327813));
#2497=CARTESIAN_POINT('',(6.97796514811831,3.83507503190529,-5.89481532795527));
#2498=CARTESIAN_POINT('',(7.00486492789049,4.33283426797562,-6.11317063043374));
#2499=CARTESIAN_POINT('',(7.3050008860312,3.88079436672525,-6.07326823797996));
#2500=CARTESIAN_POINT('',(7.04086305049226,3.89404527137267,-5.76541184202672));
#2501=CARTESIAN_POINT('',(7.05024608375623,4.36553091181452,-6.01219833386255));
#2502=CARTESIAN_POINT('',(7.36556646654876,3.94198373630623,-5.94561195024949));
#2503=CARTESIAN_POINT('',(7.15768478636481,4.03804626327146,-5.51787309881333));
#2504=CARTESIAN_POINT('',(7.14501659022678,4.45142060933885,-5.79363005748466));
#2505=CARTESIAN_POINT('',(7.47596263517502,4.09245144298499,-5.7006275871808));
#2506=CARTESIAN_POINT('',(7.21103549193944,4.12176834592588,-5.40094585239806));
#2507=CARTESIAN_POINT('',(7.19153080905189,4.50170020032898,-5.68314224730553));
#2508=CARTESIAN_POINT('',(7.52527513788233,4.18035637259408,-5.58449828839512));
#2509=CARTESIAN_POINT('',(7.25980676832738,4.21292486402493,-5.28777628927204));
#2510=CARTESIAN_POINT('',(7.23958708997606,4.56759397681241,-5.56250731300446));
#2511=CARTESIAN_POINT('',(7.56918626172722,4.27645055575099,-5.47153454389921));
#2512=CARTESIAN_POINT('',(7.51541948372192,4.16825515469443,-5.60506274399264));
#2513=CARTESIAN_POINT('',(7.51405636586417,4.24688767186446,-5.54622823897143));
#2514=CARTESIAN_POINT('',(7.4503263475989,4.39012549874491,-5.43293804093216));
#2515=CARTESIAN_POINT('',(7.18009162717148,4.13183695742033,-5.63646000629084));
#2516=CARTESIAN_POINT('',(7.07611527837816,3.9916461048261,-5.73490532760456));
#2517=CARTESIAN_POINT('',(7.01791196205266,3.87709664011645,-5.81185589044063));
#2518=CARTESIAN_POINT('',(5.88987633301364,4.30728989538062,-8.51763720991216));
#2519=CARTESIAN_POINT('',(-5.70834354922614,4.38187514878431,-8.40435860552324));
#2520=CARTESIAN_POINT('',(-5.87679111650502,4.62683654518912,-8.32620094902746));
#2521=CARTESIAN_POINT('',(-6.01887568070957,4.4344675549138,-8.51932121237824));
#2522=CARTESIAN_POINT('',(-5.44708301016666,4.74820741230866,-8.95600014226453));
#2523=CARTESIAN_POINT('',(-5.62290047706484,4.94688864302355,-8.86281390106816));
#2524=CARTESIAN_POINT('',(-5.74344906416534,4.80688661227478,-9.07763400229647));
#2525=CARTESIAN_POINT('',(-5.14887397122195,5.09707142993085,-9.49386929126836));
#2526=CARTESIAN_POINT('',(-5.31716641118762,5.28046374533526,-9.42586029145369));
#2527=CARTESIAN_POINT('',(-5.42907628043307,5.16139077900457,-9.62208642100071));
#2528=CARTESIAN_POINT('',(-4.62817654946182,5.59348548612321,-10.268110660268));
#2529=CARTESIAN_POINT('',(-4.76424434308174,5.76495412079901,-10.2470457092616));
#2530=CARTESIAN_POINT('',(-4.88014514598292,5.66573287804179,-10.405879140346));
#2531=CARTESIAN_POINT('',(-4.44225156961997,5.75440343625902,-10.5207415040563));
#2532=CARTESIAN_POINT('',(-4.57292859169065,5.91851410011109,-10.5078193521555));
#2533=CARTESIAN_POINT('',(-4.68413821027779,5.82920130607676,-10.6616383224931));
#2534=CARTESIAN_POINT('',(-4.0398282820911,6.06583376230826,-11.0119939482293));
#2535=CARTESIAN_POINT('',(-4.15818168202728,6.21551827896404,-11.0129678802454));
#2536=CARTESIAN_POINT('',(-4.2598918377187,6.14553994272181,-11.1589902111945));
#2537=CARTESIAN_POINT('',(-3.82248185137131,6.21677376242808,-11.2513093242173));
#2538=CARTESIAN_POINT('',(-3.93459988590489,6.36034788199271,-11.2596682769445));
#2539=CARTESIAN_POINT('',(-4.03075827670953,6.29884428036892,-11.4012854455925));
#2540=CARTESIAN_POINT('',(-3.3578872403853,6.49992603001371,-11.7018603308655));
#2541=CARTESIAN_POINT('',(-3.45636964279254,6.63141415633579,-11.7219517879621));
#2542=CARTESIAN_POINT('',(-3.54096635523882,6.58641222187504,-11.8574573309784));
#2543=CARTESIAN_POINT('',(-3.10999355396132,6.63285607636855,-11.91422697519));
#2544=CARTESIAN_POINT('',(-3.20131577993234,6.75956539643018,-11.9407731719916));
#2545=CARTESIAN_POINT('',(-3.2796274911297,6.72140492734754,-12.0724790381937));
#2546=CARTESIAN_POINT('',(-2.5735246251779,6.87676553943497,-12.3049292287875));
#2547=CARTESIAN_POINT('',(-2.64955845604807,6.99373219949208,-12.3410071681927));
#2548=CARTESIAN_POINT('',(-2.71406014554496,6.96908576524986,-12.4680722621762));
#2549=CARTESIAN_POINT('',(-2.28706412455486,6.98642339597095,-12.4811533741296));
#2550=CARTESIAN_POINT('',(-2.35435413020596,7.09997162611712,-12.5227908940413));
#2551=CARTESIAN_POINT('',(-2.41206109735126,7.08043181503593,-12.6465059182467));
#2552=CARTESIAN_POINT('',(-1.68363439825296,7.1697583812082,-12.7763422633766));
#2553=CARTESIAN_POINT('',(-1.73407580087762,7.27633385835365,-12.8248346512807));
#2554=CARTESIAN_POINT('',(-1.77589764067832,7.26658075252028,-12.9453982827013));
#2555=CARTESIAN_POINT('',(-1.36323093865296,7.24467178953073,-12.897293334718));
#2556=CARTESIAN_POINT('',(-1.40347370260845,7.34917187986217,-12.9497348561993));
#2557=CARTESIAN_POINT('',(-1.43811271121935,7.34263894309972,-13.0678682238383));
#2558=CARTESIAN_POINT('',(-0.684970311507164,7.34847193016461,-13.065217189579));
#2559=CARTESIAN_POINT('',(-0.706509014765307,7.44913285217002,-13.1214361046241));
#2560=CARTESIAN_POINT('',(-0.723055316419932,7.44801770351595,-13.2379001701859));
#2561=CARTESIAN_POINT('',(-0.339881437804612,7.37545757538769,-13.1091027953988));
#2562=CARTESIAN_POINT('',(-0.349665481871985,7.47545872246848,-13.1668590586086));
#2563=CARTESIAN_POINT('',(-0.35924384788863,7.47540840996279,-13.2823361669002));
#2564=CARTESIAN_POINT('',(0.187412136609152,7.37562885709324,-13.1099080374006));
#2565=CARTESIAN_POINT('',(0.192118339309588,7.47560000543739,-13.1676818469329));
#2566=CARTESIAN_POINT('',(0.196659242354767,7.47556781446357,-13.283148505929));
#2567=CARTESIAN_POINT('',(0.364537737627554,7.36879886321562,-13.0990695869974));
#2568=CARTESIAN_POINT('',(0.374406693203724,7.46898828254441,-13.1565665418718));
#2569=CARTESIAN_POINT('',(0.383395450449731,7.4686279807073,-13.2721726394411));
#2570=CARTESIAN_POINT('',(0.710828442717259,7.34226611027665,-13.0566366053204));
#2571=CARTESIAN_POINT('',(0.730214498530642,7.44340545574881,-13.113187293271));
#2572=CARTESIAN_POINT('',(0.748475928259478,7.44167776416544,-13.2292037695062));
#2573=CARTESIAN_POINT('',(0.881437026092068,7.32259253529588,-13.0250907173492));
#2574=CARTESIAN_POINT('',(0.905779880630103,7.42438229257561,-13.0808365605298));
#2575=CARTESIAN_POINT('',(0.92834199550532,7.42169697602195,-13.1972600122985));
#2576=CARTESIAN_POINT('',(1.21789487330104,7.2712056264181,-12.9426308941722));
#2577=CARTESIAN_POINT('',(1.2515086597337,7.3748665465641,-12.9965245809129));
#2578=CARTESIAN_POINT('',(1.28305702504043,7.36951008909951,-13.1137611344019));
#2579=CARTESIAN_POINT('',(1.38479199814919,7.23923177028076,-12.8912988258292));
#2580=CARTESIAN_POINT('',(1.42323209338621,7.34397671713199,-12.9438858995525));
#2581=CARTESIAN_POINT('',(1.4590107120688,7.33703942840109,-13.0617826170384));
#2582=CARTESIAN_POINT('',(1.70840119520799,7.16513365031018,-12.7723693053366));
#2583=CARTESIAN_POINT('',(1.75579651177624,7.27262327368533,-12.8222526867206));
#2584=CARTESIAN_POINT('',(1.8001807920669,7.26179062318485,-12.9413563870779));
#2585=CARTESIAN_POINT('',(1.86477124795531,7.12320054288246,-12.7050791121656));
#2586=CARTESIAN_POINT('',(1.91663891781604,7.23216200693812,-12.7532624046518));
#2587=CARTESIAN_POINT('',(1.96503660162356,7.21920659860043,-12.8732197926727));
#2588=CARTESIAN_POINT('',(2.31978123996573,6.98467235798691,-12.4829389812165));
#2589=CARTESIAN_POINT('',(2.38716359317602,7.09806109661553,-12.524604606109));
#2590=CARTESIAN_POINT('',(2.44473929191941,7.07852721952051,-12.6482873936449));
#2591=CARTESIAN_POINT('',(2.60503293938603,6.87518109639528,-12.3075473676172));
#2592=CARTESIAN_POINT('',(2.68112809036815,6.99194993483061,-12.3436693772453));
#2593=CARTESIAN_POINT('',(2.7454719944932,6.96733470455243,-12.470693386666));
#2594=CARTESIAN_POINT('',(3.14315393676168,6.62995650930662,-11.9157991460384));
#2595=CARTESIAN_POINT('',(3.23460782050518,6.75646514676688,-11.942365264866));
#2596=CARTESIAN_POINT('',(3.31279896408529,6.71828899041192,-12.0740348260105));
#2597=CARTESIAN_POINT('',(3.3903537435634,6.49695991952538,-11.7038157682242));
#2598=CARTESIAN_POINT('',(3.48887631727265,6.62826979191038,-11.7240125724312));
#2599=CARTESIAN_POINT('',(3.57341602878077,6.58321516469786,-11.8593983154992));
#2600=CARTESIAN_POINT('',(3.85213773563635,6.21502104402458,-11.2560866291748));
#2601=CARTESIAN_POINT('',(3.96423718885476,6.35831353833538,-11.264631710444));
#2602=CARTESIAN_POINT('',(4.06026546205142,6.29685451894097,-11.4060780236854));
#2603=CARTESIAN_POINT('',(4.06660243597291,6.06602533295338,-11.0202508143227));
#2604=CARTESIAN_POINT('',(4.1849186973069,6.2152869979409,-11.0214658624739));
#2605=CARTESIAN_POINT('',(4.28637186494641,6.14551350849539,-11.1673030246101));
#2606=CARTESIAN_POINT('',(4.46899992272987,5.75450691714444,-10.5295833692584));
#2607=CARTESIAN_POINT('',(4.5996647041632,5.91813823776032,-10.5169357413283));
#2608=CARTESIAN_POINT('',(4.71061366777816,5.82906421349452,-10.6705382999809));
#2609=CARTESIAN_POINT('',(4.65715305073643,5.59160017868888,-10.2741571136317));
#2610=CARTESIAN_POINT('',(4.7933567393417,5.76259330061862,-10.2531911495725));
#2611=CARTESIAN_POINT('',(4.90898137820615,5.66356570708218,-10.4119466337077));
#2612=CARTESIAN_POINT('',(5.18087823536391,5.09141509153657,-9.49497230144461));
#2613=CARTESIAN_POINT('',(5.34964121536708,5.27425471687427,-9.42664108972668));
#2614=CARTESIAN_POINT('',(5.46114053162597,5.15536482020359,-9.6231428872864));
#2615=CARTESIAN_POINT('',(5.47936076696272,4.74089991624764,-8.95513138481542));
#2616=CARTESIAN_POINT('',(5.65546055649235,4.93925491241624,-8.86183979329297));
#2617=CARTESIAN_POINT('',(5.77582641553784,4.79916706921077,-9.07669176889098));
#2618=CARTESIAN_POINT('',(5.74025259163524,4.37377270937024,-8.40277741946954));
#2619=CARTESIAN_POINT('',(5.90902512439843,4.61849544721846,-8.32457318890365));
#2620=CARTESIAN_POINT('',(6.05089059726,4.4259254988568,-8.51765423540771));
#2621=CARTESIAN_POINT('',(-5.85802951088417,4.31560416326645,-8.51925973416726));
#2622=CARTESIAN_POINT('',(-5.70834354922613,4.3818751487843,-8.40435860552324));
#2623=CARTESIAN_POINT('',(0.0187260607602773,7.37557040809724,-13.1096445393749));
#2624=CARTESIAN_POINT('',(-0.373486103581817,7.37355308157354,-13.108372733383));
#2625=CARTESIAN_POINT('',(-1.01405358827211,7.32421595843502,-13.0247882286637));
#2626=CARTESIAN_POINT('',(-2.03692935269151,7.08352212113692,-12.6374605565307));
#2627=CARTESIAN_POINT('',(-2.7943734265547,6.79683211241576,-12.176266370411));
#2628=CARTESIAN_POINT('',(-3.64621439380637,6.34352577490484,-11.4522065892546));
#2629=CARTESIAN_POINT('',(-4.20897470872257,5.95042578373561,-10.8286813297762));
#2630=CARTESIAN_POINT('',(-4.83285553112791,5.41705525291095,-9.99113532056795));
#2631=CARTESIAN_POINT('',(-5.21364696601078,5.01167784163182,-9.36317197673371));
#2632=CARTESIAN_POINT('',(-5.51816341662155,4.64109189398336,-8.79535513926653));
#2633=CARTESIAN_POINT('',(-5.62524810210917,4.49686885664543,-8.57893450836282));
#2634=CARTESIAN_POINT('',(-5.70834354925277,4.38187514877251,-8.40435860554369));
#2635=CARTESIAN_POINT('',(-6.01887568070957,4.4344675549138,-8.51932121237824));
#2636=CARTESIAN_POINT('',(-5.87679111650506,4.62683654518912,-8.32620094902751));
#2637=CARTESIAN_POINT('',(-5.70834354922614,4.38187514878431,-8.40435860552324));
#2638=CARTESIAN_POINT('',(-6.13754437809074,4.2740061816468,-8.28472754625557));
#2639=CARTESIAN_POINT('',(-5.99776808251662,4.48459141129445,-8.0760723732795));
#2640=CARTESIAN_POINT('',(-5.82348463686207,4.22042751605169,-8.16124264577363));
#2641=CARTESIAN_POINT('',(-6.26349710058633,4.1344539109983,-8.04338286769951));
#2642=CARTESIAN_POINT('',(-6.12172167762862,4.37729115034167,-7.82876439934839));
#2643=CARTESIAN_POINT('',(-5.94575646866369,4.08127266323247,-7.91171877733349));
#2644=CARTESIAN_POINT('',(-6.52672034097897,3.9091065657217,-7.54102499123607));
#2645=CARTESIAN_POINT('',(-6.37210015170476,4.22746691762899,-7.33310749869489));
#2646=CARTESIAN_POINT('',(-6.20215739490842,3.85876745358411,-7.39399658793873));
#2647=CARTESIAN_POINT('',(-6.6659971035503,3.82198324746317,-7.27621696501865));
#2648=CARTESIAN_POINT('',(-6.50039887098119,4.19450292442524,-7.08184348300832));
#2649=CARTESIAN_POINT('',(-6.33822442962594,3.77422287586139,-7.12194572485152));
#2650=CARTESIAN_POINT('',(-6.87430437843245,3.76540207777812,-6.87401145588798));
#2651=CARTESIAN_POINT('',(-6.67231044401526,4.20324101489648,-6.74092550594774));
#2652=CARTESIAN_POINT('',(-6.54392358486602,3.72066204769919,-6.71029024859016));
#2653=CARTESIAN_POINT('',(-6.94377163198962,3.75888334115105,-6.73891514561267));
#2654=CARTESIAN_POINT('',(-6.72752471927404,4.21695657622711,-6.63053604887301));
#2655=CARTESIAN_POINT('',(-6.61289341129423,3.71498105887893,-6.57226353294522));
#2656=CARTESIAN_POINT('',(-7.08221221206551,3.7787727351366,-6.46599712177046));
#2657=CARTESIAN_POINT('',(-6.83361403107343,4.25804132454074,-6.41415808614017));
#2658=CARTESIAN_POINT('',(-6.75156202864667,3.73540223241244,-6.29393534227023));
#2659=CARTESIAN_POINT('',(-7.1487353489527,3.80508624998759,-6.33302302628443));
#2660=CARTESIAN_POINT('',(-6.88042381245679,4.28365809399562,-6.31630200963811));
#2661=CARTESIAN_POINT('',(-6.81881574753987,3.76137927370333,-6.15857364258317));
#2662=CARTESIAN_POINT('',(-7.27498963486293,3.89170262035891,-6.07408646402044));
#2663=CARTESIAN_POINT('',(-6.97407127289625,4.34299170224598,-6.11411734168375));
#2664=CARTESIAN_POINT('',(-6.94809850928559,3.8454873645494,-5.8955259610913));
#2665=CARTESIAN_POINT('',(-7.33512682185962,3.95262111866013,-5.94723443590027));
#2666=CARTESIAN_POINT('',(-7.01916170918825,4.37555996160522,-6.01376352453294));
#2667=CARTESIAN_POINT('',(-7.01055905691494,3.90420266736454,-5.76693778895165));
#2668=CARTESIAN_POINT('',(-7.44529660974998,4.10320994391559,-5.70243452209938));
#2669=CARTESIAN_POINT('',(-7.1138219889139,4.46157826777416,-5.79532442581235));
#2670=CARTESIAN_POINT('',(-7.12716483929065,4.04833507408442,-5.51958749995524));
#2671=CARTESIAN_POINT('',(-7.4944429116911,4.19108802930814,-5.58647499024702));
#2672=CARTESIAN_POINT('',(-7.16024138681582,4.51189391225261,-5.68496920657787));
#2673=CARTESIAN_POINT('',(-7.18035227263454,4.13204054731698,-5.40283301515435));
#2674=CARTESIAN_POINT('',(-7.5381740030463,4.28706778615841,-5.47372251241592));
#2675=CARTESIAN_POINT('',(-7.20814869324121,4.57772988000788,-5.56457679841391));
#2676=CARTESIAN_POINT('',(-7.22894178044991,4.22309932083923,-5.28987610084758));
#2677=CARTESIAN_POINT('',(-6.98742010951391,3.88699691074583,-5.81379800129656));
#2678=CARTESIAN_POINT('',(-7.04338967706238,4.00038163559936,-5.73769986264853));
#2679=CARTESIAN_POINT('',(-7.14954019112266,4.14292897566688,-5.6377509971654));
#2680=CARTESIAN_POINT('',(-7.41942058826666,4.39941330173095,-5.43591055835079));
#2681=CARTESIAN_POINT('',(-7.4824395548207,4.26018597753378,-5.54629048435552));
#2682=CARTESIAN_POINT('',(-7.48457125324747,4.17887063695046,-5.60713469052344));
#2683=CARTESIAN_POINT('',(-6.98742008936235,3.88701897255075,-5.81383085812918));
#2684=CARTESIAN_POINT('',(-5.70834354925277,4.38187514877251,-8.40435860554369));
#2685=CARTESIAN_POINT('',(-5.81471213377111,4.23503513229759,-8.18109607734525));
#2686=CARTESIAN_POINT('',(-5.99243993832175,4.02401399045907,-7.81529676383206));
#2687=CARTESIAN_POINT('',(-6.32903202981706,3.76670259086411,-7.13969214777161));
#2688=CARTESIAN_POINT('',(-6.60422144650103,3.69374566150817,-6.59048747155936));
#2689=CARTESIAN_POINT('',(-6.83624636810019,3.76628699165106,-6.12292319346973));
#2690=CARTESIAN_POINT('',(-6.92159179358626,3.82596226125497,-5.95153889145449));
#2691=CARTESIAN_POINT('',(-6.98743225951535,3.88701630369876,-5.81383549377621));
#2692=CARTESIAN_POINT('',(-5.98452523586288,-0.0249402889935307,-27.5021751563773));
#2693=CARTESIAN_POINT('',(-5.98358766736205,-0.0271886471254323,-34.3021747203361));
#2694=CARTESIAN_POINT('',(-5.9888603804684,-7.4769541814156,-34.2997122499847));
#2695=CARTESIAN_POINT('',(-5.99168637926238,-10.1100589461863,-27.3307961434167));
#2696=CARTESIAN_POINT('',(-5.98841310136853,-4.52325329572704,-22.4026492001125));
#2697=CARTESIAN_POINT('',(-5.98841310136851,-4.5232532957271,-22.4026492001125));
#2698=CARTESIAN_POINT('',(-5.98848204022887,-4.52308797527622,-21.9026492321745));
#2699=CARTESIAN_POINT('',(-5.98844948230905,-4.52316605155942,-22.138785408263));
#2700=CARTESIAN_POINT('',(-5.98452523586292,-0.0249402889829319,-27.502175155525));
#2701=CARTESIAN_POINT('',(-5.98452523585496,-0.0249402769580184,-27.5021751526097));
#2702=CARTESIAN_POINT('',(6.01547164425274,-0.0334329676149004,-27.500517815383));
#2703=CARTESIAN_POINT('',(6.01147845894617,-4.53149340972992,-21.6371280993305));
#2704=CARTESIAN_POINT('',(6.01154739780657,-4.5316587301808,-22.1371280672687));
#2705=CARTESIAN_POINT('',(6.01640921275355,-0.0356813257467985,-34.3005173793417));
#2706=CARTESIAN_POINT('',(6.02168192585989,7.41408420854329,-34.302979849693));
#2707=CARTESIAN_POINT('',(6.02258644820871,10.0517968149672,-27.3358059766817));
#2708=CARTESIAN_POINT('',(6.01795369780812,4.4682512794362,-22.4039667482335));
#2709=CARTESIAN_POINT('',(6.01547164425264,-0.0334329676043297,-27.5005178145306));
#2710=CARTESIAN_POINT('',(6.01547164430868,-0.0334328833664476,-27.5005177890099));
#2711=CARTESIAN_POINT('',(0.0152896378167108,-0.028746422645839,-26.169975721354));
#2712=CARTESIAN_POINT('',(0.0152896378167108,-0.028746422645839,-26.169975721354));
#2713=CARTESIAN_POINT('',(0.0152896381163143,-0.0287464223653598,-26.169975721354));
#2714=CARTESIAN_POINT('',(-2.99332923206683,-6.89884169435437,-26.1681190084227));
#2715=CARTESIAN_POINT('',(3.01418061776206,-6.90309334958693,-26.1672893001063));
#2716=CARTESIAN_POINT('',(-2.9933292321779,-6.89884169460796,-26.1681190084227));
#2717=CARTESIAN_POINT('',(-2.87656501680123,-6.95004194592023,-26.4113352504613));
#2718=CARTESIAN_POINT('',(-2.38108801887517,-6.97799710754367,-26.6817691205662));
#2719=CARTESIAN_POINT('',(-1.58969521201699,-6.99870382498862,-26.8465016401697));
#2720=CARTESIAN_POINT('',(-0.820048680871545,-7.00136061232472,-26.9080000815708));
#2721=CARTESIAN_POINT('',(0.0101838405055788,-7.00623723242877,-26.9237492360674));
#2722=CARTESIAN_POINT('',(0.840892634694165,-7.00300111075075,-26.9085517131731));
#2723=CARTESIAN_POINT('',(1.6100883683612,-6.99904373153915,-26.8430317081517));
#2724=CARTESIAN_POINT('',(2.26985770247286,-6.99036629477891,-26.7178160634273));
#2725=CARTESIAN_POINT('',(2.77298090386712,-6.95108310102555,-26.462598870397));
#2726=CARTESIAN_POINT('',(2.93444401769973,-6.93793949179576,-26.3247848991303));
#2727=CARTESIAN_POINT('',(3.01418061775422,-6.90309334956895,-26.1672893001063));
#2728=CARTESIAN_POINT('',(3.70354553143159,-6.32295302036288,-5.23989397158998));
#2729=CARTESIAN_POINT('',(3.86839724687947,-6.45576947360669,-5.3724832454962));
#2730=CARTESIAN_POINT('',(3.96751533850607,-6.39434326539303,-5.59338738477679));
#2731=CARTESIAN_POINT('',(3.15218651328537,-6.66529941243873,-5.58248010286512));
#2732=CARTESIAN_POINT('',(3.2950810280064,-6.79915520412947,-5.71612658989868));
#2733=CARTESIAN_POINT('',(3.37677731008953,-6.76113043933281,-5.93596671692895));
#2734=CARTESIAN_POINT('',(2.55316849540514,-6.93032765989892,-5.8478395021391));
#2735=CARTESIAN_POINT('',(2.66570468013252,-7.0703257640836,-5.98764990426761));
#2736=CARTESIAN_POINT('',(2.73496252648075,-7.0450874487815,-6.20132990579383));
#2737=CARTESIAN_POINT('',(1.30507730228459,-7.28581645072049,-6.20414833687442));
#2738=CARTESIAN_POINT('',(1.36276497312359,-7.43029589038974,-6.34848347853604));
#2739=CARTESIAN_POINT('',(1.39771845388518,-7.42595988235939,-6.5576426398592));
#2740=CARTESIAN_POINT('',(0.656217521083347,-7.37618614688523,-6.29500680481115));
#2741=CARTESIAN_POINT('',(0.683284111931541,-7.52270034757036,-6.44140124814935));
#2742=CARTESIAN_POINT('',(0.702510651230934,-7.52278241240573,-6.64850536458762));
#2743=CARTESIAN_POINT('',(-0.641527412737663,-7.37526770242518,-6.29518603868096));
#2744=CARTESIAN_POINT('',(-0.668760920813975,-7.52174347365952,-6.44158798150282));
#2745=CARTESIAN_POINT('',(-0.687930349291519,-7.52179836476993,-6.64869740087667));
#2746=CARTESIAN_POINT('',(-1.29028370299972,-7.2839796529993,-6.20450678681665));
#2747=CARTESIAN_POINT('',(-1.34813594795705,-7.42837732236622,-6.34885788590265));
#2748=CARTESIAN_POINT('',(-1.38302548034786,-7.42399188480073,-6.55802669336884));
#2749=CARTESIAN_POINT('',(-2.53796884387387,-6.92672454285828,-5.84854264820631));
#2750=CARTESIAN_POINT('',(-2.65066445243308,-7.0665632452319,-5.98838415749988));
#2751=CARTESIAN_POINT('',(-2.71982747988968,-7.04122696623819,-6.20208327658028));
#2752=CARTESIAN_POINT('',(-3.13668440413204,-6.66084863131629,-5.5833486700566));
#2753=CARTESIAN_POINT('',(-3.27973131962015,-6.79450205556375,-5.71703464897167));
#2754=CARTESIAN_POINT('',(-3.36131296977847,-6.75636173515326,-5.93689732660846));
#2755=CARTESIAN_POINT('',(-3.68765290638254,-6.31772209625581,-5.24091478320231));
#2756=CARTESIAN_POINT('',(-3.85265582066499,-6.45030510365875,-5.37354961392027));
#2757=CARTESIAN_POINT('',(-3.95162584486618,-6.38873870384973,-5.59448111150421));
#2758=CARTESIAN_POINT('',(-3.95162584499092,-6.38873870405007,-5.59448111150416));
#2759=CARTESIAN_POINT('',(-1.54222964285108,-7.8892134062143,-6.99207273289283));
#2760=CARTESIAN_POINT('',(1.55627819565127,-7.89147196674389,-6.99170604774265));
#2761=CARTESIAN_POINT('',(3.96751533843952,-6.39434326528581,-5.59338738477683));
#2762=CARTESIAN_POINT('',(-5.78452528785803,-0.0250818336372232,-27.5021475340275));
#2763=CARTESIAN_POINT('',(-5.78859902094214,-4.77837921198533,-22.3634563156133));
#2764=CARTESIAN_POINT('',(-5.79180785328183,-10.3111376296171,-27.4812690114769));
#2765=CARTESIAN_POINT('',(-5.78889445927994,-7.56419923159094,-34.4996558451851));
#2766=CARTESIAN_POINT('',(-5.78356014381603,-0.0273963199494773,-34.5021470851614));
#2767=CARTESIAN_POINT('',(-5.78859902093985,-4.77837921198532,-22.3634563156133));
#2768=CARTESIAN_POINT('',(-5.98841310136851,-4.5232532957271,-22.4026492001125));
#2769=CARTESIAN_POINT('',(-5.92333805112391,-4.61014658471208,-22.3923898488053));
#2770=CARTESIAN_POINT('',(-5.85666298200992,-4.69523951599295,-22.3794067736962));
#2771=CARTESIAN_POINT('',(-5.78859902093985,-4.77837921198532,-22.3634563156133));
#2772=CARTESIAN_POINT('',(6.11267959440941,-0.0268082616763002,-7.25050530271336));
#2773=CARTESIAN_POINT('',(2.42231622164614,-0.0241965051538562,-7.25101498538769));
#2774=CARTESIAN_POINT('',(6.11115950882228,-2.17452253850066,-7.24979539006859));
#2775=CARTESIAN_POINT('',(2.42079613605901,-2.17191078197822,-7.25030507274291));
#2776=CARTESIAN_POINT('',(6.10951506660783,-4.3003994262747,-6.23677858959444));
#2777=CARTESIAN_POINT('',(2.41915169384456,-4.29778766975225,-6.23728827226877));
#2778=CARTESIAN_POINT('',(6.10832691567023,-5.65379779657674,-4.56914827412507));
#2779=CARTESIAN_POINT('',(2.41796354290696,-5.65118604005429,-4.56965795679939));
#2780=CARTESIAN_POINT('',(6.11411115152684,2.10978116484706,-6.66723040611801));
#2781=CARTESIAN_POINT('',(7.51411078754038,2.10879035234123,-6.66703704966867));
#2782=CARTESIAN_POINT('',(6.11515487831467,3.68281932627184,-6.16365951940069));
#2783=CARTESIAN_POINT('',(7.51515451432821,3.68182851376602,-6.16346616295135));
#2784=CARTESIAN_POINT('',(6.11681363432689,6.44916377040289,-3.99837973327542));
#2785=CARTESIAN_POINT('',(7.51681327034043,6.44817295789706,-3.99818637682608));
#2786=CARTESIAN_POINT('',(6.11683939297134,7.49463330137201,1.17239427205967));
#2787=CARTESIAN_POINT('',(7.51683902898488,7.49364248886618,1.17258762850901));
#2788=CARTESIAN_POINT('',(6.11438383843035,4.92397294803771,5.77908610819809));
#2789=CARTESIAN_POINT('',(7.51438347444389,4.92298213553188,5.77927946464744));
#2790=CARTESIAN_POINT('',(6.11188384164203,1.62957892042042,6.99894783317538));
#2791=CARTESIAN_POINT('',(7.51188347765556,1.6285881079146,6.99914118962472));
#2792=CARTESIAN_POINT('',(6.11071483688934,-0.0220966288263542,6.99949378352368));
#2793=CARTESIAN_POINT('',(7.51071447290288,-0.0230874413321806,6.99968713997302));
#2794=CARTESIAN_POINT('',(-7.48588531260417,2.1194062006179,-6.66910872591162));
#2795=CARTESIAN_POINT('',(-6.08588567659066,2.11841538811207,-6.66891536946228));
#2796=CARTESIAN_POINT('',(-7.48484158581634,3.69244436204269,-6.16553783919432));
#2797=CARTESIAN_POINT('',(-6.08484194980284,3.69145354953686,-6.16534448274498));
#2798=CARTESIAN_POINT('',(-7.48318282980412,6.45878880617375,-4.00025805306905));
#2799=CARTESIAN_POINT('',(-6.08318319379061,6.45779799366793,-4.00006469661971));
#2800=CARTESIAN_POINT('',(-7.48315707115967,7.5042583371429,1.17051595226605));
#2801=CARTESIAN_POINT('',(-6.08315743514616,7.50326752463708,1.17070930871539));
#2802=CARTESIAN_POINT('',(-7.48561262570066,4.93359798380861,5.77720778840448));
#2803=CARTESIAN_POINT('',(-6.08561298968715,4.93260717130279,5.77740114485383));
#2804=CARTESIAN_POINT('',(-7.48811262248899,1.63920395619131,6.99706951338178));
#2805=CARTESIAN_POINT('',(-6.08811298647548,1.63821314368548,6.99726286983112));
#2806=CARTESIAN_POINT('',(-7.48928162724167,-0.0124715930554694,6.99761546373008));
#2807=CARTESIAN_POINT('',(-6.08928199122816,-0.0134624055612958,6.99780882017942));
#2808=CARTESIAN_POINT('',(-6.0858113266685,2.23068897540616,-6.63192563015987));
#2809=CARTESIAN_POINT('',(-6.45897147038768,2.85770680441539,-6.41960353706373));
#2810=CARTESIAN_POINT('',(-6.72920383848874,3.35110131587046,-6.17346811122282));
#2811=CARTESIAN_POINT('',(-6.98742010951391,3.88699691074583,-5.81379800129656));
#2812=CARTESIAN_POINT('',(7.51167961694776,-0.0254019276444261,-0.000312411161086658));
#2813=CARTESIAN_POINT('',(-7.4883164831967,-0.01478607936772,-0.00238408740392548));
#2814=CARTESIAN_POINT('',(-2.39340174042825,-0.0207883088253202,-7.2516800927936));
#2815=CARTESIAN_POINT('',(-6.0873172337081,-0.0181740383840583,-7.25219026605763));
#2816=CARTESIAN_POINT('',(-2.39492182601546,-2.16850258577342,-7.25097018015683));
#2817=CARTESIAN_POINT('',(-6.08883731929531,-2.16588831533215,-7.25148035342086));
#2818=CARTESIAN_POINT('',(-2.39656626823002,-4.29437947366884,-6.23795337956785));
#2819=CARTESIAN_POINT('',(-6.09048176150987,-4.29176520322758,-6.23846355283188));
#2820=CARTESIAN_POINT('',(-2.39775441916763,-5.64777784396972,-4.57032306393819));
#2821=CARTESIAN_POINT('',(-6.09166991244748,-5.64516357352846,-4.57083323720222));
#2822=CARTESIAN_POINT('',(-3.5499034660358,-5.64696244112614,-4.57048218930014));
#2823=CARTESIAN_POINT('',(-3.20868087179674,-5.33104051693535,-4.96000507529895));
#2824=CARTESIAN_POINT('',(-2.70980445288066,-4.79168200390812,-5.50987618752093));
#2825=CARTESIAN_POINT('',(-2.37908016874688,-3.82564039812963,-6.19480829795332));
#2826=CARTESIAN_POINT('',(-2.5279674044462,-2.74067383692036,-6.76679970556813));
#2827=CARTESIAN_POINT('',(-3.31009467943418,-1.47776273331949,-7.1541819056373));
#2828=CARTESIAN_POINT('',(-4.00609626823795,-0.509675226695377,-7.25174080152002));
#2829=CARTESIAN_POINT('',(-4.35774386393449,-0.0193980979340991,-7.25195139159149));
#2830=CARTESIAN_POINT('',(0.00789767269013486,-6.37436034008075,-5.16505487154013));
#2831=CARTESIAN_POINT('',(0.0187906435917126,7.4575779473508,-13.1570277779504));
#2832=CARTESIAN_POINT('',(-1.47543577839659,-6.37331055026933,-5.16525973734645));
#2833=CARTESIAN_POINT('',(-1.46454280749501,7.45862773716221,-13.1572326437568));
#2834=CARTESIAN_POINT('',(-4.43865104690331,-5.92700884625564,-4.39687132071742));
#2835=CARTESIAN_POINT('',(-4.42775807600174,7.9049294411759,-12.3888442271277));
#2836=CARTESIAN_POINT('',(-6.42749632233,-4.74038361468478,-2.34585554127082));
#2837=CARTESIAN_POINT('',(-6.41660335142842,9.09155467274677,-10.3378284476811));
#2838=CARTESIAN_POINT('',(-7.0149047444771,-4.05861255619523,-1.16669531444065));
#2839=CARTESIAN_POINT('',(-7.00401177357552,9.77332573123632,-9.15866822085096));
#2840=CARTESIAN_POINT('',(-7.49448998758232,-0.0215578483446351,-20.5023840158733));
#2841=CARTESIAN_POINT('',(-5.9854903799078,-0.0226258026812722,-20.5021756052433));
#2842=CARTESIAN_POINT('',(-7.49564999293643,-1.6605182340869,-20.5018422684376));
#2843=CARTESIAN_POINT('',(-5.98665038526192,-1.66158618842354,-20.5016338578076));
#2844=CARTESIAN_POINT('',(-7.49672293287335,-3.29318158365583,-21.0994311545654));
#2845=CARTESIAN_POINT('',(-5.98772332519884,-3.29424953799247,-21.0992227439354));
#2846=CARTESIAN_POINT('',(-7.49746235470942,-4.54452759055633,-22.1578854093184));
#2847=CARTESIAN_POINT('',(-5.98846274703491,-4.54559554489297,-22.1576769986883));
#2848=CARTESIAN_POINT('',(-5.98844948230918,-4.52316605171214,-22.1387854080809));
#2849=CARTESIAN_POINT('',(-6.22124953485646,-4.21069328422392,-21.8768876990048));
#2850=CARTESIAN_POINT('',(-6.59719239556516,-3.62505042475521,-21.4643713857743));
#2851=CARTESIAN_POINT('',(-7.09327285851906,-2.5273831143745,-20.9242738767644));
#2852=CARTESIAN_POINT('',(-7.3576351422718,-1.51187158250853,-20.6404175834562));
#2853=CARTESIAN_POINT('',(-7.45320045217423,-0.781328306890039,-20.5368626061226));
#2854=CARTESIAN_POINT('',(-7.48168472327287,-0.332204438824791,-20.5072653794385));
#2855=CARTESIAN_POINT('',(-7.48445781424617,-0.157287697919039,-20.5023377548168));
#2856=CARTESIAN_POINT('',(-7.48548998992223,-0.0215642178536043,-20.5023827728676));
#2857=CARTESIAN_POINT('',(6.01450650020647,-0.0311184813026441,-20.500518264249));
#2858=CARTESIAN_POINT('',(7.52350610788237,-0.0321864356392823,-20.500309853619));
#2859=CARTESIAN_POINT('',(6.01334649485235,-1.67007886704491,-20.4999765168133));
#2860=CARTESIAN_POINT('',(7.52234610252825,-1.67114682138155,-20.4997681061832));
#2861=CARTESIAN_POINT('',(6.01227355491543,-3.30274221661383,-21.0975654029411));
#2862=CARTESIAN_POINT('',(7.52127316259134,-3.30381017095047,-21.097356992311));
#2863=CARTESIAN_POINT('',(6.01153413307936,-4.55408822351433,-22.156019657694));
#2864=CARTESIAN_POINT('',(7.52053374075527,-4.55515617785097,-22.155811247064));
#2865=CARTESIAN_POINT('',(7.51450611022227,-0.0321800661303193,-20.5003110966247));
#2866=CARTESIAN_POINT('',(7.51184220475357,-0.507940045399848,-20.5001541581994));
#2867=CARTESIAN_POINT('',(7.44052095130652,-1.29924292100288,-20.5783432006973));
#2868=CARTESIAN_POINT('',(7.16463131051389,-2.35154641437606,-20.8737536684937));
#2869=CARTESIAN_POINT('',(6.88296969220776,-3.05868779892042,-21.1781139701399));
#2870=CARTESIAN_POINT('',(6.611257304914,-3.61175537107755,-21.4741537824077));
#2871=CARTESIAN_POINT('',(6.37979439081632,-4.00198303495352,-21.7277044425222));
#2872=CARTESIAN_POINT('',(6.16363065948544,-4.32433559567202,-21.9679638437162));
#2873=CARTESIAN_POINT('',(6.08170694492214,-4.43726001516509,-22.0579053971206));
#2874=CARTESIAN_POINT('',(6.01154739780643,-4.5316587303335,-22.1371280670866));
#2875=CARTESIAN_POINT('',(-5.98434431768574,0.0359060131956761,-28.5003222842138));
#2876=CARTESIAN_POINT('',(6.01565256641532,0.0274134067844552,-28.4986649206133));
#2877=CARTESIAN_POINT('',(-5.98397884461924,0.558534506386317,-28.468463182431));
#2878=CARTESIAN_POINT('',(6.01601803948182,0.550041899975096,-28.4668058188305));
#2879=CARTESIAN_POINT('',(-5.98349470615318,1.44872502405944,-27.4123414496439));
#2880=CARTESIAN_POINT('',(6.01650217794788,1.44023241764822,-27.4106840860435));
#2881=CARTESIAN_POINT('',(-5.98434068398593,0.436841926081072,-26.4721689192233));
#2882=CARTESIAN_POINT('',(6.01565620011513,0.428349319669852,-26.4705115556228));
#2883=CARTESIAN_POINT('',(-5.98470615705243,-0.0857865671095686,-26.5040280210061));
#2884=CARTESIAN_POINT('',(6.01529072704863,-0.0942791735207895,-26.5023706574056));
#2885=CARTESIAN_POINT('',(-6.08849776449967,-0.0766232668780721,0.995956374088289));
#2886=CARTESIAN_POINT('',(-7.98849727446304,-0.0752786041939503,0.995693958184443));
#2887=CARTESIAN_POINT('',(-6.08813229143317,0.446005226312566,1.02781547587109));
#2888=CARTESIAN_POINT('',(-7.98813180139654,0.447349888996688,1.02755305996724));
#2889=CARTESIAN_POINT('',(-6.08728631360043,1.45788832429093,0.0876429454504471));
#2890=CARTESIAN_POINT('',(-7.9872858235638,1.45923298697505,0.0873805295466012));
#2891=CARTESIAN_POINT('',(-6.08777045206649,0.567697806617804,-0.968478787336608));
#2892=CARTESIAN_POINT('',(-7.98776996202986,0.569042469301925,-0.968741203240454));
#2893=CARTESIAN_POINT('',(-6.08813592513298,0.0450693134271659,-1.00033788911941));
#2894=CARTESIAN_POINT('',(-7.98813543509635,0.0464139761112876,-1.00060030502325));
#2895=CARTESIAN_POINT('',(8.01149856969258,-0.0866020794079802,0.997903776318058));
#2896=CARTESIAN_POINT('',(6.1114990597292,-0.0852574167238585,0.997641360414212));
#2897=CARTESIAN_POINT('',(8.01186404275907,0.436026413782658,1.02976287810086));
#2898=CARTESIAN_POINT('',(6.11186453279569,0.43737107646678,1.02950046219701));
#2899=CARTESIAN_POINT('',(8.01271002059182,1.44790951176102,0.0895903476802152));
#2900=CARTESIAN_POINT('',(6.11271051062844,1.44925417444514,0.0893279317763693));
#2901=CARTESIAN_POINT('',(8.01222588212576,0.557718994087895,-0.96653138510684));
#2902=CARTESIAN_POINT('',(6.11222637216238,0.559063656772017,-0.966793801010686));
#2903=CARTESIAN_POINT('',(8.01186040905926,0.0350905008972577,-0.998390486889637));
#2904=CARTESIAN_POINT('',(6.11186089909588,0.0364351635813794,-0.998652902793483));
#2905=CARTESIAN_POINT('',(-7.48470841219991,-0.0234384985075151,-26.1710115594756));
#2906=CARTESIAN_POINT('',(-7.48756211991522,-0.0165950977935101,-5.47363189787904));
#2907=CARTESIAN_POINT('',(-7.48609811306443,-1.98693330789536,-26.1703625393514));
#2908=CARTESIAN_POINT('',(-7.48895182077974,-1.98008990718136,-5.47298287775476));
#2909=CARTESIAN_POINT('',(-5.86595405943889,-5.89943929259084,-26.1688455228967));
#2910=CARTESIAN_POINT('',(-5.8688077671542,-5.89259589187683,-5.47146586130012));
#2911=CARTESIAN_POINT('',(0.00940625768504004,-8.34131687952069,-26.1672280565856));
#2912=CARTESIAN_POINT('',(0.00655254996972943,-8.33447347880668,-5.46984839498899));
#2913=CARTESIAN_POINT('',(5.88821725787024,-5.9077579947085,-26.1672221333097));
#2914=CARTESIAN_POINT('',(5.88536355015493,-5.9009145939945,-5.46984247171314));
#2915=CARTESIAN_POINT('',(7.51389798696891,-1.99754915617201,-26.1682908631084));
#2916=CARTESIAN_POINT('',(7.5110442792536,-1.99070575545801,-5.47091120151182));
#2917=CARTESIAN_POINT('',(7.51528768783344,-0.0340543467841644,-26.1689398832327));
#2918=CARTESIAN_POINT('',(7.51243398011813,-0.0272109460701594,-5.47156022163611));
#2919=CARTESIAN_POINT('',(-2.9933292321556,-6.89884169455702,-26.1681190084226));
#2920=CARTESIAN_POINT('',(-3.18487893761738,-6.81484187001852,-25.7443922559009));
#2921=CARTESIAN_POINT('',(-3.58888990523859,-6.62201743810401,-25.075128510793));
#2922=CARTESIAN_POINT('',(-4.22851709036887,-6.22523579912177,-24.2159286766131));
#2923=CARTESIAN_POINT('',(-4.71098536342552,-5.85816468488238,-23.6184070420124));
#2924=CARTESIAN_POINT('',(-5.08913854186134,-5.53034129758678,-23.1667789766186));
#2925=CARTESIAN_POINT('',(-5.38025953227447,-5.24332833680673,-22.8288313693119));
#2926=CARTESIAN_POINT('',(-5.62656458990325,-4.97137419020656,-22.5462823814825));
#2927=CARTESIAN_POINT('',(-5.71412928562233,-4.86936017863002,-22.4486917753834));
#2928=CARTESIAN_POINT('',(-5.78859902109652,-4.77837921211358,-22.3634563156133));
#2929=CARTESIAN_POINT('',(5.81139796301655,-4.78658880119802,-22.3618542193189));
#2930=CARTESIAN_POINT('',(5.57238476811183,-5.07784473858001,-22.6334993112988));
#2931=CARTESIAN_POINT('',(5.11940163393071,-5.5504826060228,-23.1494871161606));
#2932=CARTESIAN_POINT('',(4.3657072391154,-6.16121310146446,-24.0596374433624));
#2933=CARTESIAN_POINT('',(3.74965871613716,-6.54138787731905,-24.883707233687));
#2934=CARTESIAN_POINT('',(3.35894772450527,-6.74389235166348,-25.4961265942776));
#2935=CARTESIAN_POINT('',(3.1452431899818,-6.84481638073212,-25.8860276428189));
#2936=CARTESIAN_POINT('',(3.0698305668961,-6.87876893166709,-26.0458055274833));
#2937=CARTESIAN_POINT('',(3.01418061773201,-6.90309334951802,-26.1672893001063));
#2938=CARTESIAN_POINT('',(-5.78855577869177,-4.70405412379596,-22.2956898066185));
#2939=CARTESIAN_POINT('',(5.81144120542008,-4.71226371312995,-22.294087710324));
#2940=CARTESIAN_POINT('',(-5.78916580339392,-5.74932545740842,-23.2350613180056));
#2941=CARTESIAN_POINT('',(5.81083118071793,-5.75753504674241,-23.2334592217111));
#2942=CARTESIAN_POINT('',(-5.78988194539748,-7.25398686241959,-25.7601328659082));
#2943=CARTESIAN_POINT('',(5.81011503871437,-7.26219645175358,-25.7585307696137));
#2944=CARTESIAN_POINT('',(-5.78907240230687,-6.96927060370332,-30.1626752020941));
#2945=CARTESIAN_POINT('',(5.81092458180498,-6.97748019303731,-30.1610731057995));
#2946=CARTESIAN_POINT('',(-5.78666176087675,-4.23941485239356,-33.6284110245558));
#2947=CARTESIAN_POINT('',(5.8133352232351,-4.24762444172755,-33.6268089282613));
#2948=CARTESIAN_POINT('',(-5.78455480736917,-1.43274686848344,-34.501682555901));
#2949=CARTESIAN_POINT('',(5.81544217674268,-1.44095645781743,-34.5000804596064));
#2950=CARTESIAN_POINT('',(-5.78356014381604,-0.0273963199494736,-34.5021470851615));
#2951=CARTESIAN_POINT('',(5.81643684029581,-0.0356059092834636,-34.5005449888669));
#2952=CARTESIAN_POINT('',(5.81547169624994,-0.0332914229712027,-27.500545437733));
#2953=CARTESIAN_POINT('',(-51.8875770568848,-1.04098391532898,-87.148193359375));
#2954=CARTESIAN_POINT('',(0.,0.,0.));
#2955=CARTESIAN_POINT('',(-6.94387388896735,-6.94387388896735,27.8503570556641));
#2956=CARTESIAN_POINT('',(-51.8875770568848,-69.8559799194336,-114.998550415039));
#2957=CARTESIAN_POINT('',(0.,0.,0.));
#2958=CARTESIAN_POINT('',(-17.4170519243713,-17.4170519243713,69.8559799194336));
#2959=CARTESIAN_POINT('',(17.9684009552002,-1.04098391532898,-114.998550415039));
#2960=CARTESIAN_POINT('',(0.,0.,0.));
#2961=CARTESIAN_POINT('',(-17.4170514488159,-17.4170514488159,69.855978012085));
#2962=CARTESIAN_POINT('',(-51.8875770568848,69.8559799194336,-114.998550415039));
#2963=CARTESIAN_POINT('',(0.,0.,0.));
#2964=CARTESIAN_POINT('',(-17.4170519243713,-17.4170519243713,69.8559799194336));
#2965=CARTESIAN_POINT('',(-51.8875770568848,-1.04098391532898,-142.848907470703));
#2966=CARTESIAN_POINT('',(0.,0.,0.));
#2967=CARTESIAN_POINT('',(-6.94387388896735,-6.94387388896735,27.8503570556641));
#2968=CARTESIAN_POINT('',(-121.743553161621,-1.04098391532898,-114.998550415039));
#2969=CARTESIAN_POINT('',(0.,0.,0.));
#2970=CARTESIAN_POINT('',(-17.4170509732605,-17.4170509732605,69.8559761047363));
#2971=CARTESIAN_POINT('',(-3.36768937110899,-49.5608716011048,-66.4786627292633));
#2972=CARTESIAN_POINT('',(0.,0.,0.));
#2973=CARTESIAN_POINT('',(-20.9532537104851,-20.9532537104851,84.0389106492992));
#2974=CARTESIAN_POINT('',(7.41608803527207,-49.3047567200518,-84.0282209509043));
#2975=CARTESIAN_POINT('',(0.,0.,0.));
#2976=CARTESIAN_POINT('',(-20.5683932527333,-20.5683932527333,82.4953196601217));
#2977=MECHANICAL_DESIGN_GEOMETRIC_PRESENTATION_REPRESENTATION('',(#1034),
#2978);
#2978=(
GEOMETRIC_REPRESENTATION_CONTEXT(3)
GLOBAL_UNCERTAINTY_ASSIGNED_CONTEXT((#2979))
GLOBAL_UNIT_ASSIGNED_CONTEXT((#2982,#2981,#2980))
REPRESENTATION_CONTEXT('r_pinky_middle_collision',
'TOP_LEVEL_ASSEMBLY_PART')
);
#2979=UNCERTAINTY_MEASURE_WITH_UNIT(LENGTH_MEASURE(0.0508),#2982,
'DISTANCE_ACCURACY_VALUE','Maximum Tolerance applied to model');
#2980=(
NAMED_UNIT(*)
SI_UNIT($,.STERADIAN.)
SOLID_ANGLE_UNIT()
);
#2981=(
NAMED_UNIT(*)
PLANE_ANGLE_UNIT()
SI_UNIT($,.RADIAN.)
);
#2982=(
LENGTH_UNIT()
NAMED_UNIT(*)
SI_UNIT(.MILLI.,.METRE.)
);
#2983=PRODUCT_DEFINITION_SHAPE('','',#2984);
#2984=PRODUCT_DEFINITION('','',#2986,#2985);
#2985=PRODUCT_DEFINITION_CONTEXT('',#2992,'design');
#2986=PRODUCT_DEFINITION_FORMATION_WITH_SPECIFIED_SOURCE('','',#2988,
 .NOT_KNOWN.);
#2987=PRODUCT_RELATED_PRODUCT_CATEGORY('','',(#2988));
#2988=PRODUCT('r_pinky_middle_collision','r_pinky_middle_collision',
'r_pinky_middle_collision',(#2990));
#2989=PRODUCT_CATEGORY('','');
#2990=PRODUCT_CONTEXT('',#2992,'mechanical');
#2991=APPLICATION_PROTOCOL_DEFINITION('international standard',
'ap242_managed_model_based_3d_engineering',2011,#2992);
#2992=APPLICATION_CONTEXT('managed model based 3d engineering');
ENDSEC;
END-ISO-10303-21;
