ISO-10303-21;
HEADER;
/* Generated by software containing ST-Developer
 * from STEP Tools, Inc. (www.steptools.com) 
 */
/* OPTION: using custom renumber hook */

FILE_DESCRIPTION(
/* description */ (
'CAx-IF Rec.Pracs.---Representation and Presentation of Product Manufa
cturing Information (PMI)---4.0---2014-10-13',
'CAx-IF Rec.Pracs.---3D Tessellated Geometry---0.4---2014-09-14','2;1'),

/* implementation_level */ '2;1');

FILE_NAME(
/* name */ 'r_pinky_proximal_abd_collision',
/* time_stamp */ '2026-08-06T20:40:52-07:00',
/* author */ (''),
/* organization */ (''),
/* preprocessor_version */ 'ST-DEVELOPER v20',
/* originating_system */ 'SIEMENS PLM Software NX2412.8300',
/* authorisation */ $);

FILE_SCHEMA (('AP242_MANAGED_MODEL_BASED_3D_ENGINEERING_MIM_LF { 1 0 10303 442 1 1 4 }'));
ENDSEC;

DATA;
#10=MECHANICAL_DESIGN_AND_DRAUGHTING_RELATIONSHIP('','',#26,#27);
#11=MECHANICAL_DESIGN_AND_DRAUGHTING_RELATIONSHIP('','',#28,#27);
#12=MECHANICAL_DESIGN_AND_DRAUGHTING_RELATIONSHIP('','',#29,#27);
#13=MECHANICAL_DESIGN_AND_DRAUGHTING_RELATIONSHIP('','',#30,#27);
#14=MECHANICAL_DESIGN_AND_DRAUGHTING_RELATIONSHIP('','',#31,#27);
#15=MECHANICAL_DESIGN_AND_DRAUGHTING_RELATIONSHIP('','',#32,#27);
#16=MECHANICAL_DESIGN_AND_DRAUGHTING_RELATIONSHIP('','',#33,#27);
#17=MECHANICAL_DESIGN_AND_DRAUGHTING_RELATIONSHIP('','',#34,#27);
#18=MODEL_GEOMETRIC_VIEW('Top','',#53,#26);
#19=MODEL_GEOMETRIC_VIEW('Front','',#54,#28);
#20=MODEL_GEOMETRIC_VIEW('Right','',#55,#29);
#21=MODEL_GEOMETRIC_VIEW('Back','',#56,#30);
#22=MODEL_GEOMETRIC_VIEW('Bottom','',#57,#31);
#23=MODEL_GEOMETRIC_VIEW('Left','',#58,#32);
#24=MODEL_GEOMETRIC_VIEW('Isometric','',#59,#33);
#25=MODEL_GEOMETRIC_VIEW('Trimetric','',#60,#34);
#26=DRAUGHTING_MODEL('Top',(#53,#44),#2602);
#27=DRAUGHTING_MODEL('',(#45),#2602);
#28=DRAUGHTING_MODEL('Front',(#54,#46),#2602);
#29=DRAUGHTING_MODEL('Right',(#55,#47),#2602);
#30=DRAUGHTING_MODEL('Back',(#56,#48),#2602);
#31=DRAUGHTING_MODEL('Bottom',(#57,#49),#2602);
#32=DRAUGHTING_MODEL('Left',(#58,#50),#2602);
#33=DRAUGHTING_MODEL('Isometric',(#59,#51),#2602);
#34=DRAUGHTING_MODEL('Trimetric',(#60,#52),#2602);
#35=REPRESENTATION_MAP(#921,#78);
#36=REPRESENTATION_MAP(#921,#78);
#37=REPRESENTATION_MAP(#921,#78);
#38=REPRESENTATION_MAP(#921,#78);
#39=REPRESENTATION_MAP(#921,#78);
#40=REPRESENTATION_MAP(#921,#78);
#41=REPRESENTATION_MAP(#921,#78);
#42=REPRESENTATION_MAP(#921,#78);
#43=REPRESENTATION_MAP(#921,#78);
#44=MAPPED_ITEM('',#35,#921);
#45=MAPPED_ITEM('',#36,#921);
#46=MAPPED_ITEM('',#37,#921);
#47=MAPPED_ITEM('',#38,#921);
#48=MAPPED_ITEM('',#39,#921);
#49=MAPPED_ITEM('',#40,#921);
#50=MAPPED_ITEM('',#41,#921);
#51=MAPPED_ITEM('',#42,#921);
#52=MAPPED_ITEM('',#43,#921);
#53=CAMERA_MODEL_D3('Top',#982,#61);
#54=CAMERA_MODEL_D3('Front',#984,#62);
#55=CAMERA_MODEL_D3('Right',#986,#63);
#56=CAMERA_MODEL_D3('Back',#988,#64);
#57=CAMERA_MODEL_D3('Bottom',#990,#65);
#58=CAMERA_MODEL_D3('Left',#992,#66);
#59=CAMERA_MODEL_D3('Isometric',#994,#67);
#60=CAMERA_MODEL_D3('Trimetric',#996,#68);
#61=VIEW_VOLUME(.PARALLEL.,#2578,24.7554206848145,0.,.F.,0.,.F.,.F.,#69);
#62=VIEW_VOLUME(.PARALLEL.,#2581,76.9998397827148,0.,.F.,0.,.F.,.F.,#70);
#63=VIEW_VOLUME(.PARALLEL.,#2584,76.9998359680176,0.,.F.,0.,.F.,.F.,#71);
#64=VIEW_VOLUME(.PARALLEL.,#2587,76.9998397827148,0.,.F.,0.,.F.,.F.,#72);
#65=VIEW_VOLUME(.PARALLEL.,#2590,24.7554244995117,0.,.F.,0.,.F.,.F.,#73);
#66=VIEW_VOLUME(.PARALLEL.,#2593,76.9998359680176,0.,.F.,0.,.F.,.F.,#74);
#67=VIEW_VOLUME(.PARALLEL.,#2596,88.5055843936506,0.,.F.,0.,.F.,.F.,#75);
#68=VIEW_VOLUME(.PARALLEL.,#2599,88.3099390602524,0.,.F.,0.,.F.,.F.,#76);
#69=PLANAR_BOX('',12.3444391725474,12.3444391725474,#983);
#70=PLANAR_BOX('',38.3964324660694,38.3964324660694,#985);
#71=PLANAR_BOX('',38.3964305638477,38.3964305638477,#987);
#72=PLANAR_BOX('',38.3964324660694,38.3964324660694,#989);
#73=PLANAR_BOX('',12.3444410747691,12.3444410747691,#991);
#74=PLANAR_BOX('',38.3964305638477,38.3964305638477,#993);
#75=PLANAR_BOX('',44.1338411044808,44.1338411044808,#995);
#76=PLANAR_BOX('',44.0362813841966,44.0362813841966,#997);
#77=SHAPE_REPRESENTATION_RELATIONSHIP('','',#920,#78);
#78=ADVANCED_BREP_SHAPE_REPRESENTATION('',(#918),#2602);
#79=PLANE('',#952);
#80=PLANE('',#956);
#81=PLANE('',#960);
#82=PLANE('',#965);
#83=PLANE('',#969);
#84=PLANE('',#970);
#85=(
BOUNDED_CURVE()
B_SPLINE_CURVE(3,(#1514,#1515,#1516,#1517),.UNSPECIFIED.,.F.,.F.)
B_SPLINE_CURVE_WITH_KNOTS((4,4),(1.97938798187925,2.09061544717376),
 .UNSPECIFIED.)
CURVE()
GEOMETRIC_REPRESENTATION_ITEM()
RATIONAL_B_SPLINE_CURVE((1.,0.998969303273831,0.998969303273831,1.))
REPRESENTATION_ITEM('')
);
#86=(
BOUNDED_CURVE()
B_SPLINE_CURVE(3,(#1554,#1555,#1556,#1557),.UNSPECIFIED.,.F.,.F.)
B_SPLINE_CURVE_WITH_KNOTS((4,4),(4.19255784414341,4.30379455307859),
 .UNSPECIFIED.)
CURVE()
GEOMETRIC_REPRESENTATION_ITEM()
RATIONAL_B_SPLINE_CURVE((1.,0.998969131997252,0.998969131997252,1.))
REPRESENTATION_ITEM('')
);
#87=(
BOUNDED_CURVE()
B_SPLINE_CURVE(3,(#1695,#1696,#1697,#1698),.CIRCULAR_ARC.,.F.,.F.)
B_SPLINE_CURVE_WITH_KNOTS((4,4),(0.,1.),.UNSPECIFIED.)
CURVE()
GEOMETRIC_REPRESENTATION_ITEM()
RATIONAL_B_SPLINE_CURVE((1.,0.569171510473891,0.569171510473891,1.))
REPRESENTATION_ITEM('')
);
#88=(
BOUNDED_CURVE()
B_SPLINE_CURVE(3,(#1699,#1700,#1701,#1702),.CIRCULAR_ARC.,.F.,.F.)
B_SPLINE_CURVE_WITH_KNOTS((4,4),(0.,1.),.UNSPECIFIED.)
CURVE()
GEOMETRIC_REPRESENTATION_ITEM()
RATIONAL_B_SPLINE_CURVE((1.,0.576518557951301,0.576518557951301,1.))
REPRESENTATION_ITEM('')
);
#89=(
BOUNDED_CURVE()
B_SPLINE_CURVE(3,(#1834,#1835,#1836,#1837),.CIRCULAR_ARC.,.F.,.F.)
B_SPLINE_CURVE_WITH_KNOTS((4,4),(0.,1.),.UNSPECIFIED.)
CURVE()
GEOMETRIC_REPRESENTATION_ITEM()
RATIONAL_B_SPLINE_CURVE((1.,0.569171510473894,0.569171510473894,1.))
REPRESENTATION_ITEM('')
);
#90=(
BOUNDED_CURVE()
B_SPLINE_CURVE(3,(#2511,#2512,#2513,#2514),.CIRCULAR_ARC.,.F.,.F.)
B_SPLINE_CURVE_WITH_KNOTS((4,4),(0.,1.),.UNSPECIFIED.)
CURVE()
GEOMETRIC_REPRESENTATION_ITEM()
RATIONAL_B_SPLINE_CURVE((1.,0.576518557951298,0.576518557951298,1.))
REPRESENTATION_ITEM('')
);
#91=CONICAL_SURFACE('',#930,7.00000000030197,0.785398163437029);
#92=CONICAL_SURFACE('',#933,7.00000000030198,0.78539816342063);
#93=CONICAL_SURFACE('',#945,7.00000000030196,0.785398163415439);
#94=CONICAL_SURFACE('',#946,7.00000000030196,0.785398163403901);
#95=CONICAL_SURFACE('',#976,7.00000000030196,0.785398163403901);
#96=CONICAL_SURFACE('',#977,7.00000000030196,0.785398163415439);
#97=CONICAL_SURFACE('',#979,7.00000000030198,0.78539816342063);
#98=CONICAL_SURFACE('',#980,7.00000000030197,0.785398163437029);
#99=B_SPLINE_CURVE_WITH_KNOTS('',3,(#1229,#1230,#1231,#1232,#1233,#1234),
 .UNSPECIFIED.,.F.,.F.,(4,1,1,4),(0.,0.25,0.5,1.),.UNSPECIFIED.);
#100=B_SPLINE_CURVE_WITH_KNOTS('',3,(#1252,#1253,#1254,#1255,#1256,#1257),
 .UNSPECIFIED.,.F.,.F.,(4,2,4),(-0.242422889841475,-0.196832196106746,-0.169239566688757),
 .UNSPECIFIED.);
#101=B_SPLINE_CURVE_WITH_KNOTS('',3,(#1264,#1265,#1266,#1267),
 .UNSPECIFIED.,.F.,.F.,(4,4),(0.,0.00032642147918931),.UNSPECIFIED.);
#102=B_SPLINE_CURVE_WITH_KNOTS('',3,(#1276,#1277,#1278,#1279),
 .UNSPECIFIED.,.F.,.F.,(4,4),(3.12731722069275E-18,0.000326421479189311),
 .UNSPECIFIED.);
#103=B_SPLINE_CURVE_WITH_KNOTS('',3,(#1297,#1298,#1299,#1300,#1301,#1302,
#1303,#1304),.UNSPECIFIED.,.F.,.F.,(4,2,2,4),(1.00000008447509E-6,0.0752658762013736,
0.150222197496824,0.167170411339078),.UNSPECIFIED.);
#104=B_SPLINE_CURVE_WITH_KNOTS('',3,(#1318,#1319,#1320,#1321,#1322,#1323,
#1324),.UNSPECIFIED.,.F.,.F.,(4,1,1,1,4),(0.,0.25,0.5,0.75,1.),
 .UNSPECIFIED.);
#105=B_SPLINE_CURVE_WITH_KNOTS('',3,(#1341,#1342,#1343,#1344,#1345,#1346,
#1347,#1348,#1349,#1350,#1351,#1352,#1353,#1354),.UNSPECIFIED.,.F.,.F.,
(4,1,1,1,1,1,1,1,1,1,1,4),(0.,0.125,0.25,0.3125,0.375,0.4375,0.5,0.625,
0.75,0.875,0.9375,1.),.UNSPECIFIED.);
#106=B_SPLINE_CURVE_WITH_KNOTS('',3,(#1355,#1356,#1357,#1358,#1359,#1360,
#1361),.UNSPECIFIED.,.F.,.F.,(4,1,1,1,4),(0.,0.5,0.75,0.875,1.),
 .UNSPECIFIED.);
#107=B_SPLINE_CURVE_WITH_KNOTS('',3,(#1363,#1364,#1365,#1366,#1367,#1368,
#1369,#1370,#1371,#1372,#1373,#1374,#1375,#1376),.UNSPECIFIED.,.F.,.F.,
(4,1,1,1,1,1,1,1,1,1,1,4),(0.,0.125,0.25,0.3125,0.375,0.5,0.625,0.75,0.8125,
0.875,0.9375,1.),.UNSPECIFIED.);
#108=B_SPLINE_CURVE_WITH_KNOTS('',3,(#1395,#1396,#1397,#1398,#1399,#1400,
#1401,#1402,#1403,#1404,#1405,#1406,#1407),.UNSPECIFIED.,.F.,.F.,(4,1,1,
1,1,1,1,1,1,1,4),(0.,0.25,0.375,0.5,0.5625,0.625,0.6875,0.75,0.8125,0.875,
1.),.UNSPECIFIED.);
#109=B_SPLINE_CURVE_WITH_KNOTS('',3,(#1409,#1410,#1411,#1412,#1413,#1414,
#1415,#1416,#1417,#1418),.UNSPECIFIED.,.F.,.F.,(4,1,1,1,1,1,1,4),(0.,0.125,
0.25,0.5,0.75,0.875,0.9375,1.),.UNSPECIFIED.);
#110=B_SPLINE_CURVE_WITH_KNOTS('',3,(#1420,#1421,#1422,#1423,#1424,#1425,
#1426,#1427,#1428,#1429,#1430),.UNSPECIFIED.,.F.,.F.,(4,1,1,1,1,1,1,1,4),
(0.,0.125,0.25,0.375,0.5,0.625,0.75,0.875,1.),.UNSPECIFIED.);
#111=B_SPLINE_CURVE_WITH_KNOTS('',3,(#1449,#1450,#1451,#1452,#1453,#1454,
#1455,#1456),.UNSPECIFIED.,.F.,.F.,(4,2,2,4),(-0.180153671097376,-0.172349487083147,
-0.0862047207505917,-9.99999999445889E-7),.UNSPECIFIED.);
#112=B_SPLINE_CURVE_WITH_KNOTS('',3,(#1458,#1459,#1460,#1461,#1462,#1463,
#1464,#1465,#1466,#1467,#1468,#1469,#1470,#1471,#1472,#1473,#1474,#1475,
#1476,#1477,#1478,#1479,#1480,#1481,#1482,#1483,#1484,#1485,#1486,#1487,
#1488,#1489,#1490,#1491,#1492,#1493,#1494,#1495,#1496,#1497,#1498,#1499,
#1500,#1501,#1502,#1503,#1504,#1505,#1506,#1507,#1508,#1509,#1510,#1511,
#1512),.UNSPECIFIED.,.F.,.F.,(4,3,3,3,3,3,3,3,3,3,3,3,3,3,3,3,3,3,4),(0.,
0.0625843223067719,0.093769120554463,0.124928533273842,0.187308083684899,
0.25,0.323450208369732,0.374951837425198,0.437280666944161,0.4999999989655,
0.531442997868683,0.562756564922418,0.62514656757865,0.687464140780984,
0.749999998599488,0.849719011304324,0.875076369356685,0.975624273543484,
1.),.UNSPECIFIED.);
#113=B_SPLINE_CURVE_WITH_KNOTS('',3,(#1521,#1522,#1523,#1524),
 .UNSPECIFIED.,.F.,.F.,(4,4),(0.,0.000326421479189314),.UNSPECIFIED.);
#114=B_SPLINE_CURVE_WITH_KNOTS('',3,(#1526,#1527,#1528,#1529,#1530,#1531,
#1532,#1533,#1534),.UNSPECIFIED.,.F.,.F.,(4,1,1,1,1,1,4),(0.,0.25,0.5,0.75,
0.875,0.9375,1.),.UNSPECIFIED.);
#115=B_SPLINE_CURVE_WITH_KNOTS('',3,(#1538,#1539,#1540,#1541,#1542,#1543,
#1544,#1545),.UNSPECIFIED.,.F.,.F.,(4,1,1,1,1,4),(0.,0.25,0.5,0.75,0.875,
1.),.UNSPECIFIED.);
#116=B_SPLINE_CURVE_WITH_KNOTS('',3,(#1547,#1548,#1549,#1550),
 .UNSPECIFIED.,.F.,.F.,(4,4),(1.93947980722443E-18,0.000326421479189304),
 .UNSPECIFIED.);
#117=B_SPLINE_CURVE_WITH_KNOTS('',3,(#1559,#1560,#1561,#1562,#1563,#1564,
#1565,#1566,#1567,#1568,#1569,#1570,#1571,#1572,#1573,#1574,#1575,#1576,
#1577,#1578,#1579,#1580,#1581,#1582,#1583,#1584,#1585,#1586,#1587,#1588,
#1589,#1590,#1591,#1592,#1593,#1594,#1595,#1596,#1597,#1598,#1599,#1600),
 .UNSPECIFIED.,.F.,.F.,(4,2,2,2,2,2,2,2,2,2,2,2,2,2,2,2,2,2,2,2,4),(0.,
0.0624620311432353,0.125061205194323,0.187629571259729,0.25,0.305746677385288,
0.36092358831431,0.375,0.424942446548427,0.437536865272173,0.486583394203478,
0.5,0.562174268300326,0.59347229603271,0.6248430097545,0.695977490892776,
0.75,0.800891909967456,0.851267284796769,0.875,1.),.UNSPECIFIED.);
#118=B_SPLINE_CURVE_WITH_KNOTS('',3,(#1602,#1603,#1604,#1605,#1606,#1607,
#1608,#1609),.UNSPECIFIED.,.F.,.F.,(4,2,2,4),(-0.691680467398289,-0.605368988663957,
-0.519117479168081,-0.511229841532548),.UNSPECIFIED.);
#119=B_SPLINE_CURVE_WITH_KNOTS('',3,(#1615,#1616,#1617,#1618,#1619,#1620,
#1621,#1622,#1623,#1624,#1625),.UNSPECIFIED.,.F.,.F.,(4,1,1,1,1,1,1,1,4),
(0.,0.125,0.25,0.5,0.625,0.75,0.875,0.9375,1.),.UNSPECIFIED.);
#120=B_SPLINE_CURVE_WITH_KNOTS('',3,(#1627,#1628,#1629,#1630),
 .UNSPECIFIED.,.F.,.F.,(4,4),(0.,0.000326421479189286),.UNSPECIFIED.);
#121=B_SPLINE_CURVE_WITH_KNOTS('',3,(#1634,#1635,#1636,#1637,#1638,#1639,
#1640,#1641),.UNSPECIFIED.,.F.,.F.,(4,1,1,1,1,4),(0.,0.25,0.5,0.75,0.875,
1.),.UNSPECIFIED.);
#122=B_SPLINE_CURVE_WITH_KNOTS('',3,(#1643,#1644,#1645,#1646,#1647,#1648,
#1649),.UNSPECIFIED.,.F.,.F.,(4,1,1,1,4),(0.,0.25,0.5,0.75,1.),
 .UNSPECIFIED.);
#123=B_SPLINE_CURVE_WITH_KNOTS('',3,(#1653,#1654,#1655,#1656),
 .UNSPECIFIED.,.F.,.F.,(4,4),(0.,0.000326421479189287),.UNSPECIFIED.);
#124=B_SPLINE_CURVE_WITH_KNOTS('',3,(#1671,#1672,#1673,#1674,#1675,#1676,
#1677,#1678,#1679,#1680),.UNSPECIFIED.,.F.,.F.,(4,2,2,2,4),(9.99841368366896E-7,
0.0753286685251476,0.150818487369609,0.301550615516547,0.311308617492461),
 .UNSPECIFIED.);
#125=B_SPLINE_CURVE_WITH_KNOTS('',3,(#1723,#1724,#1725,#1726,#1727,#1728,
#1729,#1730,#1731,#1732,#1733,#1734,#1735,#1736,#1737,#1738,#1739,#1740,
#1741,#1742,#1743,#1744,#1745,#1746,#1747,#1748,#1749,#1750,#1751,#1752,
#1753,#1754,#1755,#1756,#1757,#1758,#1759,#1760,#1761,#1762,#1763,#1764,
#1765,#1766,#1767,#1768,#1769,#1770,#1771,#1772,#1773,#1774,#1775,#1776,
#1777,#1778,#1779,#1780,#1781,#1782,#1783,#1784,#1785,#1786),
 .UNSPECIFIED.,.F.,.F.,(4,3,3,3,3,3,3,3,3,3,3,3,3,3,3,3,3,3,3,3,3,4),(0.,
0.0740702698434663,0.081842697653452,0.109374999999994,0.120808554285894,
0.124999999999993,0.187499999999993,0.218749999999993,0.236226599801755,
0.249999999999993,0.311358064055141,0.312499999999994,0.343749999999995,
0.361890187544219,0.375,0.436531514432632,0.4375,0.465688648822538,0.468359912208258,
0.49600531473616,0.5,0.512618503259725),.UNSPECIFIED.);
#126=B_SPLINE_CURVE_WITH_KNOTS('',3,(#1790,#1791,#1792,#1793,#1794,#1795),
 .UNSPECIFIED.,.F.,.F.,(4,1,1,4),(0.,0.25,0.5,1.),.UNSPECIFIED.);
#127=B_SPLINE_CURVE_WITH_KNOTS('',3,(#1812,#1813,#1814,#1815,#1816,#1817),
 .UNSPECIFIED.,.F.,.F.,(4,2,4),(1.27957409749314E-6,0.0310199067689876,
0.0621236219426881),.UNSPECIFIED.);
#128=B_SPLINE_CURVE_WITH_KNOTS('',3,(#1823,#1824,#1825,#1826,#1827,#1828),
 .UNSPECIFIED.,.F.,.F.,(4,2,4),(0.,0.0264391833064671,0.0528787853193046),
 .UNSPECIFIED.);
#129=B_SPLINE_CURVE_WITH_KNOTS('',3,(#1838,#1839,#1840,#1841,#1842,#1843),
 .UNSPECIFIED.,.F.,.F.,(4,2,4),(9.67062625617901E-7,0.0264603548026758,
0.0529193220988572),.UNSPECIFIED.);
#130=B_SPLINE_CURVE_WITH_KNOTS('',3,(#1849,#1850,#1851,#1852,#1853,#1854),
 .UNSPECIFIED.,.F.,.F.,(4,2,4),(0.,0.0311346463720781,0.0621789650147902),
 .UNSPECIFIED.);
#131=B_SPLINE_CURVE_WITH_KNOTS('',3,(#1859,#1860,#1861,#1862,#1863,#1864),
 .UNSPECIFIED.,.F.,.F.,(4,2,4),(-0.044643047539505,-0.0223225381777468,
-9.99999997787493E-7),.UNSPECIFIED.);
#132=B_SPLINE_CURVE_WITH_KNOTS('',3,(#1866,#1867,#1868,#1869,#1870,#1871),
 .UNSPECIFIED.,.F.,.F.,(4,2,4),(0.,0.0222988159800813,0.0445976032046799),
 .UNSPECIFIED.);
#133=B_SPLINE_CURVE_WITH_KNOTS('',3,(#1976,#1977,#1978,#1979,#1980,#1981,
#1982,#1983),.UNSPECIFIED.,.F.,.F.,(4,2,2,4),(-0.511229841532548,-0.345840719442386,
-0.172122108501553,-9.99923022715343E-7),.UNSPECIFIED.);
#134=B_SPLINE_CURVE_WITH_KNOTS('',3,(#1985,#1986,#1987,#1988,#1989,#1990,
#1991,#1992),.UNSPECIFIED.,.F.,.F.,(4,2,2,4),(0.311308617492461,0.452641803589666,
0.527716358303822,0.603100176291023),.UNSPECIFIED.);
#135=B_SPLINE_CURVE_WITH_KNOTS('',3,(#2078,#2079,#2080,#2081,#2082,#2083,
#2084,#2085,#2086,#2087),.UNSPECIFIED.,.F.,.F.,(4,2,2,2,4),(-0.169239566688757,
-0.151567922317827,-0.121212006769231,-0.0607284995207319,-9.99999993755996E-7),
 .UNSPECIFIED.);
#136=B_SPLINE_CURVE_WITH_KNOTS('',3,(#2204,#2205,#2206,#2207,#2208,#2209,
#2210,#2211,#2212,#2213),.UNSPECIFIED.,.F.,.F.,(4,2,2,2,4),(0.167170411339078,
0.301076390875591,0.451705977293206,0.52714372476682,0.602420798630403),
 .UNSPECIFIED.);
#137=B_SPLINE_CURVE_WITH_KNOTS('',3,(#2215,#2216,#2217,#2218,#2219,#2220,
#2221,#2222),.UNSPECIFIED.,.F.,.F.,(4,2,2,4),(-0.690512077424048,-0.518758281944584,
-0.345410904010776,-0.180153671097376),.UNSPECIFIED.);
#138=B_SPLINE_CURVE_WITH_KNOTS('',3,(#2351,#2352,#2353,#2354,#2355,#2356,
#2357,#2358,#2359,#2360,#2361,#2362,#2363,#2364,#2365,#2366,#2367,#2368,
#2369,#2370,#2371,#2372,#2373,#2374,#2375,#2376,#2377,#2378,#2379,#2380,
#2381,#2382,#2383,#2384,#2385,#2386,#2387,#2388,#2389,#2390,#2391,#2392,
#2393),.UNSPECIFIED.,.F.,.F.,(4,3,3,3,3,3,3,3,3,3,3,3,3,3,4),(0.512618503259725,
0.562062644772698,0.5625,0.594436688383037,0.625,0.6875,0.719772244654767,
0.75,0.800760713112907,0.81238798116294,0.862356710109714,0.875,0.906158860260873,
0.937392700279116,1.),.UNSPECIFIED.);
#139=B_SPLINE_CURVE_WITH_KNOTS('',3,(#2410,#2411,#2412,#2413,#2414,#2415,
#2416,#2417,#2418,#2419),.UNSPECIFIED.,.F.,.F.,(4,1,1,1,1,1,1,4),(0.,0.125,
0.25,0.5,0.75,0.875,0.9375,1.),.UNSPECIFIED.);
#140=B_SPLINE_CURVE_WITH_KNOTS('',3,(#2421,#2422,#2423,#2424,#2425,#2426,
#2427),.UNSPECIFIED.,.F.,.F.,(4,1,1,1,4),(0.,0.5,0.75,0.875,1.),
 .UNSPECIFIED.);
#141=B_SPLINE_CURVE_WITH_KNOTS('',3,(#2440,#2441,#2442,#2443),
 .UNSPECIFIED.,.F.,.F.,(4,4),(0.,0.000326421479189302),.UNSPECIFIED.);
#142=B_SPLINE_CURVE_WITH_KNOTS('',3,(#2474,#2475,#2476,#2477,#2478,#2479,
#2480,#2481),.UNSPECIFIED.,.F.,.F.,(4,1,1,1,1,4),(0.,0.25,0.5,0.75,0.875,
1.),.UNSPECIFIED.);
#143=B_SPLINE_CURVE_WITH_KNOTS('',3,(#2482,#2483,#2484,#2485),
 .UNSPECIFIED.,.F.,.F.,(4,4),(0.,0.00032642147918931),.UNSPECIFIED.);
#144=B_SPLINE_CURVE_WITH_KNOTS('',3,(#2487,#2488,#2489,#2490,#2491,#2492,
#2493,#2494,#2495,#2496),.UNSPECIFIED.,.F.,.F.,(4,1,1,1,1,1,1,4),(0.,0.25,
0.5,0.625,0.75,0.875,0.9375,1.),.UNSPECIFIED.);
#145=TOROIDAL_SURFACE('',#926,6.5000000000127,1.00000000000195);
#146=TOROIDAL_SURFACE('',#950,6.5000000000127,1.00000000000195);
#147=TOROIDAL_SURFACE('',#971,6.5000000000127,1.00000000000195);
#148=TOROIDAL_SURFACE('',#973,6.5000000000127,1.00000000000195);
#149=TOROIDAL_SURFACE('',#974,6.5000000000127,1.00000000000195);
#150=TOROIDAL_SURFACE('',#981,6.5000000000127,1.00000000000195);
#151=CIRCLE('',#922,1.00000000004028);
#152=CIRCLE('',#923,1.00000000004028);
#153=CIRCLE('',#924,1.00000000004094);
#154=CIRCLE('',#925,1.00000000004094);
#155=CIRCLE('',#927,1.00000000004263);
#156=CIRCLE('',#928,7.50000000028214);
#157=CIRCLE('',#929,2.99999999982545);
#158=CIRCLE('',#931,6.80000000026991);
#159=CIRCLE('',#932,7.00000000027609);
#160=CIRCLE('',#934,6.80000000019029);
#161=CIRCLE('',#935,7.00000000019076);
#162=CIRCLE('',#936,6.99999999959445);
#163=CIRCLE('',#937,6.99999999981998);
#164=CIRCLE('',#938,7.00000000027608);
#165=CIRCLE('',#939,7.00000000019076);
#166=CIRCLE('',#940,7.50000000004333);
#167=CIRCLE('',#941,7.50000000028201);
#168=CIRCLE('',#942,7.49999999961324);
#169=CIRCLE('',#943,7.00000000003525);
#170=CIRCLE('',#944,6.99999999988466);
#171=CIRCLE('',#947,6.8000000002992);
#172=CIRCLE('',#948,7.00000000030742);
#173=CIRCLE('',#949,2.99999999999236);
#174=CIRCLE('',#951,1.00000000005381);
#175=CIRCLE('',#953,6.8000000002992);
#176=CIRCLE('',#954,6.99999999988487);
#177=CIRCLE('',#955,1.00000000004028);
#178=CIRCLE('',#957,6.80000000026991);
#179=CIRCLE('',#958,6.99999999982006);
#180=CIRCLE('',#959,1.00000000004028);
#181=CIRCLE('',#961,6.99999999965172);
#182=CIRCLE('',#962,2.99999999996007);
#183=CIRCLE('',#963,6.8000000001903);
#184=CIRCLE('',#964,1.00000000004094);
#185=CIRCLE('',#966,2.99999999984633);
#186=CIRCLE('',#967,6.99999999994315);
#187=CIRCLE('',#968,1.00000000004094);
#188=CIRCLE('',#972,7.50000000004334);
#189=CIRCLE('',#975,7.49999999961309);
#190=CIRCLE('',#978,7.00000000030742);
#191=ORIENTED_EDGE('',*,*,#447,.F.);
#192=ORIENTED_EDGE('',*,*,#448,.F.);
#193=ORIENTED_EDGE('',*,*,#449,.T.);
#194=ORIENTED_EDGE('',*,*,#450,.F.);
#195=ORIENTED_EDGE('',*,*,#451,.F.);
#196=ORIENTED_EDGE('',*,*,#452,.F.);
#197=ORIENTED_EDGE('',*,*,#453,.T.);
#198=ORIENTED_EDGE('',*,*,#454,.F.);
#199=ORIENTED_EDGE('',*,*,#455,.F.);
#200=ORIENTED_EDGE('',*,*,#456,.F.);
#201=ORIENTED_EDGE('',*,*,#457,.F.);
#202=ORIENTED_EDGE('',*,*,#458,.F.);
#203=ORIENTED_EDGE('',*,*,#459,.F.);
#204=ORIENTED_EDGE('',*,*,#460,.F.);
#205=ORIENTED_EDGE('',*,*,#461,.T.);
#206=ORIENTED_EDGE('',*,*,#462,.F.);
#207=ORIENTED_EDGE('',*,*,#463,.F.);
#208=ORIENTED_EDGE('',*,*,#464,.F.);
#209=ORIENTED_EDGE('',*,*,#465,.F.);
#210=ORIENTED_EDGE('',*,*,#466,.F.);
#211=ORIENTED_EDGE('',*,*,#467,.F.);
#212=ORIENTED_EDGE('',*,*,#468,.F.);
#213=ORIENTED_EDGE('',*,*,#469,.F.);
#214=ORIENTED_EDGE('',*,*,#470,.F.);
#215=ORIENTED_EDGE('',*,*,#471,.F.);
#216=ORIENTED_EDGE('',*,*,#472,.T.);
#217=ORIENTED_EDGE('',*,*,#473,.T.);
#218=ORIENTED_EDGE('',*,*,#474,.F.);
#219=ORIENTED_EDGE('',*,*,#475,.F.);
#220=ORIENTED_EDGE('',*,*,#476,.F.);
#221=ORIENTED_EDGE('',*,*,#477,.F.);
#222=ORIENTED_EDGE('',*,*,#465,.T.);
#223=ORIENTED_EDGE('',*,*,#478,.F.);
#224=ORIENTED_EDGE('',*,*,#456,.T.);
#225=ORIENTED_EDGE('',*,*,#479,.T.);
#226=ORIENTED_EDGE('',*,*,#480,.F.);
#227=ORIENTED_EDGE('',*,*,#481,.T.);
#228=ORIENTED_EDGE('',*,*,#482,.F.);
#229=ORIENTED_EDGE('',*,*,#469,.T.);
#230=ORIENTED_EDGE('',*,*,#483,.T.);
#231=ORIENTED_EDGE('',*,*,#484,.T.);
#232=ORIENTED_EDGE('',*,*,#485,.T.);
#233=ORIENTED_EDGE('',*,*,#486,.T.);
#234=ORIENTED_EDGE('',*,*,#487,.T.);
#235=ORIENTED_EDGE('',*,*,#488,.T.);
#236=ORIENTED_EDGE('',*,*,#489,.T.);
#237=ORIENTED_EDGE('',*,*,#490,.T.);
#238=ORIENTED_EDGE('',*,*,#491,.F.);
#239=ORIENTED_EDGE('',*,*,#492,.T.);
#240=ORIENTED_EDGE('',*,*,#493,.F.);
#241=ORIENTED_EDGE('',*,*,#494,.T.);
#242=ORIENTED_EDGE('',*,*,#495,.F.);
#243=ORIENTED_EDGE('',*,*,#496,.T.);
#244=ORIENTED_EDGE('',*,*,#497,.F.);
#245=ORIENTED_EDGE('',*,*,#498,.T.);
#246=ORIENTED_EDGE('',*,*,#499,.T.);
#247=ORIENTED_EDGE('',*,*,#500,.T.);
#248=ORIENTED_EDGE('',*,*,#501,.F.);
#249=ORIENTED_EDGE('',*,*,#502,.T.);
#250=ORIENTED_EDGE('',*,*,#503,.T.);
#251=ORIENTED_EDGE('',*,*,#504,.T.);
#252=ORIENTED_EDGE('',*,*,#505,.F.);
#253=ORIENTED_EDGE('',*,*,#506,.T.);
#254=ORIENTED_EDGE('',*,*,#507,.T.);
#255=ORIENTED_EDGE('',*,*,#508,.F.);
#256=ORIENTED_EDGE('',*,*,#509,.T.);
#257=ORIENTED_EDGE('',*,*,#480,.T.);
#258=ORIENTED_EDGE('',*,*,#510,.T.);
#259=ORIENTED_EDGE('',*,*,#511,.F.);
#260=ORIENTED_EDGE('',*,*,#512,.F.);
#261=ORIENTED_EDGE('',*,*,#513,.T.);
#262=ORIENTED_EDGE('',*,*,#514,.F.);
#263=ORIENTED_EDGE('',*,*,#515,.T.);
#264=ORIENTED_EDGE('',*,*,#507,.F.);
#265=ORIENTED_EDGE('',*,*,#516,.F.);
#266=ORIENTED_EDGE('',*,*,#517,.F.);
#267=ORIENTED_EDGE('',*,*,#496,.F.);
#268=ORIENTED_EDGE('',*,*,#518,.F.);
#269=ORIENTED_EDGE('',*,*,#519,.F.);
#270=ORIENTED_EDGE('',*,*,#520,.F.);
#271=ORIENTED_EDGE('',*,*,#504,.F.);
#272=ORIENTED_EDGE('',*,*,#521,.F.);
#273=ORIENTED_EDGE('',*,*,#522,.F.);
#274=ORIENTED_EDGE('',*,*,#523,.F.);
#275=ORIENTED_EDGE('',*,*,#524,.F.);
#276=ORIENTED_EDGE('',*,*,#525,.T.);
#277=ORIENTED_EDGE('',*,*,#526,.F.);
#278=ORIENTED_EDGE('',*,*,#527,.F.);
#279=ORIENTED_EDGE('',*,*,#502,.F.);
#280=ORIENTED_EDGE('',*,*,#528,.T.);
#281=ORIENTED_EDGE('',*,*,#463,.T.);
#282=ORIENTED_EDGE('',*,*,#529,.T.);
#283=ORIENTED_EDGE('',*,*,#530,.T.);
#284=ORIENTED_EDGE('',*,*,#475,.T.);
#285=ORIENTED_EDGE('',*,*,#531,.T.);
#286=ORIENTED_EDGE('',*,*,#448,.T.);
#287=ORIENTED_EDGE('',*,*,#532,.T.);
#288=ORIENTED_EDGE('',*,*,#505,.T.);
#289=ORIENTED_EDGE('',*,*,#520,.T.);
#290=ORIENTED_EDGE('',*,*,#533,.T.);
#291=ORIENTED_EDGE('',*,*,#508,.T.);
#292=ORIENTED_EDGE('',*,*,#515,.F.);
#293=ORIENTED_EDGE('',*,*,#534,.F.);
#294=ORIENTED_EDGE('',*,*,#535,.T.);
#295=ORIENTED_EDGE('',*,*,#450,.T.);
#296=ORIENTED_EDGE('',*,*,#536,.T.);
#297=ORIENTED_EDGE('',*,*,#537,.T.);
#298=ORIENTED_EDGE('',*,*,#512,.T.);
#299=ORIENTED_EDGE('',*,*,#538,.T.);
#300=ORIENTED_EDGE('',*,*,#459,.T.);
#301=ORIENTED_EDGE('',*,*,#539,.T.);
#302=ORIENTED_EDGE('',*,*,#540,.T.);
#303=ORIENTED_EDGE('',*,*,#541,.T.);
#304=ORIENTED_EDGE('',*,*,#497,.T.);
#305=ORIENTED_EDGE('',*,*,#517,.T.);
#306=ORIENTED_EDGE('',*,*,#542,.T.);
#307=ORIENTED_EDGE('',*,*,#543,.T.);
#308=ORIENTED_EDGE('',*,*,#454,.T.);
#309=ORIENTED_EDGE('',*,*,#544,.T.);
#310=ORIENTED_EDGE('',*,*,#467,.T.);
#311=ORIENTED_EDGE('',*,*,#545,.T.);
#312=ORIENTED_EDGE('',*,*,#491,.T.);
#313=ORIENTED_EDGE('',*,*,#546,.T.);
#314=ORIENTED_EDGE('',*,*,#547,.F.);
#315=ORIENTED_EDGE('',*,*,#523,.T.);
#316=ORIENTED_EDGE('',*,*,#548,.T.);
#317=ORIENTED_EDGE('',*,*,#471,.T.);
#318=ORIENTED_EDGE('',*,*,#549,.T.);
#319=ORIENTED_EDGE('',*,*,#550,.T.);
#320=ORIENTED_EDGE('',*,*,#452,.T.);
#321=ORIENTED_EDGE('',*,*,#551,.T.);
#322=ORIENTED_EDGE('',*,*,#552,.T.);
#323=ORIENTED_EDGE('',*,*,#553,.T.);
#324=ORIENTED_EDGE('',*,*,#540,.F.);
#325=ORIENTED_EDGE('',*,*,#547,.T.);
#326=ORIENTED_EDGE('',*,*,#554,.T.);
#327=ORIENTED_EDGE('',*,*,#524,.T.);
#328=ORIENTED_EDGE('',*,*,#537,.F.);
#329=ORIENTED_EDGE('',*,*,#555,.F.);
#330=ORIENTED_EDGE('',*,*,#500,.F.);
#331=ORIENTED_EDGE('',*,*,#556,.F.);
#332=ORIENTED_EDGE('',*,*,#557,.F.);
#333=ORIENTED_EDGE('',*,*,#513,.F.);
#334=ORIENTED_EDGE('',*,*,#556,.T.);
#335=ORIENTED_EDGE('',*,*,#499,.F.);
#336=ORIENTED_EDGE('',*,*,#558,.F.);
#337=ORIENTED_EDGE('',*,*,#559,.F.);
#338=ORIENTED_EDGE('',*,*,#461,.F.);
#339=ORIENTED_EDGE('',*,*,#558,.T.);
#340=ORIENTED_EDGE('',*,*,#498,.F.);
#341=ORIENTED_EDGE('',*,*,#541,.F.);
#342=ORIENTED_EDGE('',*,*,#553,.F.);
#343=ORIENTED_EDGE('',*,*,#550,.F.);
#344=ORIENTED_EDGE('',*,*,#560,.F.);
#345=ORIENTED_EDGE('',*,*,#473,.F.);
#346=ORIENTED_EDGE('',*,*,#561,.F.);
#347=ORIENTED_EDGE('',*,*,#488,.F.);
#348=ORIENTED_EDGE('',*,*,#562,.F.);
#349=ORIENTED_EDGE('',*,*,#561,.T.);
#350=ORIENTED_EDGE('',*,*,#563,.F.);
#351=ORIENTED_EDGE('',*,*,#525,.F.);
#352=ORIENTED_EDGE('',*,*,#564,.F.);
#353=ORIENTED_EDGE('',*,*,#489,.F.);
#354=ORIENTED_EDGE('',*,*,#564,.T.);
#355=ORIENTED_EDGE('',*,*,#554,.F.);
#356=ORIENTED_EDGE('',*,*,#546,.F.);
#357=ORIENTED_EDGE('',*,*,#490,.F.);
#358=ORIENTED_EDGE('',*,*,#484,.F.);
#359=ORIENTED_EDGE('',*,*,#565,.F.);
#360=ORIENTED_EDGE('',*,*,#566,.F.);
#361=ORIENTED_EDGE('',*,*,#494,.F.);
#362=ORIENTED_EDGE('',*,*,#567,.F.);
#363=ORIENTED_EDGE('',*,*,#526,.T.);
#364=ORIENTED_EDGE('',*,*,#568,.F.);
#365=ORIENTED_EDGE('',*,*,#548,.F.);
#366=ORIENTED_EDGE('',*,*,#522,.T.);
#367=ORIENTED_EDGE('',*,*,#563,.T.);
#368=ORIENTED_EDGE('',*,*,#472,.F.);
#369=ORIENTED_EDGE('',*,*,#533,.F.);
#370=ORIENTED_EDGE('',*,*,#519,.T.);
#371=ORIENTED_EDGE('',*,*,#481,.F.);
#372=ORIENTED_EDGE('',*,*,#509,.F.);
#373=ORIENTED_EDGE('',*,*,#542,.F.);
#374=ORIENTED_EDGE('',*,*,#516,.T.);
#375=ORIENTED_EDGE('',*,*,#486,.F.);
#376=ORIENTED_EDGE('',*,*,#569,.F.);
#377=ORIENTED_EDGE('',*,*,#534,.T.);
#378=ORIENTED_EDGE('',*,*,#514,.T.);
#379=ORIENTED_EDGE('',*,*,#506,.F.);
#380=ORIENTED_EDGE('',*,*,#538,.F.);
#381=ORIENTED_EDGE('',*,*,#511,.T.);
#382=ORIENTED_EDGE('',*,*,#557,.T.);
#383=ORIENTED_EDGE('',*,*,#460,.T.);
#384=ORIENTED_EDGE('',*,*,#562,.T.);
#385=ORIENTED_EDGE('',*,*,#487,.F.);
#386=ORIENTED_EDGE('',*,*,#457,.T.);
#387=ORIENTED_EDGE('',*,*,#478,.T.);
#388=ORIENTED_EDGE('',*,*,#464,.T.);
#389=ORIENTED_EDGE('',*,*,#528,.F.);
#390=ORIENTED_EDGE('',*,*,#570,.T.);
#391=ORIENTED_EDGE('',*,*,#476,.T.);
#392=ORIENTED_EDGE('',*,*,#530,.F.);
#393=ORIENTED_EDGE('',*,*,#571,.T.);
#394=ORIENTED_EDGE('',*,*,#572,.T.);
#395=ORIENTED_EDGE('',*,*,#568,.T.);
#396=ORIENTED_EDGE('',*,*,#501,.T.);
#397=ORIENTED_EDGE('',*,*,#555,.T.);
#398=ORIENTED_EDGE('',*,*,#536,.F.);
#399=ORIENTED_EDGE('',*,*,#569,.T.);
#400=ORIENTED_EDGE('',*,*,#485,.F.);
#401=ORIENTED_EDGE('',*,*,#565,.T.);
#402=ORIENTED_EDGE('',*,*,#483,.F.);
#403=ORIENTED_EDGE('',*,*,#468,.T.);
#404=ORIENTED_EDGE('',*,*,#544,.F.);
#405=ORIENTED_EDGE('',*,*,#573,.T.);
#406=ORIENTED_EDGE('',*,*,#482,.T.);
#407=ORIENTED_EDGE('',*,*,#518,.T.);
#408=ORIENTED_EDGE('',*,*,#495,.T.);
#409=ORIENTED_EDGE('',*,*,#566,.T.);
#410=ORIENTED_EDGE('',*,*,#493,.T.);
#411=ORIENTED_EDGE('',*,*,#574,.T.);
#412=ORIENTED_EDGE('',*,*,#477,.T.);
#413=ORIENTED_EDGE('',*,*,#521,.T.);
#414=ORIENTED_EDGE('',*,*,#503,.F.);
#415=ORIENTED_EDGE('',*,*,#527,.T.);
#416=ORIENTED_EDGE('',*,*,#567,.T.);
#417=ORIENTED_EDGE('',*,*,#572,.F.);
#418=ORIENTED_EDGE('',*,*,#531,.F.);
#419=ORIENTED_EDGE('',*,*,#474,.T.);
#420=ORIENTED_EDGE('',*,*,#570,.F.);
#421=ORIENTED_EDGE('',*,*,#549,.F.);
#422=ORIENTED_EDGE('',*,*,#470,.T.);
#423=ORIENTED_EDGE('',*,*,#560,.T.);
#424=ORIENTED_EDGE('',*,*,#545,.F.);
#425=ORIENTED_EDGE('',*,*,#466,.T.);
#426=ORIENTED_EDGE('',*,*,#573,.F.);
#427=ORIENTED_EDGE('',*,*,#492,.F.);
#428=ORIENTED_EDGE('',*,*,#529,.F.);
#429=ORIENTED_EDGE('',*,*,#462,.T.);
#430=ORIENTED_EDGE('',*,*,#574,.F.);
#431=ORIENTED_EDGE('',*,*,#571,.F.);
#432=ORIENTED_EDGE('',*,*,#539,.F.);
#433=ORIENTED_EDGE('',*,*,#458,.T.);
#434=ORIENTED_EDGE('',*,*,#559,.T.);
#435=ORIENTED_EDGE('',*,*,#552,.F.);
#436=ORIENTED_EDGE('',*,*,#479,.F.);
#437=ORIENTED_EDGE('',*,*,#455,.T.);
#438=ORIENTED_EDGE('',*,*,#510,.F.);
#439=ORIENTED_EDGE('',*,*,#551,.F.);
#440=ORIENTED_EDGE('',*,*,#451,.T.);
#441=ORIENTED_EDGE('',*,*,#543,.F.);
#442=ORIENTED_EDGE('',*,*,#453,.F.);
#443=ORIENTED_EDGE('',*,*,#532,.F.);
#444=ORIENTED_EDGE('',*,*,#447,.T.);
#445=ORIENTED_EDGE('',*,*,#535,.F.);
#446=ORIENTED_EDGE('',*,*,#449,.F.);
#447=EDGE_CURVE('NONE',#575,#576,#657,.T.);
#448=EDGE_CURVE('NONE',#577,#575,#151,.T.);
#449=EDGE_CURVE('NONE',#577,#578,#658,.T.);
#450=EDGE_CURVE('NONE',#576,#578,#152,.T.);
#451=EDGE_CURVE('NONE',#579,#580,#659,.T.);
#452=EDGE_CURVE('NONE',#581,#579,#153,.T.);
#453=EDGE_CURVE('NONE',#581,#582,#660,.T.);
#454=EDGE_CURVE('NONE',#580,#582,#154,.T.);
#455=EDGE_CURVE('NONE',#583,#584,#155,.T.);
#456=EDGE_CURVE('NONE',#585,#583,#99,.T.);
#457=EDGE_CURVE('NONE',#584,#585,#156,.T.);
#458=EDGE_CURVE('NONE',#586,#587,#661,.T.);
#459=EDGE_CURVE('NONE',#588,#586,#157,.T.);
#460=EDGE_CURVE('NONE',#589,#588,#662,.T.);
#461=EDGE_CURVE('NONE',#589,#587,#100,.T.);
#462=EDGE_CURVE('NONE',#590,#591,#663,.T.);
#463=EDGE_CURVE('NONE',#592,#590,#158,.T.);
#464=EDGE_CURVE('NONE',#593,#592,#101,.T.);
#465=EDGE_CURVE('NONE',#591,#593,#159,.T.);
#466=EDGE_CURVE('NONE',#594,#595,#664,.T.);
#467=EDGE_CURVE('NONE',#596,#594,#160,.T.);
#468=EDGE_CURVE('NONE',#597,#596,#102,.T.);
#469=EDGE_CURVE('NONE',#595,#597,#161,.T.);
#470=EDGE_CURVE('NONE',#598,#599,#665,.T.);
#471=EDGE_CURVE('NONE',#600,#598,#162,.T.);
#472=EDGE_CURVE('NONE',#600,#601,#666,.T.);
#473=EDGE_CURVE('NONE',#601,#599,#103,.T.);
#474=EDGE_CURVE('NONE',#602,#603,#667,.T.);
#475=EDGE_CURVE('NONE',#604,#602,#163,.T.);
#476=EDGE_CURVE('NONE',#603,#604,#104,.T.);
#477=EDGE_CURVE('NONE',#591,#605,#668,.T.);
#478=EDGE_CURVE('NONE',#585,#593,#105,.T.);
#479=EDGE_CURVE('NONE',#583,#606,#106,.T.);
#480=EDGE_CURVE('NONE',#607,#606,#107,.T.);
#481=EDGE_CURVE('NONE',#607,#605,#164,.T.);
#482=EDGE_CURVE('NONE',#595,#608,#669,.T.);
#483=EDGE_CURVE('NONE',#597,#609,#108,.T.);
#484=EDGE_CURVE('NONE',#609,#610,#109,.T.);
#485=EDGE_CURVE('NONE',#610,#611,#110,.T.);
#486=EDGE_CURVE('NONE',#611,#608,#165,.T.);
#487=EDGE_CURVE('NONE',#584,#612,#670,.F.);
#488=EDGE_CURVE('NONE',#612,#613,#111,.T.);
#489=EDGE_CURVE('NONE',#613,#614,#112,.T.);
#490=EDGE_CURVE('NONE',#614,#615,#85,.T.);
#491=EDGE_CURVE('NONE',#616,#615,#671,.T.);
#492=EDGE_CURVE('NONE',#616,#617,#113,.T.);
#493=EDGE_CURVE('NONE',#618,#617,#114,.T.);
#494=EDGE_CURVE('NONE',#618,#619,#166,.T.);
#495=EDGE_CURVE('NONE',#620,#619,#115,.T.);
#496=EDGE_CURVE('NONE',#620,#621,#116,.T.);
#497=EDGE_CURVE('NONE',#622,#621,#672,.T.);
#498=EDGE_CURVE('NONE',#622,#623,#86,.T.);
#499=EDGE_CURVE('NONE',#623,#624,#117,.T.);
#500=EDGE_CURVE('NONE',#624,#625,#118,.T.);
#501=EDGE_CURVE('NONE',#626,#625,#673,.F.);
#502=EDGE_CURVE('NONE',#626,#627,#167,.T.);
#503=EDGE_CURVE('NONE',#627,#628,#119,.T.);
#504=EDGE_CURVE('NONE',#628,#629,#120,.T.);
#505=EDGE_CURVE('NONE',#630,#629,#674,.T.);
#506=EDGE_CURVE('NONE',#630,#631,#121,.T.);
#507=EDGE_CURVE('NONE',#631,#632,#122,.T.);
#508=EDGE_CURVE('NONE',#633,#632,#675,.T.);
#509=EDGE_CURVE('NONE',#633,#607,#123,.T.);
#510=EDGE_CURVE('NONE',#606,#584,#168,.T.);
#511=EDGE_CURVE('NONE',#634,#635,#676,.T.);
#512=EDGE_CURVE('NONE',#636,#634,#169,.T.);
#513=EDGE_CURVE('NONE',#636,#635,#124,.T.);
#514=EDGE_CURVE('NONE',#637,#631,#677,.T.);
#515=EDGE_CURVE('NONE',#637,#632,#170,.T.);
#516=EDGE_CURVE('NONE',#638,#608,#678,.T.);
#517=EDGE_CURVE('NONE',#621,#638,#87,.T.);
#518=EDGE_CURVE('NONE',#608,#620,#88,.T.);
#519=EDGE_CURVE('NONE',#639,#605,#679,.T.);
#520=EDGE_CURVE('NONE',#629,#639,#171,.T.);
#521=EDGE_CURVE('NONE',#605,#628,#172,.T.);
#522=EDGE_CURVE('NONE',#640,#641,#680,.T.);
#523=EDGE_CURVE('NONE',#642,#640,#173,.T.);
#524=EDGE_CURVE('NONE',#643,#642,#681,.T.);
#525=EDGE_CURVE('NONE',#643,#641,#125,.T.);
#526=EDGE_CURVE('NONE',#644,#626,#174,.T.);
#527=EDGE_CURVE('NONE',#627,#644,#126,.T.);
#528=EDGE_CURVE('NONE',#645,#592,#682,.T.);
#529=EDGE_CURVE('NONE',#590,#646,#175,.T.);
#530=EDGE_CURVE('NONE',#646,#604,#683,.T.);
#531=EDGE_CURVE('NONE',#602,#645,#176,.T.);
#532=EDGE_CURVE('NONE',#575,#577,#177,.T.);
#533=EDGE_CURVE('NONE',#639,#633,#178,.T.);
#534=EDGE_CURVE('NONE',#630,#637,#179,.T.);
#535=EDGE_CURVE('NONE',#578,#576,#180,.T.);
#536=EDGE_CURVE('NONE',#647,#648,#684,.T.);
#537=EDGE_CURVE('NONE',#648,#636,#127,.T.);
#538=EDGE_CURVE('NONE',#634,#588,#181,.T.);
#539=EDGE_CURVE('NONE',#586,#649,#182,.T.);
#540=EDGE_CURVE('NONE',#649,#650,#685,.T.);
#541=EDGE_CURVE('NONE',#650,#622,#128,.T.);
#542=EDGE_CURVE('NONE',#638,#647,#183,.T.);
#543=EDGE_CURVE('NONE',#582,#580,#184,.T.);
#544=EDGE_CURVE('NONE',#651,#596,#686,.T.);
#545=EDGE_CURVE('NONE',#594,#616,#89,.T.);
#546=EDGE_CURVE('NONE',#615,#652,#129,.T.);
#547=EDGE_CURVE('NONE',#642,#652,#687,.T.);
#548=EDGE_CURVE('NONE',#640,#600,#185,.T.);
#549=EDGE_CURVE('NONE',#598,#653,#186,.T.);
#550=EDGE_CURVE('NONE',#653,#651,#130,.T.);
#551=EDGE_CURVE('NONE',#579,#581,#187,.T.);
#552=EDGE_CURVE('NONE',#649,#654,#688,.T.);
#553=EDGE_CURVE('NONE',#654,#650,#131,.T.);
#554=EDGE_CURVE('NONE',#652,#643,#132,.T.);
#555=EDGE_CURVE('NONE',#625,#648,#133,.T.);
#556=EDGE_CURVE('NONE',#589,#624,#689,.T.);
#557=EDGE_CURVE('NONE',#635,#589,#134,.T.);
#558=EDGE_CURVE('NONE',#654,#623,#690,.T.);
#559=EDGE_CURVE('NONE',#587,#654,#135,.T.);
#560=EDGE_CURVE('NONE',#599,#653,#136,.T.);
#561=EDGE_CURVE('NONE',#613,#601,#691,.T.);
#562=EDGE_CURVE('NONE',#651,#612,#137,.T.);
#563=EDGE_CURVE('NONE',#641,#601,#138,.T.);
#564=EDGE_CURVE('NONE',#614,#643,#692,.T.);
#565=EDGE_CURVE('NONE',#610,#609,#188,.T.);
#566=EDGE_CURVE('NONE',#619,#618,#139,.T.);
#567=EDGE_CURVE('NONE',#644,#655,#140,.T.);
#568=EDGE_CURVE('NONE',#655,#626,#189,.T.);
#569=EDGE_CURVE('NONE',#647,#611,#141,.T.);
#570=EDGE_CURVE('NONE',#645,#603,#142,.T.);
#571=EDGE_CURVE('NONE',#646,#656,#143,.T.);
#572=EDGE_CURVE('NONE',#656,#655,#144,.T.);
#573=EDGE_CURVE('NONE',#617,#595,#90,.T.);
#574=EDGE_CURVE('NONE',#656,#591,#190,.T.);
#575=VERTEX_POINT('',#1200);
#576=VERTEX_POINT('',#1201);
#577=VERTEX_POINT('',#1203);
#578=VERTEX_POINT('',#1205);
#579=VERTEX_POINT('',#1218);
#580=VERTEX_POINT('',#1219);
#581=VERTEX_POINT('',#1221);
#582=VERTEX_POINT('',#1223);
#583=VERTEX_POINT('',#1227);
#584=VERTEX_POINT('',#1228);
#585=VERTEX_POINT('',#1235);
#586=VERTEX_POINT('',#1246);
#587=VERTEX_POINT('',#1247);
#588=VERTEX_POINT('',#1249);
#589=VERTEX_POINT('',#1251);
#590=VERTEX_POINT('',#1260);
#591=VERTEX_POINT('',#1261);
#592=VERTEX_POINT('',#1263);
#593=VERTEX_POINT('',#1268);
#594=VERTEX_POINT('',#1272);
#595=VERTEX_POINT('',#1273);
#596=VERTEX_POINT('',#1275);
#597=VERTEX_POINT('',#1280);
#598=VERTEX_POINT('',#1291);
#599=VERTEX_POINT('',#1292);
#600=VERTEX_POINT('',#1294);
#601=VERTEX_POINT('',#1296);
#602=VERTEX_POINT('',#1314);
#603=VERTEX_POINT('',#1315);
#604=VERTEX_POINT('',#1317);
#605=VERTEX_POINT('',#1340);
#606=VERTEX_POINT('',#1362);
#607=VERTEX_POINT('',#1377);
#608=VERTEX_POINT('',#1394);
#609=VERTEX_POINT('',#1408);
#610=VERTEX_POINT('',#1419);
#611=VERTEX_POINT('',#1431);
#612=VERTEX_POINT('',#1448);
#613=VERTEX_POINT('',#1457);
#614=VERTEX_POINT('',#1513);
#615=VERTEX_POINT('',#1518);
#616=VERTEX_POINT('',#1520);
#617=VERTEX_POINT('',#1525);
#618=VERTEX_POINT('',#1535);
#619=VERTEX_POINT('',#1537);
#620=VERTEX_POINT('',#1546);
#621=VERTEX_POINT('',#1551);
#622=VERTEX_POINT('',#1553);
#623=VERTEX_POINT('',#1558);
#624=VERTEX_POINT('',#1601);
#625=VERTEX_POINT('',#1610);
#626=VERTEX_POINT('',#1612);
#627=VERTEX_POINT('',#1614);
#628=VERTEX_POINT('',#1626);
#629=VERTEX_POINT('',#1631);
#630=VERTEX_POINT('',#1633);
#631=VERTEX_POINT('',#1642);
#632=VERTEX_POINT('',#1650);
#633=VERTEX_POINT('',#1652);
#634=VERTEX_POINT('',#1667);
#635=VERTEX_POINT('',#1668);
#636=VERTEX_POINT('',#1670);
#637=VERTEX_POINT('',#1690);
#638=VERTEX_POINT('',#1694);
#639=VERTEX_POINT('',#1705);
#640=VERTEX_POINT('',#1717);
#641=VERTEX_POINT('',#1718);
#642=VERTEX_POINT('',#1720);
#643=VERTEX_POINT('',#1722);
#644=VERTEX_POINT('',#1789);
#645=VERTEX_POINT('',#1798);
#646=VERTEX_POINT('',#1800);
#647=VERTEX_POINT('',#1810);
#648=VERTEX_POINT('',#1811);
#649=VERTEX_POINT('',#1820);
#650=VERTEX_POINT('',#1822);
#651=VERTEX_POINT('',#1833);
#652=VERTEX_POINT('',#1844);
#653=VERTEX_POINT('',#1848);
#654=VERTEX_POINT('',#1858);
#655=VERTEX_POINT('',#2428);
#656=VERTEX_POINT('',#2486);
#657=LINE('',#1199,#693);
#658=LINE('',#1204,#694);
#659=LINE('',#1217,#695);
#660=LINE('',#1222,#696);
#661=LINE('',#1245,#697);
#662=LINE('',#1250,#698);
#663=LINE('',#1259,#699);
#664=LINE('',#1271,#700);
#665=LINE('',#1290,#701);
#666=LINE('',#1295,#702);
#667=LINE('',#1313,#703);
#668=LINE('',#1339,#704);
#669=LINE('',#1393,#705);
#670=LINE('',#1447,#706);
#671=LINE('',#1519,#707);
#672=LINE('',#1552,#708);
#673=LINE('',#1611,#709);
#674=LINE('',#1632,#710);
#675=LINE('',#1651,#711);
#676=LINE('',#1666,#712);
#677=LINE('',#1689,#713);
#678=LINE('',#1693,#714);
#679=LINE('',#1704,#715);
#680=LINE('',#1716,#716);
#681=LINE('',#1721,#717);
#682=LINE('',#1797,#718);
#683=LINE('',#1801,#719);
#684=LINE('',#1809,#720);
#685=LINE('',#1821,#721);
#686=LINE('',#1832,#722);
#687=LINE('',#1845,#723);
#688=LINE('',#1857,#724);
#689=LINE('',#1984,#725);
#690=LINE('',#2077,#726);
#691=LINE('',#2214,#727);
#692=LINE('',#2394,#728);
#693=VECTOR('',#1000,1000.);
#694=VECTOR('',#1003,1000.);
#695=VECTOR('',#1006,1000.);
#696=VECTOR('',#1009,1000.);
#697=VECTOR('',#1018,1000.);
#698=VECTOR('',#1021,1000.);
#699=VECTOR('',#1024,1000.);
#700=VECTOR('',#1031,1000.);
#701=VECTOR('',#1036,1000.);
#702=VECTOR('',#1039,1000.);
#703=VECTOR('',#1040,1000.);
#704=VECTOR('',#1043,1000.);
#705=VECTOR('',#1046,1000.);
#706=VECTOR('',#1049,1000.);
#707=VECTOR('',#1050,1000.);
#708=VECTOR('',#1053,1000.);
#709=VECTOR('',#1054,1000.);
#710=VECTOR('',#1057,1000.);
#711=VECTOR('',#1058,1000.);
#712=VECTOR('',#1061,1000.);
#713=VECTOR('',#1064,1000.);
#714=VECTOR('',#1069,1000.);
#715=VECTOR('',#1072,1000.);
#716=VECTOR('',#1077,1000.);
#717=VECTOR('',#1080,1000.);
#718=VECTOR('',#1087,1000.);
#719=VECTOR('',#1090,1000.);
#720=VECTOR('',#1105,1000.);
#721=VECTOR('',#1110,1000.);
#722=VECTOR('',#1117,1000.);
#723=VECTOR('',#1118,1000.);
#724=VECTOR('',#1127,1000.);
#725=VECTOR('',#1130,1000.);
#726=VECTOR('',#1131,1000.);
#727=VECTOR('',#1132,1000.);
#728=VECTOR('',#1133,1000.);
#729=EDGE_LOOP('',(#191,#192,#193,#194));
#730=EDGE_LOOP('',(#195,#196,#197,#198));
#731=EDGE_LOOP('',(#199,#200,#201));
#732=EDGE_LOOP('',(#202,#203,#204,#205));
#733=EDGE_LOOP('',(#206,#207,#208,#209));
#734=EDGE_LOOP('',(#210,#211,#212,#213));
#735=EDGE_LOOP('',(#214,#215,#216,#217));
#736=EDGE_LOOP('',(#218,#219,#220));
#737=EDGE_LOOP('',(#221,#222,#223,#224,#225,#226,#227));
#738=EDGE_LOOP('',(#228,#229,#230,#231,#232,#233));
#739=EDGE_LOOP('',(#234,#235,#236,#237,#238,#239,#240,#241,#242,#243,#244,
#245,#246,#247,#248,#249,#250,#251,#252,#253,#254,#255,#256,#257,#258));
#740=EDGE_LOOP('',(#259,#260,#261));
#741=EDGE_LOOP('',(#262,#263,#264));
#742=EDGE_LOOP('',(#265,#266,#267,#268));
#743=EDGE_LOOP('',(#269,#270,#271,#272));
#744=EDGE_LOOP('',(#273,#274,#275,#276));
#745=EDGE_LOOP('',(#277,#278,#279));
#746=EDGE_LOOP('',(#280,#281,#282,#283,#284,#285));
#747=EDGE_LOOP('',(#286,#287));
#748=EDGE_LOOP('',(#288,#289,#290,#291,#292,#293));
#749=EDGE_LOOP('',(#294,#295));
#750=EDGE_LOOP('',(#296,#297,#298,#299,#300,#301,#302,#303,#304,#305,#306));
#751=EDGE_LOOP('',(#307,#308));
#752=EDGE_LOOP('',(#309,#310,#311,#312,#313,#314,#315,#316,#317,#318,#319));
#753=EDGE_LOOP('',(#320,#321));
#754=EDGE_LOOP('',(#322,#323,#324));
#755=EDGE_LOOP('',(#325,#326,#327));
#756=EDGE_LOOP('',(#328,#329,#330,#331,#332,#333));
#757=EDGE_LOOP('',(#334,#335,#336,#337,#338));
#758=EDGE_LOOP('',(#339,#340,#341,#342));
#759=EDGE_LOOP('',(#343,#344,#345,#346,#347,#348));
#760=EDGE_LOOP('',(#349,#350,#351,#352,#353));
#761=EDGE_LOOP('',(#354,#355,#356,#357));
#762=EDGE_LOOP('',(#358,#359));
#763=EDGE_LOOP('',(#360,#361));
#764=EDGE_LOOP('',(#362,#363,#364));
#765=EDGE_LOOP('',(#365,#366,#367,#368));
#766=EDGE_LOOP('',(#369,#370,#371,#372));
#767=EDGE_LOOP('',(#373,#374,#375,#376));
#768=EDGE_LOOP('',(#377,#378,#379));
#769=EDGE_LOOP('',(#380,#381,#382,#383));
#770=EDGE_LOOP('',(#384,#385,#386,#387,#388,#389,#390,#391,#392,#393,#394,
#395,#396,#397,#398,#399,#400,#401,#402,#403,#404));
#771=EDGE_LOOP('',(#405,#406,#407,#408,#409,#410));
#772=EDGE_LOOP('',(#411,#412,#413,#414,#415,#416,#417));
#773=EDGE_LOOP('',(#418,#419,#420));
#774=EDGE_LOOP('',(#421,#422,#423));
#775=EDGE_LOOP('',(#424,#425,#426,#427));
#776=EDGE_LOOP('',(#428,#429,#430,#431));
#777=EDGE_LOOP('',(#432,#433,#434,#435));
#778=EDGE_LOOP('',(#436,#437,#438));
#779=EDGE_LOOP('',(#439,#440,#441,#442));
#780=EDGE_LOOP('',(#443,#444,#445,#446));
#781=FACE_BOUND('',#729,.T.);
#782=FACE_BOUND('',#730,.T.);
#783=FACE_BOUND('',#731,.T.);
#784=FACE_BOUND('',#732,.T.);
#785=FACE_BOUND('',#733,.T.);
#786=FACE_BOUND('',#734,.T.);
#787=FACE_BOUND('',#735,.T.);
#788=FACE_BOUND('',#736,.T.);
#789=FACE_BOUND('',#737,.T.);
#790=FACE_BOUND('',#738,.T.);
#791=FACE_BOUND('',#739,.T.);
#792=FACE_BOUND('',#740,.T.);
#793=FACE_BOUND('',#741,.T.);
#794=FACE_BOUND('',#742,.T.);
#795=FACE_BOUND('',#743,.T.);
#796=FACE_BOUND('',#744,.T.);
#797=FACE_BOUND('',#745,.T.);
#798=FACE_BOUND('',#746,.T.);
#799=FACE_BOUND('',#747,.T.);
#800=FACE_BOUND('',#748,.T.);
#801=FACE_BOUND('',#749,.T.);
#802=FACE_BOUND('',#750,.T.);
#803=FACE_BOUND('',#751,.T.);
#804=FACE_BOUND('',#752,.T.);
#805=FACE_BOUND('',#753,.T.);
#806=FACE_BOUND('',#754,.T.);
#807=FACE_BOUND('',#755,.T.);
#808=FACE_BOUND('',#756,.T.);
#809=FACE_BOUND('',#757,.T.);
#810=FACE_BOUND('',#758,.T.);
#811=FACE_BOUND('',#759,.T.);
#812=FACE_BOUND('',#760,.T.);
#813=FACE_BOUND('',#761,.T.);
#814=FACE_BOUND('',#762,.T.);
#815=FACE_BOUND('',#763,.T.);
#816=FACE_BOUND('',#764,.T.);
#817=FACE_BOUND('',#765,.T.);
#818=FACE_BOUND('',#766,.T.);
#819=FACE_BOUND('',#767,.T.);
#820=FACE_BOUND('',#768,.T.);
#821=FACE_BOUND('',#769,.T.);
#822=FACE_BOUND('',#770,.T.);
#823=FACE_BOUND('',#771,.T.);
#824=FACE_BOUND('',#772,.T.);
#825=FACE_BOUND('',#773,.T.);
#826=FACE_BOUND('',#774,.T.);
#827=FACE_BOUND('',#775,.T.);
#828=FACE_BOUND('',#776,.T.);
#829=FACE_BOUND('',#777,.T.);
#830=FACE_BOUND('',#778,.T.);
#831=FACE_BOUND('',#779,.T.);
#832=FACE_BOUND('',#780,.T.);
#833=B_SPLINE_SURFACE_WITH_KNOTS('',3,1,((#1189,#1190),(#1191,#1192),(#1193,
#1194),(#1195,#1196),(#1197,#1198)),.SURF_OF_LINEAR_EXTRUSION.,.F.,.F.,
 .F.,(4,1,4),(2,2),(2.15593031947993,3.72672664627484,5.29752297306974),
(0.,1.),.UNSPECIFIED.);
#834=B_SPLINE_SURFACE_WITH_KNOTS('',3,1,((#1207,#1208),(#1209,#1210),(#1211,
#1212),(#1213,#1214),(#1215,#1216)),.SURF_OF_LINEAR_EXTRUSION.,.F.,.F.,
 .F.,(4,1,4),(2,2),(3.07696743007349,4.64776375686839,6.21856008366329),
(0.,1.),.UNSPECIFIED.);
#835=B_SPLINE_SURFACE_WITH_KNOTS('',3,1,((#1237,#1238),(#1239,#1240),(#1241,
#1242),(#1243,#1244)),.SURF_OF_LINEAR_EXTRUSION.,.F.,.F.,.F.,(4,4),(2,2),
(3.13818198382798,3.37434514072472),(0.,1.),.PIECEWISE_BEZIER_KNOTS.);
#836=B_SPLINE_SURFACE_WITH_KNOTS('',3,1,((#1282,#1283),(#1284,#1285),(#1286,
#1287),(#1288,#1289)),.SURF_OF_LINEAR_EXTRUSION.,.F.,.F.,.F.,(4,4),(2,2),
(2.90884016645487,3.14500332335161),(0.,1.),.PIECEWISE_BEZIER_KNOTS.);
#837=B_SPLINE_SURFACE_WITH_KNOTS('',3,1,((#1305,#1306),(#1307,#1308),(#1309,
#1310),(#1311,#1312)),.SURF_OF_LINEAR_EXTRUSION.,.F.,.F.,.F.,(4,4),(2,2),
(3.7611696218483,4.46358143002846),(0.,1.),.PIECEWISE_BEZIER_KNOTS.);
#838=B_SPLINE_SURFACE_WITH_KNOTS('',3,1,((#1325,#1326),(#1327,#1328),(#1329,
#1330),(#1331,#1332),(#1333,#1334),(#1335,#1336),(#1337,#1338)),
 .SURF_OF_LINEAR_EXTRUSION.,.F.,.F.,.F.,(4,1,1,1,4),(2,2),(1.81960387715112,
2.42189715310724,3.02419042906336,3.62648370501948,4.2287769809756),(0.,
1.),.UNSPECIFIED.);
#839=B_SPLINE_SURFACE_WITH_KNOTS('',3,1,((#1379,#1380),(#1381,#1382),(#1383,
#1384),(#1385,#1386),(#1387,#1388),(#1389,#1390),(#1391,#1392)),
 .SURF_OF_LINEAR_EXTRUSION.,.F.,.F.,.F.,(4,1,1,1,4),(2,2),(3.13818198382798,
3.74047525978146,4.34276853573495,4.94506181168844,5.54735508764192),(0.,
1.),.UNSPECIFIED.);
#840=B_SPLINE_SURFACE_WITH_KNOTS('',3,1,((#1433,#1434),(#1435,#1436),(#1437,
#1438),(#1439,#1440),(#1441,#1442),(#1443,#1444),(#1445,#1446)),
 .SURF_OF_LINEAR_EXTRUSION.,.F.,.F.,.F.,(4,1,1,1,4),(2,2),(6.15067026045973,
6.93606842385718,7.72146658725463,8.50686475065208,9.29226291404953),(0.,
1.),.UNSPECIFIED.);
#841=B_SPLINE_SURFACE_WITH_KNOTS('',3,1,((#1658,#1659),(#1660,#1661),(#1662,
#1663),(#1664,#1665)),.SURF_OF_LINEAR_EXTRUSION.,.F.,.F.,.F.,(4,4),(2,2),
(5.68985983780041,6.10413422815156),(0.,1.),.PIECEWISE_BEZIER_KNOTS.);
#842=B_SPLINE_SURFACE_WITH_KNOTS('',3,1,((#1681,#1682),(#1683,#1684),(#1685,
#1686),(#1687,#1688)),.SURF_OF_LINEAR_EXTRUSION.,.F.,.F.,.F.,(4,4),(2,2),
(4.25878472255641,4.96119653074091),(0.,1.),.PIECEWISE_BEZIER_KNOTS.);
#843=B_SPLINE_SURFACE_WITH_KNOTS('',3,1,((#1708,#1709),(#1710,#1711),(#1712,
#1713),(#1714,#1715)),.SURF_OF_LINEAR_EXTRUSION.,.F.,.F.,.F.,(4,4),(2,2),
(0.147128479100613,0.527009445348491),(0.,1.),.PIECEWISE_BEZIER_KNOTS.);
#844=B_SPLINE_SURFACE_WITH_KNOTS('',1,3,((#1872,#1873,#1874,#1875,#1876,
#1877,#1878,#1879,#1880,#1881,#1882,#1883,#1884,#1885,#1886,#1887,#1888,
#1889,#1890,#1891,#1892,#1893,#1894,#1895,#1896,#1897,#1898,#1899,#1900,
#1901,#1902,#1903,#1904,#1905,#1906,#1907,#1908,#1909,#1910,#1911,#1912,
#1913,#1914,#1915,#1916,#1917,#1918,#1919,#1920,#1921,#1922,#1923),(#1924,
#1925,#1926,#1927,#1928,#1929,#1930,#1931,#1932,#1933,#1934,#1935,#1936,
#1937,#1938,#1939,#1940,#1941,#1942,#1943,#1944,#1945,#1946,#1947,#1948,
#1949,#1950,#1951,#1952,#1953,#1954,#1955,#1956,#1957,#1958,#1959,#1960,
#1961,#1962,#1963,#1964,#1965,#1966,#1967,#1968,#1969,#1970,#1971,#1972,
#1973,#1974,#1975)),.RULED_SURF.,.F.,.F.,.F.,(2,2),(4,2,2,2,2,2,2,2,2,2,
2,2,2,2,2,2,2,2,2,2,2,2,2,2,2,4),(-3.57913291531602E-5,1.00006041828981),
(0.0273624249744329,0.0276902635996579,0.0281434284003796,0.0283700108007405,
0.0285965932011013,0.0288231756014622,0.029049758001823,0.0292763404021839,
0.0295029228025447,0.0299560876032664,0.0301826700036273,0.0302959612038077,
0.0304092524039881,0.0305225436041685,0.030635834804349,0.0308624172047098,
0.0313155820054315,0.0317687468061532,0.0319953292065141,0.0321086204066945,
0.0322219116068749,0.0323352028070553,0.0324484940072358,0.0326750764075966,
0.0331282412083183,0.0340345708097617),.UNSPECIFIED.);
#845=B_SPLINE_SURFACE_WITH_KNOTS('',1,3,((#1993,#1994,#1995,#1996,#1997,
#1998,#1999,#2000,#2001,#2002,#2003,#2004,#2005,#2006,#2007,#2008,#2009,
#2010,#2011,#2012,#2013,#2014,#2015,#2016,#2017,#2018,#2019,#2020),(#2021,
#2022,#2023,#2024,#2025,#2026,#2027,#2028,#2029,#2030,#2031,#2032,#2033,
#2034,#2035,#2036,#2037,#2038,#2039,#2040,#2041,#2042,#2043,#2044,#2045,
#2046,#2047,#2048),(#2049,#2050,#2051,#2052,#2053,#2054,#2055,#2056,#2057,
#2058,#2059,#2060,#2061,#2062,#2063,#2064,#2065,#2066,#2067,#2068,#2069,
#2070,#2071,#2072,#2073,#2074,#2075,#2076)),.RULED_SURF.,.F.,.F.,.F.,(2,
1,2),(4,2,2,2,2,2,2,2,2,2,2,2,2,4),(-0.00600548721732584,0.,1.00002540866344),
(-1.09362686158978E-17,0.000138086636045412,0.000276173272090824,0.000414259908136235,
0.000552346544181647,0.000828519816272471,0.000966606452317883,0.00110469308836329,
0.00124277972440871,0.00131182304243141,0.00138086636045412,0.00165703963254494,
0.00193321290463577,0.0022093861767266),.UNSPECIFIED.);
#846=B_SPLINE_SURFACE_WITH_KNOTS('',1,3,((#2088,#2089,#2090,#2091),(#2092,
#2093,#2094,#2095),(#2096,#2097,#2098,#2099)),.RULED_SURF.,.F.,.F.,.F.,
(2,1,2),(4,4),(0.,1.,1.0060009073819),(5.24914787274609,5.35653053893509),
 .PIECEWISE_BEZIER_KNOTS.);
#847=B_SPLINE_SURFACE_WITH_KNOTS('',1,3,((#2100,#2101,#2102,#2103,#2104,
#2105,#2106,#2107,#2108,#2109,#2110,#2111,#2112,#2113,#2114,#2115,#2116,
#2117,#2118,#2119,#2120,#2121,#2122,#2123,#2124,#2125,#2126,#2127,#2128,
#2129,#2130,#2131,#2132,#2133,#2134,#2135,#2136,#2137,#2138,#2139,#2140,
#2141,#2142,#2143,#2144,#2145,#2146,#2147,#2148,#2149,#2150,#2151),(#2152,
#2153,#2154,#2155,#2156,#2157,#2158,#2159,#2160,#2161,#2162,#2163,#2164,
#2165,#2166,#2167,#2168,#2169,#2170,#2171,#2172,#2173,#2174,#2175,#2176,
#2177,#2178,#2179,#2180,#2181,#2182,#2183,#2184,#2185,#2186,#2187,#2188,
#2189,#2190,#2191,#2192,#2193,#2194,#2195,#2196,#2197,#2198,#2199,#2200,
#2201,#2202,#2203)),.RULED_SURF.,.F.,.F.,.F.,(2,2),(4,2,2,2,2,2,2,2,2,2,
2,2,2,2,2,2,2,2,2,2,2,2,2,2,2,4),(-3.58214523621931E-5,1.00005360507052),
(0.0267669204045773,0.0276733969701778,0.0281266352529781,0.0283532543943783,
0.0284665639650783,0.0285798735357784,0.0286931831064785,0.0288064926771786,
0.0290331118185787,0.029486350101379,0.0299395883841793,0.0301662075255794,
0.0302795170962795,0.0303928266669796,0.0305061362376796,0.0306194458083797,
0.0308460649497799,0.0312993032325801,0.0315259223739803,0.0317525415153804,
0.0319791606567806,0.0322057797981807,0.0324323989395809,0.032659018080981,
0.0331122563637813,0.0334400165304077),.UNSPECIFIED.);
#848=B_SPLINE_SURFACE_WITH_KNOTS('',1,3,((#2223,#2224,#2225,#2226,#2227,
#2228,#2229,#2230,#2231,#2232,#2233,#2234,#2235,#2236,#2237,#2238,#2239,
#2240,#2241,#2242,#2243,#2244,#2245,#2246,#2247,#2248,#2249,#2250,#2251,
#2252,#2253,#2254),(#2255,#2256,#2257,#2258,#2259,#2260,#2261,#2262,#2263,
#2264,#2265,#2266,#2267,#2268,#2269,#2270,#2271,#2272,#2273,#2274,#2275,
#2276,#2277,#2278,#2279,#2280,#2281,#2282,#2283,#2284,#2285,#2286),(#2287,
#2288,#2289,#2290,#2291,#2292,#2293,#2294,#2295,#2296,#2297,#2298,#2299,
#2300,#2301,#2302,#2303,#2304,#2305,#2306,#2307,#2308,#2309,#2310,#2311,
#2312,#2313,#2314,#2315,#2316,#2317,#2318),(#2319,#2320,#2321,#2322,#2323,
#2324,#2325,#2326,#2327,#2328,#2329,#2330,#2331,#2332,#2333,#2334,#2335,
#2336,#2337,#2338,#2339,#2340,#2341,#2342,#2343,#2344,#2345,#2346,#2347,
#2348,#2349,#2350)),.RULED_SURF.,.F.,.F.,.F.,(2,1,1,2),(4,2,2,2,2,2,2,2,
2,2,2,2,2,2,2,4),(-0.00600087970857111,0.,1.,1.00600246219124),(0.,0.000138182772827158,
0.000207274159240736,0.000276365545654315,0.000414548318481473,0.00055273109130863,
0.000829096636962945,0.000967279409790103,0.00110546218261726,0.00117455356903084,
0.00124364495544442,0.00138182772827158,0.00152001050109873,0.00165819327392589,
0.00193455881958021,0.00221092436523452),.UNSPECIFIED.);
#849=B_SPLINE_SURFACE_WITH_KNOTS('',1,3,((#2395,#2396,#2397,#2398),(#2399,
#2400,#2401,#2402),(#2403,#2404,#2405,#2406)),.RULED_SURF.,.F.,.F.,.F.,
(2,1,2),(4,4),(-0.00600090608738598,0.,1.),(5.24915698089777,5.35653048428308),
 .PIECEWISE_BEZIER_KNOTS.);
#850=B_SPLINE_SURFACE_WITH_KNOTS('',3,1,((#2430,#2431),(#2432,#2433),(#2434,
#2435),(#2436,#2437)),.SURF_OF_LINEAR_EXTRUSION.,.F.,.F.,.F.,(4,4),(2,2),
(6.05043282004466,6.4303137862802),(0.,1.),.PIECEWISE_BEZIER_KNOTS.);
#851=B_SPLINE_SURFACE_WITH_KNOTS('',3,1,((#2444,#2445),(#2446,#2447),(#2448,
#2449),(#2450,#2451)),.SURF_OF_LINEAR_EXTRUSION.,.F.,.F.,.F.,(4,4),(2,2),
(4.96119653074091,5.66360833892108),(0.,1.),.PIECEWISE_BEZIER_KNOTS.);
#852=B_SPLINE_SURFACE_WITH_KNOTS('',3,1,((#2452,#2453),(#2454,#2455),(#2456,
#2457),(#2458,#2459)),.SURF_OF_LINEAR_EXTRUSION.,.F.,.F.,.F.,(4,4),(2,2),
(6.10413422815156,6.51593779431451),(0.,1.),.PIECEWISE_BEZIER_KNOTS.);
#853=B_SPLINE_SURFACE_WITH_KNOTS('',3,1,((#2460,#2461),(#2462,#2463),(#2464,
#2465),(#2466,#2467),(#2468,#2469),(#2470,#2471),(#2472,#2473)),
 .SURF_OF_LINEAR_EXTRUSION.,.F.,.F.,.F.,(4,1,1,1,4),(2,2),(3.00907760686994,
3.79447577026739,4.57987393366484,5.36527209706229,6.15067026045974),(0.,
1.),.UNSPECIFIED.);
#854=B_SPLINE_SURFACE_WITH_KNOTS('',3,1,((#2497,#2498),(#2499,#2500),(#2501,
#2502),(#2503,#2504),(#2505,#2506),(#2507,#2508),(#2509,#2510)),
 .SURF_OF_LINEAR_EXTRUSION.,.F.,.F.,.F.,(4,1,1,1,4),(2,2),(0.729008879983261,
1.33130215594444,1.93359543190562,2.5358887078668,3.13818198382798),(0.,
1.),.UNSPECIFIED.);
#855=B_SPLINE_SURFACE_WITH_KNOTS('',3,1,((#2515,#2516),(#2517,#2518),(#2519,
#2520),(#2521,#2522),(#2523,#2524),(#2525,#2526),(#2527,#2528)),
 .SURF_OF_LINEAR_EXTRUSION.,.F.,.F.,.F.,(4,1,1,1,4),(2,2),(5.69361608050138,
6.29590935645871,6.89820263241604,7.50049590837338,8.10278918433071),(0.,
1.),.UNSPECIFIED.);
#856=B_SPLINE_SURFACE_WITH_KNOTS('',3,1,((#2530,#2531),(#2532,#2533),(#2534,
#2535),(#2536,#2537)),.SURF_OF_LINEAR_EXTRUSION.,.F.,.F.,.F.,(4,4),(2,2),
(4.46358143002846,5.16599323821297),(0.,1.),.PIECEWISE_BEZIER_KNOTS.);
#857=B_SPLINE_SURFACE_WITH_KNOTS('',3,1,((#2538,#2539),(#2540,#2541),(#2542,
#2543),(#2544,#2545)),.SURF_OF_LINEAR_EXTRUSION.,.F.,.F.,.F.,(4,4),(2,2),
(3.14500332335161,3.73589748540873),(0.,1.),.PIECEWISE_BEZIER_KNOTS.);
#858=B_SPLINE_SURFACE_WITH_KNOTS('',3,1,((#2548,#2549),(#2550,#2551),(#2552,
#2553),(#2554,#2555)),.SURF_OF_LINEAR_EXTRUSION.,.F.,.F.,.F.,(4,4),(2,2),
(2.61458320824131,3.13818198382798),(0.,1.),.PIECEWISE_BEZIER_KNOTS.);
#859=B_SPLINE_SURFACE_WITH_KNOTS('',3,1,((#2557,#2558),(#2559,#2560),(#2561,
#2562),(#2563,#2564),(#2565,#2566)),.SURF_OF_LINEAR_EXTRUSION.,.F.,.F.,
 .F.,(4,1,4),(2,2),(6.21856008366328,7.78935641045818,9.36015273725308),
(0.,1.),.UNSPECIFIED.);
#860=B_SPLINE_SURFACE_WITH_KNOTS('',3,1,((#2567,#2568),(#2569,#2570),(#2571,
#2572),(#2573,#2574),(#2575,#2576)),.SURF_OF_LINEAR_EXTRUSION.,.F.,.F.,
 .F.,(4,1,4),(2,2),(5.29752297306974,6.86831929986463,8.43911562665952),
(0.,1.),.UNSPECIFIED.);
#861=ADVANCED_FACE('NONE',(#781),#833,.F.);
#862=ADVANCED_FACE('NONE',(#782),#834,.F.);
#863=ADVANCED_FACE('NONE',(#783),#145,.T.);
#864=ADVANCED_FACE('NONE',(#784),#835,.T.);
#865=ADVANCED_FACE('NONE',(#785),#91,.T.);
#866=ADVANCED_FACE('NONE',(#786),#92,.T.);
#867=ADVANCED_FACE('NONE',(#787),#836,.F.);
#868=ADVANCED_FACE('NONE',(#788),#837,.F.);
#869=ADVANCED_FACE('NONE',(#789),#838,.T.);
#870=ADVANCED_FACE('NONE',(#790),#839,.T.);
#871=ADVANCED_FACE('NONE',(#791),#840,.T.);
#872=ADVANCED_FACE('NONE',(#792),#841,.F.);
#873=ADVANCED_FACE('NONE',(#793),#842,.F.);
#874=ADVANCED_FACE('NONE',(#794),#93,.T.);
#875=ADVANCED_FACE('NONE',(#795),#94,.T.);
#876=ADVANCED_FACE('NONE',(#796),#843,.T.);
#877=ADVANCED_FACE('NONE',(#797),#146,.T.);
#878=ADVANCED_FACE('NONE',(#798,#799),#79,.T.);
#879=ADVANCED_FACE('NONE',(#800,#801),#80,.F.);
#880=ADVANCED_FACE('NONE',(#802,#803),#81,.T.);
#881=ADVANCED_FACE('NONE',(#804,#805),#82,.T.);
#882=ADVANCED_FACE('NONE',(#806),#83,.T.);
#883=ADVANCED_FACE('NONE',(#807),#84,.F.);
#884=ADVANCED_FACE('NONE',(#808),#844,.T.);
#885=ADVANCED_FACE('NONE',(#809),#845,.T.);
#886=ADVANCED_FACE('NONE',(#810),#846,.T.);
#887=ADVANCED_FACE('NONE',(#811),#847,.T.);
#888=ADVANCED_FACE('NONE',(#812),#848,.T.);
#889=ADVANCED_FACE('NONE',(#813),#849,.T.);
#890=ADVANCED_FACE('NONE',(#814),#147,.T.);
#891=ADVANCED_FACE('NONE',(#815),#148,.T.);
#892=ADVANCED_FACE('NONE',(#816),#149,.T.);
#893=ADVANCED_FACE('NONE',(#817),#850,.T.);
#894=ADVANCED_FACE('NONE',(#818),#95,.T.);
#895=ADVANCED_FACE('NONE',(#819),#96,.T.);
#896=ADVANCED_FACE('NONE',(#820),#851,.F.);
#897=ADVANCED_FACE('NONE',(#821),#852,.F.);
#898=ADVANCED_FACE('NONE',(#822),#853,.T.);
#899=ADVANCED_FACE('NONE',(#823),#854,.T.);
#900=ADVANCED_FACE('NONE',(#824),#855,.T.);
#901=ADVANCED_FACE('NONE',(#825),#856,.F.);
#902=ADVANCED_FACE('NONE',(#826),#857,.F.);
#903=ADVANCED_FACE('NONE',(#827),#97,.T.);
#904=ADVANCED_FACE('NONE',(#828),#98,.T.);
#905=ADVANCED_FACE('NONE',(#829),#858,.T.);
#906=ADVANCED_FACE('NONE',(#830),#150,.T.);
#907=ADVANCED_FACE('NONE',(#831),#859,.F.);
#908=ADVANCED_FACE('NONE',(#832),#860,.F.);
#909=CLOSED_SHELL('',(#861,#862,#863,#864,#865,#866,#867,#868,#869,#870,
#871,#872,#873,#874,#875,#876,#877,#878,#879,#880,#881,#882,#883,#884,#885,
#886,#887,#888,#889,#890,#891,#892,#893,#894,#895,#896,#897,#898,#899,#900,
#901,#902,#903,#904,#905,#906,#907,#908));
#910=STYLED_ITEM('',(#911),#918);
#911=PRESENTATION_STYLE_ASSIGNMENT((#912));
#912=SURFACE_STYLE_USAGE(.BOTH.,#913);
#913=SURFACE_SIDE_STYLE('',(#914));
#914=SURFACE_STYLE_FILL_AREA(#915);
#915=FILL_AREA_STYLE('',(#916));
#916=FILL_AREA_STYLE_COLOUR('',#917);
#917=COLOUR_RGB('',0.811764705882353,0.843137254901961,0.909803921568627);
#918=MANIFOLD_SOLID_BREP('Body (0)',#909);
#919=SHAPE_DEFINITION_REPRESENTATION(#2607,#920);
#920=SHAPE_REPRESENTATION('r_pinky_proximal_abd_collision',(#921),#2602);
#921=AXIS2_PLACEMENT_3D('',#1188,#998,#999);
#922=AXIS2_PLACEMENT_3D('',#1202,#1001,#1002);
#923=AXIS2_PLACEMENT_3D('',#1206,#1004,#1005);
#924=AXIS2_PLACEMENT_3D('',#1220,#1007,#1008);
#925=AXIS2_PLACEMENT_3D('',#1224,#1010,#1011);
#926=AXIS2_PLACEMENT_3D('',#1225,#1012,#1013);
#927=AXIS2_PLACEMENT_3D('',#1226,#1014,#1015);
#928=AXIS2_PLACEMENT_3D('',#1236,#1016,#1017);
#929=AXIS2_PLACEMENT_3D('',#1248,#1019,#1020);
#930=AXIS2_PLACEMENT_3D('',#1258,#1022,#1023);
#931=AXIS2_PLACEMENT_3D('',#1262,#1025,#1026);
#932=AXIS2_PLACEMENT_3D('',#1269,#1027,#1028);
#933=AXIS2_PLACEMENT_3D('',#1270,#1029,#1030);
#934=AXIS2_PLACEMENT_3D('',#1274,#1032,#1033);
#935=AXIS2_PLACEMENT_3D('',#1281,#1034,#1035);
#936=AXIS2_PLACEMENT_3D('',#1293,#1037,#1038);
#937=AXIS2_PLACEMENT_3D('',#1316,#1041,#1042);
#938=AXIS2_PLACEMENT_3D('',#1378,#1044,#1045);
#939=AXIS2_PLACEMENT_3D('',#1432,#1047,#1048);
#940=AXIS2_PLACEMENT_3D('',#1536,#1051,#1052);
#941=AXIS2_PLACEMENT_3D('',#1613,#1055,#1056);
#942=AXIS2_PLACEMENT_3D('',#1657,#1059,#1060);
#943=AXIS2_PLACEMENT_3D('',#1669,#1062,#1063);
#944=AXIS2_PLACEMENT_3D('',#1691,#1065,#1066);
#945=AXIS2_PLACEMENT_3D('',#1692,#1067,#1068);
#946=AXIS2_PLACEMENT_3D('',#1703,#1070,#1071);
#947=AXIS2_PLACEMENT_3D('',#1706,#1073,#1074);
#948=AXIS2_PLACEMENT_3D('',#1707,#1075,#1076);
#949=AXIS2_PLACEMENT_3D('',#1719,#1078,#1079);
#950=AXIS2_PLACEMENT_3D('',#1787,#1081,#1082);
#951=AXIS2_PLACEMENT_3D('',#1788,#1083,#1084);
#952=AXIS2_PLACEMENT_3D('',#1796,#1085,#1086);
#953=AXIS2_PLACEMENT_3D('',#1799,#1088,#1089);
#954=AXIS2_PLACEMENT_3D('',#1802,#1091,#1092);
#955=AXIS2_PLACEMENT_3D('',#1803,#1093,#1094);
#956=AXIS2_PLACEMENT_3D('',#1804,#1095,#1096);
#957=AXIS2_PLACEMENT_3D('',#1805,#1097,#1098);
#958=AXIS2_PLACEMENT_3D('',#1806,#1099,#1100);
#959=AXIS2_PLACEMENT_3D('',#1807,#1101,#1102);
#960=AXIS2_PLACEMENT_3D('',#1808,#1103,#1104);
#961=AXIS2_PLACEMENT_3D('',#1818,#1106,#1107);
#962=AXIS2_PLACEMENT_3D('',#1819,#1108,#1109);
#963=AXIS2_PLACEMENT_3D('',#1829,#1111,#1112);
#964=AXIS2_PLACEMENT_3D('',#1830,#1113,#1114);
#965=AXIS2_PLACEMENT_3D('',#1831,#1115,#1116);
#966=AXIS2_PLACEMENT_3D('',#1846,#1119,#1120);
#967=AXIS2_PLACEMENT_3D('',#1847,#1121,#1122);
#968=AXIS2_PLACEMENT_3D('',#1855,#1123,#1124);
#969=AXIS2_PLACEMENT_3D('',#1856,#1125,#1126);
#970=AXIS2_PLACEMENT_3D('',#1865,#1128,#1129);
#971=AXIS2_PLACEMENT_3D('',#2407,#1134,#1135);
#972=AXIS2_PLACEMENT_3D('',#2408,#1136,#1137);
#973=AXIS2_PLACEMENT_3D('',#2409,#1138,#1139);
#974=AXIS2_PLACEMENT_3D('',#2420,#1140,#1141);
#975=AXIS2_PLACEMENT_3D('',#2429,#1142,#1143);
#976=AXIS2_PLACEMENT_3D('',#2438,#1144,#1145);
#977=AXIS2_PLACEMENT_3D('',#2439,#1146,#1147);
#978=AXIS2_PLACEMENT_3D('',#2529,#1148,#1149);
#979=AXIS2_PLACEMENT_3D('',#2546,#1150,#1151);
#980=AXIS2_PLACEMENT_3D('',#2547,#1152,#1153);
#981=AXIS2_PLACEMENT_3D('',#2556,#1154,#1155);
#982=AXIS2_PLACEMENT_3D('',#2577,#1156,#1157);
#983=AXIS2_PLACEMENT_3D('',#2579,#1158,#1159);
#984=AXIS2_PLACEMENT_3D('',#2580,#1160,#1161);
#985=AXIS2_PLACEMENT_3D('',#2582,#1162,#1163);
#986=AXIS2_PLACEMENT_3D('',#2583,#1164,#1165);
#987=AXIS2_PLACEMENT_3D('',#2585,#1166,#1167);
#988=AXIS2_PLACEMENT_3D('',#2586,#1168,#1169);
#989=AXIS2_PLACEMENT_3D('',#2588,#1170,#1171);
#990=AXIS2_PLACEMENT_3D('',#2589,#1172,#1173);
#991=AXIS2_PLACEMENT_3D('',#2591,#1174,#1175);
#992=AXIS2_PLACEMENT_3D('',#2592,#1176,#1177);
#993=AXIS2_PLACEMENT_3D('',#2594,#1178,#1179);
#994=AXIS2_PLACEMENT_3D('',#2595,#1180,#1181);
#995=AXIS2_PLACEMENT_3D('',#2597,#1182,#1183);
#996=AXIS2_PLACEMENT_3D('',#2598,#1184,#1185);
#997=AXIS2_PLACEMENT_3D('',#2600,#1186,#1187);
#998=DIRECTION('',(0.,0.,1.));
#999=DIRECTION('',(1.,0.,0.));
#1000=DIRECTION('',(0.000744038841063509,0.999999668574117,-0.000330541767009257));
#1001=DIRECTION('',(0.000744041818673387,0.999999668571416,-0.00033054323652473));
#1002=DIRECTION('',(0.329891349954687,6.65861262463715E-5,0.944018904890872));
#1003=DIRECTION('',(0.000744038841063509,0.999999668574117,-0.000330541767009257));
#1004=DIRECTION('',(-0.000744041818674262,-0.999999668571416,0.000330543236523643));
#1005=DIRECTION('',(-0.329891349954668,-6.65861262455041E-5,-0.944018904890879));
#1006=DIRECTION('',(-0.999999713701582,0.000743990182600997,-0.000138113584911428));
#1007=DIRECTION('',(-0.999999713697306,0.000743996280006831,-0.000138111695949308));
#1008=DIRECTION('',(0.000183125254187493,0.0608462835507909,-0.998147131560873));
#1009=DIRECTION('',(-0.999999713701582,0.000743990182600997,-0.000138113584911428));
#1010=DIRECTION('',(0.999999713697306,-0.000743996280011876,0.000138111695946396));
#1011=DIRECTION('',(-0.000183125254187493,-0.0608462835507909,0.998147131560873));
#1012=DIRECTION('',(0.000137865732464045,-0.00033064586962564,-0.999999935833172));
#1013=DIRECTION('',(0.,0.999999945336652,-0.000330645872767927));
#1014=DIRECTION('',(0.000744041818677165,0.999999668571416,-0.000330543236522304));
#1015=DIRECTION('',(0.498612113501684,-8.44650797152568E-5,0.866825214870353));
#1016=DIRECTION('',(0.000137865732499932,-0.000330645869624336,-0.999999935833172));
#1017=DIRECTION('',(0.999999713697306,-0.00074399628000472,0.000138111701186356));
#1018=DIRECTION('',(-0.999999713697365,0.000743996200345811,-0.000138111701124884));
#1019=DIRECTION('',(0.999999713697306,-0.000743996279979303,0.000138111696060057));
#1020=DIRECTION('',(-4.00475021495615E-5,-0.234295405071063,-0.972165449683738));
#1021=DIRECTION('',(0.999999713697365,-0.00074399620034581,0.000138111701125328));
#1022=DIRECTION('',(0.000744041818673899,0.999999668571416,-0.00033054323652528));
#1023=DIRECTION('',(-0.999999723200818,0.000744041859320472,0.));
#1024=DIRECTION('',(0.0004286312811552,0.707340348763154,0.706873006477716));
#1025=DIRECTION('',(-0.000744041818673879,-0.999999668571416,0.000330543236525428));
#1026=DIRECTION('',(0.661867875968993,-0.00074023949349285,-0.749620148345671));
#1027=DIRECTION('',(0.000744041818673862,0.999999668571415,-0.000330543236525261));
#1028=DIRECTION('',(-0.000137865732439997,0.000330645902771025,0.999999935833161));
#1029=DIRECTION('',(-0.999999713697306,0.000743996280010684,-0.00013811169594759));
#1030=DIRECTION('',(-0.00074399628710649,-0.999999723234724,0.));
#1031=DIRECTION('',(-0.707009092932983,0.000292282798406894,-0.707204395546893));
#1032=DIRECTION('',(0.999999713697306,-0.000743996280010183,0.00013811169594745));
#1033=DIRECTION('',(-0.000595740202147736,-0.661516597518876,0.74993028762723));
#1034=DIRECTION('',(-0.999999713697306,0.000743996280011093,-0.000138111695950115));
#1035=DIRECTION('',(0.000137865727259954,-0.000330645869621354,-0.999999935833173));
#1036=DIRECTION('',(0.999999713697365,-0.00074399620034581,0.000138111701125328));
#1037=DIRECTION('',(0.999999713697306,-0.000743996280013388,0.000138111695896339));
#1038=DIRECTION('',(4.00475023149283E-5,0.234295405071094,0.97216544968373));
#1039=DIRECTION('',(0.999999713697365,-0.00074399620034581,0.000138111701125328));
#1040=DIRECTION('',(-0.000744041898332038,-0.999999668571367,0.000330543203369201));
#1041=DIRECTION('',(-0.000744041818672353,-0.999999668571416,0.000330543236525493));
#1042=DIRECTION('',(-0.642751355588955,0.000225013108608154,-0.766074829411371));
#1043=DIRECTION('',(0.000744041898332026,0.999999668571367,-0.000330543203369156));
#1044=DIRECTION('',(-0.000744041818673978,-0.999999668571415,0.000330543236525218));
#1045=DIRECTION('',(0.679386320385481,-0.000748038227990861,-0.733780395017396));
#1046=DIRECTION('',(-0.999999713697365,0.00074399620034581,-0.000138111701125328));
#1047=DIRECTION('',(0.999999713697306,-0.000743996280011089,0.000138111695948257));
#1048=DIRECTION('',(-0.000606592861434969,-0.679042461119383,0.73409874543009));
#1049=DIRECTION('',(-0.000137865727234641,0.000330645902767213,0.999999935833162));
#1050=DIRECTION('',(-0.000137865727235085,0.000330645902767192,0.999999935833162));
#1051=DIRECTION('',(-0.000137865732463682,0.000330645869638662,0.999999935833172));
#1052=DIRECTION('',(0.455952217529137,0.890004225707314,-0.000231416049603123));
#1053=DIRECTION('',(0.000137865727235085,-0.000330645902767192,-0.999999935833162));
#1054=DIRECTION('',(-0.000137865727234641,0.000330645902767213,0.999999935833162));
#1055=DIRECTION('',(0.000137865732433793,-0.000330645869625835,-0.999999935833172));
#1056=DIRECTION('',(-0.999999713697306,0.000743996280013619,-0.000138111701121191));
#1057=DIRECTION('',(-0.000137865727235085,0.000330645902767192,0.999999935833162));
#1058=DIRECTION('',(0.000137865727235085,-0.000330645902767192,-0.999999935833162));
#1059=DIRECTION('',(0.000137865732381622,-0.000330645869636738,-0.999999935833172));
#1060=DIRECTION('',(0.924045112576283,0.38228344186336,9.93715180129115E-7));
#1061=DIRECTION('',(-0.999999713697365,0.000743996200345926,-0.000138111701126022));
#1062=DIRECTION('',(-0.999999713697306,0.000743996280008675,-0.000138111695938606));
#1063=DIRECTION('',(-0.000527128210135588,-0.553959905238765,0.832543179374925));
#1064=DIRECTION('',(0.000744041898332026,0.999999668571367,-0.000330543203369156));
#1065=DIRECTION('',(-0.000744041818674952,-0.999999668571416,0.000330543236527455));
#1066=DIRECTION('',(0.000137865732433982,-0.00033064590277344,-0.999999935833161));
#1067=DIRECTION('',(0.999999713697306,-0.000743996280010438,0.000138111695948331));
#1068=DIRECTION('',(0.000743996287106243,0.999999723234724,0.));
#1069=DIRECTION('',(0.707204064517911,-0.000759886718455716,-0.707009076109721));
#1070=DIRECTION('',(-0.000744041818673717,-0.999999668571416,0.000330543236525031));
#1071=DIRECTION('',(0.999999723200818,-0.00074404185932029,0.));
#1072=DIRECTION('',(-0.00062360286241947,-0.706872744866535,0.707340465182306));
#1073=DIRECTION('',(0.000744041818673655,0.999999668571415,-0.000330543236525645));
#1074=DIRECTION('',(-0.661661156896397,0.000244461359929467,-0.749802943241199));
#1075=DIRECTION('',(-0.000744041818673743,-0.999999668571416,0.000330543236525607));
#1076=DIRECTION('',(-0.000137865732439574,0.000330645902771044,0.999999935833161));
#1077=DIRECTION('',(0.999999713697365,-0.000743996200345926,0.000138111701126022));
#1078=DIRECTION('',(-0.999999713697306,0.000743996280030977,-0.000138111695970871));
#1079=DIRECTION('',(0.000491416171320518,0.499713486572989,-0.86619061981022));
#1080=DIRECTION('',(-0.999999713697365,0.00074399620034581,-0.000138111701125328));
#1081=DIRECTION('',(0.00013786573246499,-0.000330645869626272,-0.999999935833172));
#1082=DIRECTION('',(0.,0.999999945336652,-0.000330645872768558));
#1083=DIRECTION('',(-0.000744041818674838,-0.999999668571415,0.000330543236523299));
#1084=DIRECTION('',(-0.498851105508496,0.000657643977684048,0.866687453490213));
#1085=DIRECTION('',(-0.000744041818674091,-0.999999668571416,0.000330543236525149));
#1086=DIRECTION('',(-0.960611894883565,0.000622880047501567,-0.277892784052865));
#1087=DIRECTION('',(-0.000137865727235085,0.000330645902767192,0.999999935833162));
#1088=DIRECTION('',(-0.00074404181867376,-0.999999668571416,0.000330543236525152));
#1089=DIRECTION('',(-0.000137865732439852,0.000330645902770882,0.999999935833161));
#1090=DIRECTION('',(0.000137865727235085,-0.000330645902767192,-0.999999935833162));
#1091=DIRECTION('',(-0.000744041818673908,-0.999999668571416,0.000330543236527844));
#1092=DIRECTION('',(0.000137865732444721,-0.000330645902773554,-0.999999935833161));
#1093=DIRECTION('',(0.000744041818674257,0.999999668571416,-0.000330543236523661));
#1094=DIRECTION('',(-0.329891349954687,-6.65861262455041E-5,-0.944018904890872));
#1095=DIRECTION('',(-0.000744041818674091,-0.999999668571416,0.000330543236525149));
#1096=DIRECTION('',(-0.960611894883565,0.000622880047501567,-0.277892784052865));
#1097=DIRECTION('',(0.000744041818673995,0.999999668571415,-0.00033054323652503));
#1098=DIRECTION('',(-0.000137865732442969,0.00033064590277093,0.999999935833161));
#1099=DIRECTION('',(-0.000744041818673915,-0.999999668571415,0.000330543236526069));
#1100=DIRECTION('',(-0.642751355588947,0.0002250131086084,-0.766074829411378));
#1101=DIRECTION('',(-0.000744041818674208,-0.999999668571415,0.00033054323652363));
#1102=DIRECTION('',(0.329891349954679,6.65861262455039E-5,0.944018904890875));
#1103=DIRECTION('',(-0.999999713697307,0.000743996280010147,-0.00013811169594739));
#1104=DIRECTION('',(-0.000738748225756894,-0.999395904434981,-0.0347459414845131));
#1105=DIRECTION('',(-0.000137865727235085,0.000330645902767192,0.999999935833162));
#1106=DIRECTION('',(-0.999999713697306,0.000743996280004649,-0.000138111695978389));
#1107=DIRECTION('',(-0.000265757576814597,-0.174413113119034,0.984672532035416));
#1108=DIRECTION('',(0.999999713697306,-0.000743996280007836,0.000138111695905611));
#1109=DIRECTION('',(0.000137865727218643,-0.00033064586965431,-0.999999935833173));
#1110=DIRECTION('',(0.000575426321799897,0.86619043968782,0.4997137091155));
#1111=DIRECTION('',(-0.999999713697306,0.000743996280009596,-0.000138111695945918));
#1112=DIRECTION('',(0.000137865727259942,-0.000330645869620521,-0.999999935833173));
#1113=DIRECTION('',(0.999999713697306,-0.000743996280009872,0.000138111695949123));
#1114=DIRECTION('',(0.000183125254187493,0.0608462835507909,-0.998147131560873));
#1115=DIRECTION('',(0.999999713697307,-0.000743996280010272,0.00013811169594743));
#1116=DIRECTION('',(0.000734346385307388,0.910107545784312,-0.414371470834857));
#1117=DIRECTION('',(0.000137865727235085,-0.000330645902767192,-0.999999935833162));
#1118=DIRECTION('',(0.000575426321799897,0.86619043968782,0.4997137091155));
#1119=DIRECTION('',(-0.999999713697306,0.000743996279998313,-0.000138111695982845));
#1120=DIRECTION('',(0.000243008722598693,0.142896291566386,-0.989737637358171));
#1121=DIRECTION('',(0.999999713697306,-0.000743996280012256,0.000138111695949246));
#1122=DIRECTION('',(-0.000137865727261527,0.000330645869632921,0.999999935833173));
#1123=DIRECTION('',(-0.999999713697306,0.000743996280012748,-0.000138111695946347));
#1124=DIRECTION('',(-0.000183125254190962,-0.0608462835507875,0.998147131560873));
#1125=DIRECTION('',(0.000491416135966629,0.499713486573039,-0.866190619810211));
#1126=DIRECTION('',(0.988507037987238,0.130702833425611,0.0759644994995306));
#1127=DIRECTION('',(-0.999999713697365,0.00074399620034581,-0.000138111701125328));
#1128=DIRECTION('',(-0.000491416135966381,-0.499713486573039,0.866190619810211));
#1129=DIRECTION('',(-0.851838122310227,-0.453505815808166,-0.262115028960866));
#1130=DIRECTION('',(-0.650117496601404,0.323855036891551,0.687361008271997));
#1131=DIRECTION('',(-0.684524696142649,-0.0128698532569955,0.728876057535133));
#1132=DIRECTION('',(-0.650551733876181,-0.322895941795821,-0.687401376433364));
#1133=DIRECTION('',(-0.684457879486905,0.0137064590071159,-0.728923551677249));
#1134=DIRECTION('',(0.000137865732461207,-0.000330645869624376,-0.999999935833172));
#1135=DIRECTION('',(0.,0.999999945336652,-0.000330645872766663));
#1136=DIRECTION('',(-0.000137865732466048,0.000330645869620637,0.999999935833172));
#1137=DIRECTION('',(-0.455952217580774,-0.89000422568086,0.000231416049569816));
#1138=DIRECTION('',(0.000137865732461207,-0.000330645869624376,-0.999999935833172));
#1139=DIRECTION('',(0.,0.999999945336652,-0.000330645872766663));
#1140=DIRECTION('',(0.00013786573246499,-0.000330645869626272,-0.999999935833172));
#1141=DIRECTION('',(0.,0.999999945336652,-0.000330645872768558));
#1142=DIRECTION('',(0.000137865732497541,-0.000330645869606369,-0.999999935833172));
#1143=DIRECTION('',(-0.924045112576292,-0.382283441863339,-9.93715297425354E-7));
#1144=DIRECTION('',(-0.000744041818673717,-0.999999668571416,0.000330543236525031));
#1145=DIRECTION('',(0.999999723200818,-0.00074404185932029,0.));
#1146=DIRECTION('',(0.999999713697306,-0.000743996280010438,0.000138111695948331));
#1147=DIRECTION('',(0.000743996287106243,0.999999723234724,0.));
#1148=DIRECTION('',(0.000744041818674089,0.999999668571416,-0.000330543236525067));
#1149=DIRECTION('',(-0.67918396816443,0.000262733193980386,-0.73396802952151));
#1150=DIRECTION('',(-0.999999713697306,0.000743996280010684,-0.00013811169594759));
#1151=DIRECTION('',(-0.00074399628710649,-0.999999723234724,0.));
#1152=DIRECTION('',(0.000744041818673899,0.999999668571416,-0.00033054323652528));
#1153=DIRECTION('',(-0.999999723200818,0.000744041859320472,0.));
#1154=DIRECTION('',(0.000137865732464045,-0.00033064586962564,-0.999999935833172));
#1155=DIRECTION('',(0.,0.999999945336652,-0.000330645872767927));
#1156=DIRECTION('',(0.,0.,-1.));
#1157=DIRECTION('',(-1.,0.,0.));
#1158=DIRECTION('',(0.,0.,1.));
#1159=DIRECTION('',(1.,0.,0.));
#1160=DIRECTION('',(0.,1.,0.));
#1161=DIRECTION('',(-1.,0.,0.));
#1162=DIRECTION('',(0.,0.,1.));
#1163=DIRECTION('',(1.,0.,0.));
#1164=DIRECTION('',(-1.,0.,0.));
#1165=DIRECTION('',(0.,-1.,0.));
#1166=DIRECTION('',(0.,0.,1.));
#1167=DIRECTION('',(1.,0.,0.));
#1168=DIRECTION('',(0.,-1.,0.));
#1169=DIRECTION('',(1.,0.,0.));
#1170=DIRECTION('',(0.,0.,1.));
#1171=DIRECTION('',(1.,0.,0.));
#1172=DIRECTION('',(0.,0.,1.));
#1173=DIRECTION('',(-1.,0.,0.));
#1174=DIRECTION('',(0.,0.,1.));
#1175=DIRECTION('',(1.,0.,0.));
#1176=DIRECTION('',(1.,0.,0.));
#1177=DIRECTION('',(0.,1.,0.));
#1178=DIRECTION('',(0.,0.,1.));
#1179=DIRECTION('',(1.,0.,0.));
#1180=DIRECTION('',(-0.577350269189626,0.577350269189626,-0.577350269189626));
#1181=DIRECTION('',(-0.707106784210859,-0.707106778162236,6.04862249176108E-9));
#1182=DIRECTION('',(0.,0.,1.));
#1183=DIRECTION('',(1.,0.,0.));
#1184=DIRECTION('',(-0.718873086818576,0.585048618558824,-0.375419230954334));
#1185=DIRECTION('',(-0.631219056900578,-0.775604604296251,-2.76985158420562E-8));
#1186=DIRECTION('',(0.,0.,1.));
#1187=DIRECTION('',(1.,0.,0.));
#1188=CARTESIAN_POINT('',(0.,0.,0.));
#1189=CARTESIAN_POINT('',(0.332475711493818,-6.00884175419106,0.94463794765563));
#1190=CARTESIAN_POINT('',(0.34140417758795,5.99115427053841,0.940671446450911));
#1191=CARTESIAN_POINT('',(0.826762701943761,-6.00926661770334,0.771907323925804));
#1192=CARTESIAN_POINT('',(0.835691168037893,5.99072940702614,0.767940822721085));
#1193=CARTESIAN_POINT('',(1.39633459915457,-6.01010633553248,-0.486432715669671));
#1194=CARTESIAN_POINT('',(1.40526306524871,5.98988968919699,-0.49039921687439));
#1195=CARTESIAN_POINT('',(0.16698000203116,-6.00939978926106,-1.11613048586693));
#1196=CARTESIAN_POINT('',(0.175908468125291,5.99059623546841,-1.12009698707165));
#1197=CARTESIAN_POINT('',(-0.32730698841878,-6.00897492574879,-0.943399862137091));
#1198=CARTESIAN_POINT('',(-0.318378522324649,5.99102109898068,-0.94736636334181));
#1199=CARTESIAN_POINT('',(-0.327306988379412,-6.00897485750836,-0.943399862192273));
#1200=CARTESIAN_POINT('',(-0.327306988429307,-6.00897492456903,-0.943399862170111));
#1201=CARTESIAN_POINT('',(-0.318378522336571,5.99102109828592,-0.947366363374225));
#1202=CARTESIAN_POINT('',(0.00258436153866698,-6.00890833844278,0.000619042758782939));
#1203=CARTESIAN_POINT('',(0.332475711506623,-6.00884175231653,0.944637947687663));
#1204=CARTESIAN_POINT('',(0.332475711556004,-6.00884168595063,0.944637947665708));
#1205=CARTESIAN_POINT('',(0.341404177599366,5.99115427053841,0.940671446483562));
#1206=CARTESIAN_POINT('',(0.0115128276314009,5.99108768441216,-0.0033474584452825));
#1207=CARTESIAN_POINT('',(6.01186231183385,0.0363622649483353,-34.5986805270694));
#1208=CARTESIAN_POINT('',(-5.98813425654113,0.0452901471424905,-34.6003378900889));
#1209=CARTESIAN_POINT('',(6.01147788139879,-0.486266214641629,-34.6305396288534));
#1210=CARTESIAN_POINT('',(-5.9885186869762,-0.477338332447474,-34.6321969918729));
#1211=CARTESIAN_POINT('',(6.01059519940421,-1.49814928127027,-33.6903670984349));
#1212=CARTESIAN_POINT('',(-5.98940136897077,-1.48922139907611,-33.6920244614543));
#1213=CARTESIAN_POINT('',(6.01111162786212,-0.607958781746221,-32.6342453656457));
#1214=CARTESIAN_POINT('',(-5.98888494051287,-0.599030899552066,-32.6359027286652));
#1215=CARTESIAN_POINT('',(6.01149605829718,-0.0853303021562563,-32.6023862638617));
#1216=CARTESIAN_POINT('',(-5.9885005100778,-0.0764024199621011,-32.6040436268812));
#1217=CARTESIAN_POINT('',(8.01149580824531,-0.0868182827612899,-32.6021100366496));
#1218=CARTESIAN_POINT('',(6.01149605829718,-0.0853303021561176,-32.602386263864));
#1219=CARTESIAN_POINT('',(-5.98850050614516,-0.076402419964889,-32.604043626883));
#1220=CARTESIAN_POINT('',(6.01167918355138,-0.024484018602825,-33.6005333954659));
#1221=CARTESIAN_POINT('',(6.01186230880559,0.0363622649504469,-34.5986805270675));
#1222=CARTESIAN_POINT('',(8.01186206178198,0.0348742843430221,-34.5984042998527));
#1223=CARTESIAN_POINT('',(-5.98813425563678,0.0452901471416755,-34.6003378900864));
#1224=CARTESIAN_POINT('',(-5.98831738089097,-0.0155561364115894,-33.602190758485));
#1225=CARTESIAN_POINT('',(0.00718647865590241,-0.00924097293458076,-1.00136415233769));
#1226=CARTESIAN_POINT('',(6.50718461766634,-0.014076948236807,-1.00046642627518));
#1227=CARTESIAN_POINT('',(7.00579673126189,-0.0141613194752852,-0.1336412113941));
#1228=CARTESIAN_POINT('',(7.50718433140082,-0.0148209444371886,-1.00032831457925));
#1229=CARTESIAN_POINT('',(6.93325062793388,-2.88667590120084,-0.999457873334151));
#1230=CARTESIAN_POINT('',(6.97168643276842,-2.79399580525245,-0.751805078086973));
#1231=CARTESIAN_POINT('',(6.99221820023604,-2.33956561583921,-0.437174671168847));
#1232=CARTESIAN_POINT('',(7.00529541424177,-1.31913236497451,-0.170419150887505));
#1233=CARTESIAN_POINT('',(7.00816220914888,-0.573385178388853,-0.13505636072739));
#1234=CARTESIAN_POINT('',(7.00579673124534,-0.0141613194752766,-0.133641211422878));
#1235=CARTESIAN_POINT('',(6.93325062773379,-2.88667590111771,-0.999457873334206));
#1236=CARTESIAN_POINT('',(0.00718647838456217,-0.00924097233693839,-1.00136415233818));
#1237=CARTESIAN_POINT('',(-5.9875033086275,2.32640606103557,-26.8805360424556));
#1238=CARTESIAN_POINT('',(-7.02161449658658,2.32717543605042,-26.8806788653519));
#1239=CARTESIAN_POINT('',(-5.98767902391108,2.09024298239984,-26.8804579803214));
#1240=CARTESIAN_POINT('',(-7.02179021187017,2.09101235741469,-26.8806008032176));
#1241=CARTESIAN_POINT('',(-5.98785859247344,1.85410137806956,-26.8523645177049));
#1242=CARTESIAN_POINT('',(-7.02196978043252,1.85487075308441,-26.8525073406011));
#1243=CARTESIAN_POINT('',(-5.98803704831604,1.62451178347522,-26.7970325839977));
#1244=CARTESIAN_POINT('',(-7.02214823627513,1.62528115849007,-26.7971754068939));
#1245=CARTESIAN_POINT('',(-5.98750330862751,2.32640606103556,-26.8805360424553));
#1246=CARTESIAN_POINT('',(-5.98750330862751,2.32640606103556,-26.8805360424553));
#1247=CARTESIAN_POINT('',(-6.83014748566922,2.32703298447573,-26.8806548577413));
#1248=CARTESIAN_POINT('',(-5.98791690580962,2.32739799864408,-23.8805362351304));
#1249=CARTESIAN_POINT('',(-5.98803704831604,1.62451178347179,-26.7970325840119));
#1250=CARTESIAN_POINT('',(-5.98803704831604,1.62451178347179,-26.7970325840119));
#1251=CARTESIAN_POINT('',(-7.01598057511434,1.62527656976885,-26.7971745550818));
#1252=CARTESIAN_POINT('',(-7.01598057511434,1.62527656976885,-26.7971745550818));
#1253=CARTESIAN_POINT('',(-6.98406427674939,1.77007348578698,-26.8320724526258));
#1254=CARTESIAN_POINT('',(-6.94797492919993,1.91615821486111,-26.8558739482721));
#1255=CARTESIAN_POINT('',(-6.88329683981703,2.15083856953849,-26.8767382469802));
#1256=CARTESIAN_POINT('',(-6.8574352539209,2.2391285908572,-26.8806305132632));
#1257=CARTESIAN_POINT('',(-6.83014748566922,2.32703298447573,-26.8806548577413));
#1258=CARTESIAN_POINT('',(0.00273316991834457,-5.80890840472907,0.000552934118117077));
#1259=CARTESIAN_POINT('',(0.00164687459343338,-6.00665994630387,6.80061860671761));
#1260=CARTESIAN_POINT('',(0.00164687459343338,-6.00665994630387,6.80061860671761));
#1261=CARTESIAN_POINT('',(0.00176810982764619,-5.80659388340961,7.00055248525225));
#1262=CARTESIAN_POINT('',(0.00258436157414614,-6.00890833844297,0.000619042292170514));
#1263=CARTESIAN_POINT('',(4.50328591801756,-6.01394196699856,-5.09679796629334));
#1264=CARTESIAN_POINT('',(4.75843741250618,-5.81414467232505,-5.13590983131142));
#1265=CARTESIAN_POINT('',(4.6750986128996,-5.88235738776963,-5.11994897771939));
#1266=CARTESIAN_POINT('',(4.59004775527828,-5.94897582606073,-5.10701283028318));
#1267=CARTESIAN_POINT('',(4.50328591801756,-6.01394196699856,-5.09679796629334));
#1268=CARTESIAN_POINT('',(4.75843741250618,-5.81414467232505,-5.13590983131142));
#1269=CARTESIAN_POINT('',(0.00273316995483213,-5.80890840472926,0.000552933651556693));
#1270=CARTESIAN_POINT('',(5.81167924081995,-0.0243352073272776,-33.6005610140385));
#1271=CARTESIAN_POINT('',(6.01261667050508,-0.0267323987062622,-40.4005329556572));
#1272=CARTESIAN_POINT('',(6.01261667050508,-0.0267323987062622,-40.4005329556572));
#1273=CARTESIAN_POINT('',(5.81264430091068,-0.0266497286467507,-40.6005605651726));
#1274=CARTESIAN_POINT('',(6.01167918355956,-0.02448400679249,-33.6005333909315));
#1275=CARTESIAN_POINT('',(6.00762815018541,-4.52279686947136,-28.5010074355759));
#1276=CARTESIAN_POINT('',(5.80743309079007,-4.77763243493974,-28.4618697957701));
#1277=CARTESIAN_POINT('',(5.87577721445254,-4.69440271495895,-28.4778376819251));
#1278=CARTESIAN_POINT('',(5.94252819413073,-4.60945714835176,-28.4907824120771));
#1279=CARTESIAN_POINT('',(6.00762815018541,-4.52279686947136,-28.5010074355759));
#1280=CARTESIAN_POINT('',(5.80743309079007,-4.77763243493974,-28.4618697957701));
#1281=CARTESIAN_POINT('',(5.81167924081973,-0.0243352075590518,-33.6005610132888));
#1282=CARTESIAN_POINT('',(6.01195951607575,1.61558382905957,-26.7953752436319));
#1283=CARTESIAN_POINT('',(7.25074571891244,1.61466217656774,-26.7952041527132));
#1284=CARTESIAN_POINT('',(6.01154311910967,1.07987477500611,-26.6662673983152));
#1285=CARTESIAN_POINT('',(7.25032932194636,1.07895312251428,-26.6660963073964));
#1286=CARTESIAN_POINT('',(6.01112412579751,0.528877698235468,-26.6007159855433));
#1287=CARTESIAN_POINT('',(7.2499103286342,0.527956045743645,-26.6005448946245));
#1288=CARTESIAN_POINT('',(6.01071412346915,-0.0221694852478761,-26.6005338405634));
#1289=CARTESIAN_POINT('',(7.24950032630584,-0.023091137739699,-26.6003627496446));
#1290=CARTESIAN_POINT('',(6.01071412346916,-0.0221694852478773,-26.6005338405642));
#1291=CARTESIAN_POINT('',(6.01071412346916,-0.0221694852478773,-26.6005338405642));
#1292=CARTESIAN_POINT('',(7.24211193936234,-0.0230856406915839,-26.6003634229726));
#1293=CARTESIAN_POINT('',(6.01167918355955,-0.0244840063350945,-33.6005333909906));
#1294=CARTESIAN_POINT('',(6.01195951607575,1.61558382906762,-26.7953752435985));
#1295=CARTESIAN_POINT('',(6.01195951607575,1.61558382906762,-26.7953752435985));
#1296=CARTESIAN_POINT('',(7.03967364697613,1.61481921344028,-26.795233304211));
#1297=CARTESIAN_POINT('',(7.03967364697613,1.61481921344028,-26.795233304211));
#1298=CARTESIAN_POINT('',(7.09926374542092,1.37789840671614,-26.7381369838612));
#1299=CARTESIAN_POINT('',(7.14643703586237,1.13578793772537,-26.6928740737907));
#1300=CARTESIAN_POINT('',(7.21384051453602,0.643886882406442,-26.6280390844932));
#1301=CARTESIAN_POINT('',(7.23395431225057,0.395791992336168,-26.6085846107597));
#1302=CARTESIAN_POINT('',(7.24148277361458,0.089636243403665,-26.6010809325669));
#1303=CARTESIAN_POINT('',(7.24215349342996,0.0332388987423337,-26.6003822224921));
#1304=CARTESIAN_POINT('',(7.24211193936234,-0.0230856406915839,-26.6003634229726));
#1305=CARTESIAN_POINT('',(-4.51910097773986,-6.00731031499084,-5.34300885778149));
#1306=CARTESIAN_POINT('',(-4.52022373696444,-7.51630981486073,-5.3425100680876));
#1307=CARTESIAN_POINT('',(-3.26795907079241,-6.00859116178235,-6.40170384368282));
#1308=CARTESIAN_POINT('',(-3.269081830017,-7.51759066165224,-6.40120505398894));
#1309=CARTESIAN_POINT('',(-1.63541099489492,-6.01000347909061,-6.99960686778067));
#1310=CARTESIAN_POINT('',(-1.6365337541195,-7.51900297896049,-6.99910807808679));
#1311=CARTESIAN_POINT('',(0.00354942162931313,-6.01122285976213,-6.99938050811319));
#1312=CARTESIAN_POINT('',(0.00242666240473325,-7.52022235963202,-6.99888171841931));
#1313=CARTESIAN_POINT('',(0.00354942162935842,-6.01122285976226,-6.9993805083753));
#1314=CARTESIAN_POINT('',(0.00354942162935842,-6.01122285976226,-6.9993805083753));
#1315=CARTESIAN_POINT('',(0.00243335878187187,-7.51122236261499,-6.99888469357025));
#1316=CARTESIAN_POINT('',(0.0025843615023009,-6.00890833844291,0.000619042283499065));
#1317=CARTESIAN_POINT('',(-4.49667512750037,-6.00733324668267,-5.36190476345307));
#1318=CARTESIAN_POINT('',(0.00243335878182451,-7.5112223626149,-6.99888469330814));
#1319=CARTESIAN_POINT('',(-0.451969683459831,-7.5087962580049,-6.99894814209957));
#1320=CARTESIAN_POINT('',(-1.28073539312675,-7.43512605652496,-6.91756596886951));
#1321=CARTESIAN_POINT('',(-2.50355417689993,-7.11525306013754,-6.57671399363594));
#1322=CARTESIAN_POINT('',(-3.59980954379168,-6.61700173349959,-6.03583637156731));
#1323=CARTESIAN_POINT('',(-4.18248479860689,-6.24213303566739,-5.62558539219218));
#1324=CARTESIAN_POINT('',(-4.49667512739694,-6.0073332466827,-5.36190476332978));
#1325=CARTESIAN_POINT('',(0.00176810982766953,-5.80659388340971,7.00055248499014));
#1326=CARTESIAN_POINT('',(0.0103989958482963,5.7934022719849,6.99671818383107));
#1327=CARTESIAN_POINT('',(1.40711868471093,-5.80763945919693,7.00074658039697));
#1328=CARTESIAN_POINT('',(1.41574957073156,5.79235669619768,6.9969122792379));
#1329=CARTESIAN_POINT('',(4.21419542008695,-5.81001626163457,6.12879054347074));
#1330=CARTESIAN_POINT('',(4.22282630610758,5.78997989376004,6.12495624231167));
#1331=CARTESIAN_POINT('',(6.94567452000897,-5.81319374983898,2.66433461884308));
#1332=CARTESIAN_POINT('',(6.95430540602959,5.78680240555562,2.66050031768401));
#1333=CARTESIAN_POINT('',(7.23245336023071,-5.81486231210339,-1.73807360122588));
#1334=CARTESIAN_POINT('',(7.24108424625133,5.78513384329121,-1.74190790238495));
#1335=CARTESIAN_POINT('',(5.72897517278995,-5.81457853964518,-4.2638499248884));
#1336=CARTESIAN_POINT('',(5.73760605881057,5.78541761574942,-4.26768422604747));
#1337=CARTESIAN_POINT('',(4.68414408323721,-5.81411180624173,-5.20371116235404));
#1338=CARTESIAN_POINT('',(4.69277496925783,5.78588434915287,-5.20754546351311));
#1339=CARTESIAN_POINT('',(0.000131217651310606,-8.0065931542603,7.00127968029966));
#1340=CARTESIAN_POINT('',(0.0103989958482598,5.79340227198494,6.99671818409317));
#1341=CARTESIAN_POINT('',(6.93325062775897,-2.88667590111774,-0.999457873337821));
#1342=CARTESIAN_POINT('',(6.90023155382785,-2.96807490542022,-1.22799742098729));
#1343=CARTESIAN_POINT('',(6.82300027305335,-3.14603580694641,-1.62732008138153));
#1344=CARTESIAN_POINT('',(6.67226692207561,-3.45265104178038,-2.14397607704591));
#1345=CARTESIAN_POINT('',(6.5562626808201,-3.66762881055031,-2.47104601813255));
#1346=CARTESIAN_POINT('',(6.42585924298785,-3.8914807092212,-2.79079935054512));
#1347=CARTESIAN_POINT('',(6.33469412512464,-4.03905794670344,-2.99167641999713));
#1348=CARTESIAN_POINT('',(6.12570724733237,-4.35494592293558,-3.4076413265442));
#1349=CARTESIAN_POINT('',(5.89894184443721,-4.65942885326283,-3.78674758805294));
#1350=CARTESIAN_POINT('',(5.55722539668752,-5.06465678606296,-4.27384046124087));
#1351=CARTESIAN_POINT('',(5.25292308200472,-5.37716192656139,-4.6381288338788));
#1352=CARTESIAN_POINT('',(4.96527941120085,-5.64048625896938,-4.93876774358485));
#1353=CARTESIAN_POINT('',(4.85362656302622,-5.73550681814406,-5.04785707992522));
#1354=CARTESIAN_POINT('',(4.75843741243082,-5.81414467232496,-5.13590983123003));
#1355=CARTESIAN_POINT('',(7.00579673124534,-0.0141613194752781,-0.133641211422878));
#1356=CARTESIAN_POINT('',(7.00766802225842,0.548136445808496,-0.134662821744515));
#1357=CARTESIAN_POINT('',(7.00485201280935,1.28978132702829,-0.177660197781502));
#1358=CARTESIAN_POINT('',(7.0006935837301,2.18346550887776,-0.39690667712535));
#1359=CARTESIAN_POINT('',(6.97451346497513,2.65147336176138,-0.689306650507052));
#1360=CARTESIAN_POINT('',(6.96366432632124,2.79470072964707,-0.841065903846255));
#1361=CARTESIAN_POINT('',(6.93752482283995,2.85788484141272,-1.00135669947336));
#1362=CARTESIAN_POINT('',(6.93752482303039,2.8578848414915,-1.00135669947338));
#1363=CARTESIAN_POINT('',(4.76706829845143,5.78585148306963,-5.13974413238911));
#1364=CARTESIAN_POINT('',(4.91673451747999,5.66240262434702,-5.00104660519483));
#1365=CARTESIAN_POINT('',(5.18557875230193,5.42586641206733,-4.73131507303523));
#1366=CARTESIAN_POINT('',(5.52073647479685,5.07830446108217,-4.32585445488526));
#1367=CARTESIAN_POINT('',(5.70797115076963,4.86610904615944,-4.07383537613073));
#1368=CARTESIAN_POINT('',(5.96651929215853,4.55072720620933,-3.69102703602619));
#1369=CARTESIAN_POINT('',(6.17513385214035,4.26811627351468,-3.33979516364978));
#1370=CARTESIAN_POINT('',(6.49405734664307,3.7650089833987,-2.66220310874286));
#1371=CARTESIAN_POINT('',(6.6106122137994,3.55068951086339,-2.34743110365577));
#1372=CARTESIAN_POINT('',(6.74856225415319,3.27995031779184,-1.90490404940371));
#1373=CARTESIAN_POINT('',(6.81594264786272,3.13741188415722,-1.64659929122365));
#1374=CARTESIAN_POINT('',(6.88869890367351,2.97349492214539,-1.30630643072117));
#1375=CARTESIAN_POINT('',(6.91664008592293,2.91048983540009,-1.14648066317553));
#1376=CARTESIAN_POINT('',(6.93752482305557,2.85788484149148,-1.00135669947698));
#1377=CARTESIAN_POINT('',(4.76706829852679,5.78585148306954,-5.13974413247051));
#1378=CARTESIAN_POINT('',(0.0113640559754499,5.79108775066529,-0.0032813675075365));
#1379=CARTESIAN_POINT('',(5.81264430091069,-0.0266497286467472,-40.6005605651734));
#1380=CARTESIAN_POINT('',(-5.78735237800149,-0.0180193727227188,-40.6021626609065));
#1381=CARTESIAN_POINT('',(5.81159866090172,-1.43200024015876,-40.600096035913));
#1382=CARTESIAN_POINT('',(-5.78839801801046,-1.42336988423473,-40.601698131646));
#1383=CARTESIAN_POINT('',(5.80938990077614,-4.2386681457612,-39.7268245045908));
#1384=CARTESIAN_POINT('',(-5.79060677813604,-4.23003778983717,-39.7284266003239));
#1385=CARTESIAN_POINT('',(5.80688023894793,-6.96852380783591,-36.2610886822088));
#1386=CARTESIAN_POINT('',(-5.79311643996424,-6.95989345191188,-36.2626907779418));
#1387=CARTESIAN_POINT('',(5.80606036830927,-7.25324003708142,-31.8585463460895));
#1388=CARTESIAN_POINT('',(-5.79393631060291,-7.24460968115739,-31.8601484418226));
#1389=CARTESIAN_POINT('',(5.80683108908393,-5.74857865912595,-29.3334747981811));
#1390=CARTESIAN_POINT('',(-5.79316558982825,-5.73994830320192,-29.3350768939142));
#1391=CARTESIAN_POINT('',(5.80747902904367,-4.70330734837097,-28.3941032867737));
#1392=CARTESIAN_POINT('',(-5.7925176498685,-4.69467699244694,-28.3957053825067));
#1393=CARTESIAN_POINT('',(8.01264367104913,-0.0282865202875134,-40.6002567194302));
#1394=CARTESIAN_POINT('',(-5.78735237800148,-0.0180193727227201,-40.6021626609056));
#1395=CARTESIAN_POINT('',(5.80743309078991,-4.77763243511973,-28.4618697955756));
#1396=CARTESIAN_POINT('',(5.61901239192438,-5.00533718223304,-28.6726527283595));
#1397=CARTESIAN_POINT('',(5.29539392160066,-5.35124463665863,-29.0456446364265));
#1398=CARTESIAN_POINT('',(4.97901921203389,-5.63911926738416,-29.4174846404164));
#1399=CARTESIAN_POINT('',(4.71484005273949,-5.86652950093617,-29.7329457682721));
#1400=CARTESIAN_POINT('',(4.36883783583238,-6.12594615671245,-30.1664071892783));
#1401=CARTESIAN_POINT('',(4.19883694140275,-6.24263127001463,-30.3861734903815));
#1402=CARTESIAN_POINT('',(4.05862498639225,-6.33364251891934,-30.5710364805605));
#1403=CARTESIAN_POINT('',(4.03018183996402,-6.35177062273141,-30.6078995963955));
#1404=CARTESIAN_POINT('',(3.8452731194837,-6.46633516949632,-30.8612255052999));
#1405=CARTESIAN_POINT('',(3.66922737239101,-6.56781133268688,-31.1129972577839));
#1406=CARTESIAN_POINT('',(3.5254098113405,-6.64719810939845,-31.332500714993));
#1407=CARTESIAN_POINT('',(3.42109622643547,-6.69943837467935,-31.498683363042));
#1408=CARTESIAN_POINT('',(3.42109622643574,-6.69943837433573,-31.4986833631502));
#1409=CARTESIAN_POINT('',(3.42109622655889,-6.69943837457698,-31.4986833631501));
#1410=CARTESIAN_POINT('',(3.24969626910628,-6.78703385002438,-31.7690931921252));
#1411=CARTESIAN_POINT('',(2.73369230311903,-6.85460299198057,-32.0778543676859));
#1412=CARTESIAN_POINT('',(1.53636088233531,-6.91783411362007,-32.3873474032988));
#1413=CARTESIAN_POINT('',(0.0085678605985544,-6.92195967098763,-32.4382220546593));
#1414=CARTESIAN_POINT('',(-1.52920684581919,-6.91083340067913,-32.3775338759751));
#1415=CARTESIAN_POINT('',(-2.56368294402435,-6.86553723386507,-32.1321230142731));
#1416=CARTESIAN_POINT('',(-3.12095458298663,-6.78723440606959,-31.8210852997491));
#1417=CARTESIAN_POINT('',(-3.30538914235298,-6.74709487717453,-31.6589022934003));
#1418=CARTESIAN_POINT('',(-3.40825024886295,-6.69435736541659,-31.4996265778396));
#1419=CARTESIAN_POINT('',(-3.4082502489603,-6.69435736560662,-31.4996265778395));
#1420=CARTESIAN_POINT('',(-3.40825024896057,-6.69435736595023,-31.4996265777313));
#1421=CARTESIAN_POINT('',(-3.49712977826836,-6.64916958191109,-31.3563267123254));
#1422=CARTESIAN_POINT('',(-3.68043009278254,-6.55192212951951,-31.0732907678739));
#1423=CARTESIAN_POINT('',(-4.02320693274928,-6.34291669264751,-30.5990377434767));
#1424=CARTESIAN_POINT('',(-4.17270138586939,-6.2478236078415,-30.401134638289));
#1425=CARTESIAN_POINT('',(-4.62395044796635,-5.92357159098567,-29.8277446142463));
#1426=CARTESIAN_POINT('',(-4.95271256183322,-5.64401849821356,-29.4343247005968));
#1427=CARTESIAN_POINT('',(-5.20008207989,-5.41752198230273,-29.1420902907866));
#1428=CARTESIAN_POINT('',(-5.51787339964509,-5.09223631190431,-28.7752406364616));
#1429=CARTESIAN_POINT('',(-5.68576910311358,-4.89841370965032,-28.5830896018859));
#1430=CARTESIAN_POINT('',(-5.79256358812219,-4.76900207919562,-28.4634718913085));
#1431=CARTESIAN_POINT('',(-5.79256358812202,-4.76900207901567,-28.4634718915031));
#1432=CARTESIAN_POINT('',(-5.78831743809244,-0.0157048516350175,-33.6021631090218));
#1433=CARTESIAN_POINT('',(7.5113892361596,-0.024905644472853,-31.5003263610829));
#1434=CARTESIAN_POINT('',(7.50718433147845,-0.0148209444372653,-1.00032831457921));
#1435=CARTESIAN_POINT('',(7.51285015885431,1.93858911328644,-31.500975381145));
#1436=CARTESIAN_POINT('',(7.50864525417316,1.94867381332203,-1.00097733464136));
#1437=CARTESIAN_POINT('',(5.8928480245328,5.85115386302294,-31.5024923973974));
#1438=CARTESIAN_POINT('',(5.88864311985165,5.86123856305853,-1.0024943508937));
#1439=CARTESIAN_POINT('',(0.0175762852648621,8.29324456533219,-31.5041098633469));
#1440=CARTESIAN_POINT('',(0.0133713805837103,8.30332926536778,-1.00411181684323));
#1441=CARTESIAN_POINT('',(-5.86132298372909,5.85989892409511,-31.5041157864154));
#1442=CARTESIAN_POINT('',(-5.86552788841024,5.8699836241307,-1.00411773991176));
#1443=CARTESIAN_POINT('',(-7.48714554679071,1.94974905629179,-31.503047056662));
#1444=CARTESIAN_POINT('',(-7.49135045147186,1.95983375632737,-1.0030490101583));
#1445=CARTESIAN_POINT('',(-7.48860646948541,-0.0137457014675109,-31.5023980365998));
#1446=CARTESIAN_POINT('',(-7.49281137416656,-0.00366100143192313,-1.00239999009614));
#1447=CARTESIAN_POINT('',(7.5115271018089,-0.0252362903748055,-32.5003262946827));
#1448=CARTESIAN_POINT('',(7.51067457212224,-0.0231916527878469,-26.3165585882962));
#1449=CARTESIAN_POINT('',(7.51067457212224,-0.0231916527878469,-26.3165585882962));
#1450=CARTESIAN_POINT('',(7.51069390081897,0.00278630524337166,-26.3165671829212));
#1451=CARTESIAN_POINT('',(7.51057828848765,0.02878005742964,-26.3167049840967));
#1452=CARTESIAN_POINT('',(7.50755611761388,0.341878641000269,-26.3199253446032));
#1453=CARTESIAN_POINT('',(7.48831459583575,0.6275673499551,-26.3386474165328));
#1454=CARTESIAN_POINT('',(7.41773586744969,1.19358042505576,-26.4068121406966));
#1455=CARTESIAN_POINT('',(7.36661737945049,1.47197032750437,-26.4560384605953));
#1456=CARTESIAN_POINT('',(7.30076892098559,1.74441168089463,-26.5193486337252));
#1457=CARTESIAN_POINT('',(7.30076892098559,1.74441168089463,-26.5193486337252));
#1458=CARTESIAN_POINT('',(7.30076892098559,1.74441168089463,-26.5193486337252));
#1459=CARTESIAN_POINT('',(7.2897107502912,1.79016372344021,-26.5299801220737));
#1460=CARTESIAN_POINT('',(7.27812046676901,1.83622635878809,-26.5395127372555));
#1461=CARTESIAN_POINT('',(7.26601180478239,1.882462960791,-26.5479203124393));
#1462=CARTESIAN_POINT('',(7.25997824610213,1.90550194327053,-26.552109676903));
#1463=CARTESIAN_POINT('',(7.25381295124851,1.92859521940701,-26.5560210642026));
#1464=CARTESIAN_POINT('',(7.24751848086699,1.95172549328443,-26.559653082192));
#1465=CARTESIAN_POINT('',(7.24122913440695,1.97483693830119,-26.5632821435906));
#1466=CARTESIAN_POINT('',(7.23481556118269,1.99796693571533,-26.5666286419692));
#1467=CARTESIAN_POINT('',(7.22829973219314,2.02103470187171,-26.5696848671669));
#1468=CARTESIAN_POINT('',(7.21525537585106,2.0672151897639,-26.5758032736819));
#1469=CARTESIAN_POINT('',(7.20177975518549,2.11322642553915,-26.5807741504012));
#1470=CARTESIAN_POINT('',(7.18790880315828,2.15896392644893,-26.5846346884773));
#1471=CARTESIAN_POINT('',(7.17396839227091,2.2049304581184,-26.5885145582166));
#1472=CARTESIAN_POINT('',(7.15962830234464,2.25062240846148,-26.5912736810909));
#1473=CARTESIAN_POINT('',(7.14493099422381,2.29594200184814,-26.5929622134806));
#1474=CARTESIAN_POINT('',(7.12771154381612,2.34903869713419,-26.5949405077033));
#1475=CARTESIAN_POINT('',(7.10978974058828,2.40227626414416,-26.5954734282315));
#1476=CARTESIAN_POINT('',(7.09122249824165,2.45543361072843,-26.594551430687));
#1477=CARTESIAN_POINT('',(7.07820356678937,2.49270634291151,-26.5939049468091));
#1478=CARTESIAN_POINT('',(7.06486769092835,2.52993977573359,-26.5925441997874));
#1479=CARTESIAN_POINT('',(7.05123998523391,2.56705971673327,-26.590480082039));
#1480=CARTESIAN_POINT('',(7.0347473235349,2.61198339228985,-26.5879820242959));
#1481=CARTESIAN_POINT('',(7.01782691701313,2.65674070973572,-26.5844512384451));
#1482=CARTESIAN_POINT('',(7.00053183177348,2.70120320659866,-26.579917793206));
#1483=CARTESIAN_POINT('',(6.98312838938809,2.74594426983964,-26.5753559450316));
#1484=CARTESIAN_POINT('',(6.96534409583151,2.79038990943301,-26.5697775600007));
#1485=CARTESIAN_POINT('',(6.94724708553874,2.83440342122928,-26.5632340792562));
#1486=CARTESIAN_POINT('',(6.93817453555377,2.85646865627778,-26.5599536447994));
#1487=CARTESIAN_POINT('',(6.92896059830573,2.87857724613029,-26.5564065170578));
#1488=CARTESIAN_POINT('',(6.91964317320438,2.90063553723698,-26.5526059499369));
#1489=CARTESIAN_POINT('',(6.91036410231882,2.92260302767219,-26.548821027457));
#1490=CARTESIAN_POINT('',(6.90099735575695,2.9444860550068,-26.5447916004378));
#1491=CARTESIAN_POINT('',(6.89155035156277,2.96627019107187,-26.5405217998219));
#1492=CARTESIAN_POINT('',(6.87272788346905,3.00967349624727,-26.5320145329458));
#1493=CARTESIAN_POINT('',(6.85356296982352,3.05274043527122,-26.5225464078498));
#1494=CARTESIAN_POINT('',(6.83412619039284,3.09534435044417,-26.5121669063379));
#1495=CARTESIAN_POINT('',(6.81471197539968,3.13789880611755,-26.501799454539));
#1496=CARTESIAN_POINT('',(6.79502102619031,3.18000452299774,-26.4905210391981));
#1497=CARTESIAN_POINT('',(6.77511192898146,3.22158066135832,-26.478384938586));
#1498=CARTESIAN_POINT('',(6.75513309462755,3.26330243169619,-26.4662063279093));
#1499=CARTESIAN_POINT('',(6.73493460070061,3.3044908821454,-26.4531639186254));
#1500=CARTESIAN_POINT('',(6.7145801237379,3.34506995195753,-26.4393205355934));
#1501=CARTESIAN_POINT('',(6.68212309160221,3.40977690440536,-26.4172460244794));
#1502=CARTESIAN_POINT('',(6.64893687421952,3.47359781814243,-26.3929115559626));
#1503=CARTESIAN_POINT('',(6.61514799292576,3.53638999317996,-26.366374384573));
#1504=CARTESIAN_POINT('',(6.6065558825758,3.55235729592519,-26.3596262977401));
#1505=CARTESIAN_POINT('',(6.59792485921281,3.56825819538936,-26.3527360155718));
#1506=CARTESIAN_POINT('',(6.58925711465323,3.58409058309857,-26.3457049606441));
#1507=CARTESIAN_POINT('',(6.55488746353696,3.64686973379504,-26.3178251698656));
#1508=CARTESIAN_POINT('',(6.51993956778851,3.70856936516148,-26.2877270629609));
#1509=CARTESIAN_POINT('',(6.4845629129683,3.76905467547749,-26.2554732757335));
#1510=CARTESIAN_POINT('',(6.47598658641211,3.78371806792534,-26.2476540228012));
#1511=CARTESIAN_POINT('',(6.46738509683837,3.79831019601639,-26.2397083005565));
#1512=CARTESIAN_POINT('',(6.45876067269331,3.81282933545483,-26.2316373956715));
#1513=CARTESIAN_POINT('',(6.45876067269331,3.81282933545483,-26.2316373956715));
#1514=CARTESIAN_POINT('',(6.45876067269331,3.81282933545483,-26.2316373956715));
#1515=CARTESIAN_POINT('',(6.3224101655919,4.04237428105478,-26.1040297367477));
#1516=CARTESIAN_POINT('',(6.17399039586838,4.26435120262918,-25.9806391512287));
#1517=CARTESIAN_POINT('',(6.01396027511292,4.47807381468444,-25.861847351934));
#1518=CARTESIAN_POINT('',(6.01396027511292,4.47807381468444,-25.861847351934));
#1519=CARTESIAN_POINT('',(6.01417287497039,4.47756385813816,-27.4039823949423));
#1520=CARTESIAN_POINT('',(6.01432452727034,4.47720014764509,-28.5039823244063));
#1521=CARTESIAN_POINT('',(6.01432452727034,4.47720014764509,-28.5039823244063));
#1522=CARTESIAN_POINT('',(5.94935360603762,4.56396394540848,-28.4938146250763));
#1523=CARTESIAN_POINT('',(5.88272911271254,4.64901728799301,-28.4809260869269));
#1524=CARTESIAN_POINT('',(5.8145089253313,4.73235915552344,-28.4650132598961));
#1525=CARTESIAN_POINT('',(5.8145089253313,4.73235915552344,-28.4650132598961));
#1526=CARTESIAN_POINT('',(3.43103301518506,6.65570601974397,-31.5030978192132));
#1527=CARTESIAN_POINT('',(3.63202192328681,6.5528228065003,-31.1796811513659));
#1528=CARTESIAN_POINT('',(3.9979131183112,6.3461563382775,-30.6536507429178));
#1529=CARTESIAN_POINT('',(4.62905736164233,5.9093355160728,-29.8474049399691));
#1530=CARTESIAN_POINT('',(5.13904661703879,5.4659123573231,-29.2403933260284));
#1531=CARTESIAN_POINT('',(5.47741259907084,5.12072605304095,-28.8490390240893));
#1532=CARTESIAN_POINT('',(5.68039180728154,4.89274197410103,-28.616581830905));
#1533=CARTESIAN_POINT('',(5.75259988010481,4.80797712285319,-28.5358274297446));
#1534=CARTESIAN_POINT('',(5.81450892517599,4.73235915539625,-28.4650132598962));
#1535=CARTESIAN_POINT('',(3.431033015247,6.6557060198649,-31.5030978192132));
#1536=CARTESIAN_POINT('',(0.0113913837295314,-0.0193256730341386,-31.5013621965646));
#1537=CARTESIAN_POINT('',(-3.39831345976228,6.66078702839695,-31.5040410298089));
#1538=CARTESIAN_POINT('',(-5.78548775387842,4.74098951169178,-28.4666153556294));
#1539=CARTESIAN_POINT('',(-5.59023605553791,4.97867940561255,-28.6894010450731));
#1540=CARTESIAN_POINT('',(-5.20627695762825,5.3901141248504,-29.1245318965865));
#1541=CARTESIAN_POINT('',(-4.59455672705993,5.91725996709477,-29.8541199534275));
#1542=CARTESIAN_POINT('',(-4.08593403942891,6.27161060696148,-30.4994427649882));
#1543=CARTESIAN_POINT('',(-3.67108463960309,6.51692425858769,-31.0780099020173));
#1544=CARTESIAN_POINT('',(-3.51199797833589,6.60283156551886,-31.3242511081825));
#1545=CARTESIAN_POINT('',(-3.39831345991411,6.66078702871069,-31.5040410298039));
#1546=CARTESIAN_POINT('',(-5.7854877535808,4.74098951144744,-28.4666153556292));
#1547=CARTESIAN_POINT('',(-5.7854877535808,4.74098951144744,-28.4666153556292));
#1548=CARTESIAN_POINT('',(-5.85382747938509,4.65774924400267,-28.4825470431873));
#1549=CARTESIAN_POINT('',(-5.92057489500119,4.57279512964003,-28.4954540015632));
#1550=CARTESIAN_POINT('',(-5.98567203712154,4.48612810204926,-28.5056396648196));
#1551=CARTESIAN_POINT('',(-5.98567203712154,4.48612810204926,-28.5056396648196));
#1552=CARTESIAN_POINT('',(-5.9858600671973,4.48657905802959,-27.1417759435062));
#1553=CARTESIAN_POINT('',(-5.98603629770683,4.48700175253566,-25.8635550169735));
#1554=CARTESIAN_POINT('',(-5.98603629770683,4.48700175253566,-25.8635550169735));
#1555=CARTESIAN_POINT('',(-6.14636513291565,4.27349923948675,-25.9824047770981));
#1556=CARTESIAN_POINT('',(-6.29509264309698,4.05172376321274,-26.1058510260283));
#1557=CARTESIAN_POINT('',(-6.43175888885027,3.82236110023512,-26.2335118153033));
#1558=CARTESIAN_POINT('',(-6.43175888885027,3.82236110023512,-26.2335118153033));
#1559=CARTESIAN_POINT('',(-6.43175888885027,3.82236110023512,-26.2335118153033));
#1560=CARTESIAN_POINT('',(-6.45399350210803,3.78504552975459,-26.2542809735247));
#1561=CARTESIAN_POINT('',(-6.47603833362358,3.74731271642895,-26.2741831211178));
#1562=CARTESIAN_POINT('',(-6.51982544016306,3.67081808287035,-26.3123625957555));
#1563=CARTESIAN_POINT('',(-6.54156353102056,3.6320602629972,-26.3306333538241));
#1564=CARTESIAN_POINT('',(-6.58471877163807,3.55346270544609,-26.3655418628613));
#1565=CARTESIAN_POINT('',(-6.60612229595209,3.51364437604552,-26.3821658380923));
#1566=CARTESIAN_POINT('',(-6.64831570276643,3.43339854166491,-26.4135605373487));
#1567=CARTESIAN_POINT('',(-6.66915571260836,3.39288582308661,-26.4283764261634));
#1568=CARTESIAN_POINT('',(-6.70818444089713,3.31525873004869,-26.4547919029511));
#1569=CARTESIAN_POINT('',(-6.72623440786354,3.27861459291386,-26.4664454329451));
#1570=CARTESIAN_POINT('',(-6.76170005842038,3.20510140220174,-26.4882205221785));
#1571=CARTESIAN_POINT('',(-6.7791204013533,3.16823847312763,-26.4983565373152));
#1572=CARTESIAN_POINT('',(-6.80086430610369,3.12121902298448,-26.5102747906401));
#1573=CARTESIAN_POINT('',(-6.80527763553684,3.11162275605969,-26.5126553892789));
#1574=CARTESIAN_POINT('',(-6.82532918825822,3.06777763482769,-26.5232936538373));
#1575=CARTESIAN_POINT('',(-6.84059554527106,3.03372099258603,-26.5309024139703));
#1576=CARTESIAN_POINT('',(-6.8594318459219,2.99084856851112,-26.5396759605103));
#1577=CARTESIAN_POINT('',(-6.86321103488769,2.98220276249824,-26.5414043620502));
#1578=CARTESIAN_POINT('',(-6.88164885528968,2.93980371118643,-26.5496798223294));
#1579=CARTESIAN_POINT('',(-6.89613879618186,2.9058093783781,-26.5556983138452));
#1580=CARTESIAN_POINT('',(-6.91452336369744,2.86175846258987,-26.5626737574158));
#1581=CARTESIAN_POINT('',(-6.9184680835704,2.8522520425496,-26.5641312608022));
#1582=CARTESIAN_POINT('',(-6.94068323962161,2.79839999701255,-26.572112772993));
#1583=CARTESIAN_POINT('',(-6.95849186910135,2.75403074964552,-26.5776485926526));
#1584=CARTESIAN_POINT('',(-6.98469897622473,2.68688483408112,-26.5844560319792));
#1585=CARTESIAN_POINT('',(-6.99336092306519,2.66437095074804,-26.586473960654));
#1586=CARTESIAN_POINT('',(-7.01043168521208,2.61935756238647,-26.5899831910652));
#1587=CARTESIAN_POINT('',(-7.01885513359488,2.59682035286725,-26.5914781182257));
#1588=CARTESIAN_POINT('',(-7.04597127585491,2.52318617993953,-26.5954980125284));
#1589=CARTESIAN_POINT('',(-7.06418438153246,2.47202189231391,-26.596952709928));
#1590=CARTESIAN_POINT('',(-7.09529924559548,2.38151573055171,-26.5971272442913));
#1591=CARTESIAN_POINT('',(-7.10842431753801,2.34229058158251,-26.5964198745396));
#1592=CARTESIAN_POINT('',(-7.13337005843143,2.2656227216134,-26.5934727630883));
#1593=CARTESIAN_POINT('',(-7.14505097102797,2.22874099181137,-26.5913484192796));
#1594=CARTESIAN_POINT('',(-7.16767949871094,2.15534592006,-26.5857234343508));
#1595=CARTESIAN_POINT('',(-7.1786332923942,2.11883261662989,-26.5822370195238));
#1596=CARTESIAN_POINT('',(-7.19443131989736,2.06466453232534,-26.5760158575867));
#1597=CARTESIAN_POINT('',(-7.1994425534924,2.04724915243437,-26.5738580964777));
#1598=CARTESIAN_POINT('',(-7.2305951801103,1.93747779298506,-26.559239524007));
#1599=CARTESIAN_POINT('',(-7.25466751496001,1.84592542906405,-26.5425544208493));
#1600=CARTESIAN_POINT('',(-7.27674882407743,1.75517787427087,-26.5214675829272));
#1601=CARTESIAN_POINT('',(-7.27674882407743,1.75517787427087,-26.5214675829272));
#1602=CARTESIAN_POINT('',(-7.27674882407743,1.75517787427087,-26.5214675829272));
#1603=CARTESIAN_POINT('',(-7.34298724193247,1.48295688277275,-26.4582021259329));
#1604=CARTESIAN_POINT('',(-7.39451404649481,1.2047702509074,-26.4090048429345));
#1605=CARTESIAN_POINT('',(-7.46594365792074,0.639126179032922,-26.3408641451068));
#1606=CARTESIAN_POINT('',(-7.48562538939134,0.353600406433264,-26.3221364808398));
#1607=CARTESIAN_POINT('',(-7.48914468225843,0.0404059307355176,-26.3188877787633));
#1608=CARTESIAN_POINT('',(-7.48930167966753,0.0141791652322545,-26.3187475517996));
#1609=CARTESIAN_POINT('',(-7.48932128496864,-0.0120317455555349,-26.318738829647));
#1610=CARTESIAN_POINT('',(-7.48932128496864,-0.0120317455555349,-26.318738829647));
#1611=CARTESIAN_POINT('',(-7.48846860368086,-0.0140763473695897,-32.5023979701996));
#1612=CARTESIAN_POINT('',(-7.49281137408899,-0.00366100143196942,-1.00239999009613));
#1613=CARTESIAN_POINT('',(0.00718647892710084,-0.00924097353228543,-1.00136415233767));
#1614=CARTESIAN_POINT('',(-6.91887767042202,2.86819395524845,-1.00327043134113));
#1615=CARTESIAN_POINT('',(-6.91887767069375,2.86819395536133,-1.00327043134119));
#1616=CARTESIAN_POINT('',(-6.88282678809835,2.95480814370475,-1.24669474426783));
#1617=CARTESIAN_POINT('',(-6.80718412671613,3.12882422830283,-1.62977684105836));
#1618=CARTESIAN_POINT('',(-6.58407594173531,3.58710519037648,-2.41479841478749));
#1619=CARTESIAN_POINT('',(-6.26560416372975,4.12230193308459,-3.14305838776091));
#1620=CARTESIAN_POINT('',(-5.8849119639055,4.63904255063472,-3.79228587778433));
#1621=CARTESIAN_POINT('',(-5.54163331847618,5.04394031922547,-4.27859286937217));
#1622=CARTESIAN_POINT('',(-5.23762125620671,5.35654209934936,-4.64280517501849));
#1623=CARTESIAN_POINT('',(-4.94985512308948,5.61897836435716,-4.94450964009638));
#1624=CARTESIAN_POINT('',(-4.83815447905674,5.71501207897953,-5.05187082797473));
#1625=CARTESIAN_POINT('',(-4.74292372137864,5.79292688332663,-5.14105757402223));
#1626=CARTESIAN_POINT('',(-4.74292372113021,5.79292688302316,-5.14105757402211));
#1627=CARTESIAN_POINT('',(-4.74292372113021,5.79292688302316,-5.14105757402211));
#1628=CARTESIAN_POINT('',(-4.65958931938193,5.86115014593178,-5.12511885390121));
#1629=CARTESIAN_POINT('',(-4.57454202582261,5.92777713197835,-5.1122033128093));
#1630=CARTESIAN_POINT('',(-4.48778300249635,5.99275002162653,-5.1020074900439));
#1631=CARTESIAN_POINT('',(-4.48778300249635,5.99275002162653,-5.1020074900439));
#1632=CARTESIAN_POINT('',(-4.48774662472045,5.99266277613926,-5.36587128189349));
#1633=CARTESIAN_POINT('',(-4.48774662472041,5.99266277613927,-5.36587128189348));
#1634=CARTESIAN_POINT('',(-4.4877466249527,5.99266277644948,-5.3658712818936));
#1635=CARTESIAN_POINT('',(-4.17618792147314,6.22585722241253,-5.62537476204212));
#1636=CARTESIAN_POINT('',(-3.5902830551569,6.60090077708537,-6.04249874398598));
#1637=CARTESIAN_POINT('',(-2.48814247697138,7.09703038313401,-6.58108495056971));
#1638=CARTESIAN_POINT('',(-1.48864673263686,7.36068513050983,-6.86479737751659));
#1639=CARTESIAN_POINT('',(-0.621728258630144,7.47065335859959,-6.98441514771807));
#1640=CARTESIAN_POINT('',(-0.226797809866201,7.48895191050187,-7.00268460545125));
#1641=CARTESIAN_POINT('',(0.0135939872569223,7.48877266602625,-7.00384284162082));
#1642=CARTESIAN_POINT('',(0.013593987256838,7.48877266591245,-7.00384284162078));
#1643=CARTESIAN_POINT('',(0.0135939872569223,7.48877266602625,-7.00384284162082));
#1644=CARTESIAN_POINT('',(0.487998963330179,7.4884204875823,-7.00142605721247));
#1645=CARTESIAN_POINT('',(1.28728387780781,7.41180089959852,-6.92295859992054));
#1646=CARTESIAN_POINT('',(2.52229984797479,7.09322543480813,-6.57991957967199));
#1647=CARTESIAN_POINT('',(3.61370774860204,6.59554844269645,-6.0416227510184));
#1648=CARTESIAN_POINT('',(4.20106557018032,6.21965875140139,-5.62425576523912));
#1649=CARTESIAN_POINT('',(4.51225079846176,5.98596681018743,-5.36462827658329));
#1650=CARTESIAN_POINT('',(4.51225079857347,5.98596681033615,-5.36462827658334));
#1651=CARTESIAN_POINT('',(4.51221442079754,5.9860540558234,-5.10076448473379));
#1652=CARTESIAN_POINT('',(4.51221442079754,5.9860540558234,-5.10076448473379));
#1653=CARTESIAN_POINT('',(4.51221442079754,5.9860540558234,-5.10076448473379));
#1654=CARTESIAN_POINT('',(4.59887948194175,5.92095213927837,-5.11093635559695));
#1655=CARTESIAN_POINT('',(4.68383110524638,5.85419867464741,-5.12382841784256));
#1656=CARTESIAN_POINT('',(4.76706829852679,5.78585148306954,-5.13974413247051));
#1657=CARTESIAN_POINT('',(0.00718647906184635,-0.00924097233742677,-1.00136415233721));
#1658=CARTESIAN_POINT('',(-5.99201665233553,-3.90766299312607,-27.7839874115207));
#1659=CARTESIAN_POINT('',(-7.11746377285154,-3.90682566450499,-27.7841428489815));
#1660=CARTESIAN_POINT('',(-5.99149312327466,-3.10421894140934,-27.2465204419545));
#1661=CARTESIAN_POINT('',(-7.11694024379067,-3.10338161278825,-27.2466758794153));
#1662=CARTESIAN_POINT('',(-5.99086254798291,-2.18827170352527,-26.8780778845768));
#1663=CARTESIAN_POINT('',(-7.11630966849892,-2.18743437490419,-26.8782333220376));
#1664=CARTESIAN_POINT('',(-5.99017767930032,-1.23644784372905,-26.7094830075078));
#1665=CARTESIAN_POINT('',(-7.11562479981633,-1.23561051510797,-26.7096384449687));
#1666=CARTESIAN_POINT('',(-5.99017768386933,-1.23644784371683,-26.7094830075582));
#1667=CARTESIAN_POINT('',(-5.99017768386932,-1.23644784371683,-26.7094830075582));
#1668=CARTESIAN_POINT('',(-7.10891239153711,-1.23561550533415,-26.7096375392552));
#1669=CARTESIAN_POINT('',(-5.98831738083188,-0.0155560518769154,-33.6021907318442));
#1670=CARTESIAN_POINT('',(-5.99200727373857,-3.89327539356664,-27.7743884686822));
#1671=CARTESIAN_POINT('',(-5.99200727373857,-3.89327539356664,-27.7743884686822));
#1672=CARTESIAN_POINT('',(-6.11830778083427,-3.71256337066279,-27.6542257770508));
#1673=CARTESIAN_POINT('',(-6.23794480466774,-3.52305251461431,-27.5403180292509));
#1674=CARTESIAN_POINT('',(-6.46131140721417,-3.12626159615301,-27.3275376928426));
#1675=CARTESIAN_POINT('',(-6.56495854313461,-2.91901968042432,-27.2287427830387));
#1676=CARTESIAN_POINT('',(-6.84652005103044,-2.27324565532375,-26.9602466004493));
#1677=CARTESIAN_POINT('',(-6.9939592835438,-1.81358811155944,-26.8194842669803));
#1678=CARTESIAN_POINT('',(-7.09704340727454,-1.2984215959014,-26.7209806803486));
#1679=CARTESIAN_POINT('',(-7.10308928835308,-1.2670445696003,-26.7152029260874));
#1680=CARTESIAN_POINT('',(-7.10891239153711,-1.23561550533415,-26.7096375392552));
#1681=CARTESIAN_POINT('',(4.53467143778629,5.98595637639976,-5.34572617711256));
#1682=CARTESIAN_POINT('',(4.53579419701087,7.49495587627052,-5.34622496680644));
#1683=CARTESIAN_POINT('',(3.28382149400287,5.98653700257144,-6.40476671746246));
#1684=CARTESIAN_POINT('',(3.28494425322745,7.49553650244219,-6.40526550715635));
#1685=CARTESIAN_POINT('',(1.65143834094365,5.98755378238737,-7.00312066688616));
#1686=CARTESIAN_POINT('',(1.65256110016823,7.49655328225813,-7.00361945658004));
#1687=CARTESIAN_POINT('',(0.0124779244093025,5.98877316305891,-7.00334702655364));
#1688=CARTESIAN_POINT('',(0.0136006836338829,7.49777266292966,-7.00384581624752));
#1689=CARTESIAN_POINT('',(0.0124779244093341,5.98877316305971,-7.00334702681572));
#1690=CARTESIAN_POINT('',(0.0124779244093341,5.98877316305971,-7.00334702681572));
#1691=CARTESIAN_POINT('',(0.0115128642823213,5.99108768437909,-0.00334747608985971));
#1692=CARTESIAN_POINT('',(-5.78831743809213,-0.0157048514032492,-33.6021631097716));
#1693=CARTESIAN_POINT('',(-5.98737989388677,-0.0178044443020931,-40.4021902960706));
#1694=CARTESIAN_POINT('',(-5.98737989388677,-0.0178044443020931,-40.4021902960706));
#1695=CARTESIAN_POINT('',(-5.9856720371215,4.48612810204923,-28.5056396648197));
#1696=CARTESIAN_POINT('',(-5.9808367540771,10.0696734660549,-33.4374788930912));
#1697=CARTESIAN_POINT('',(-5.98183695450518,7.4319608940855,-40.4046527661861));
#1698=CARTESIAN_POINT('',(-5.98737989388676,-0.0178044443020931,-40.4021902960706));
#1699=CARTESIAN_POINT('',(-5.78735237800148,-0.0180193727227183,-40.6021626609056));
#1700=CARTESIAN_POINT('',(-5.78174467914468,7.51878334073295,-40.6046539006434));
#1701=CARTESIAN_POINT('',(-5.78066658466708,10.2703622324178,-33.5880845651011));
#1702=CARTESIAN_POINT('',(-5.78548775358086,4.74098951144745,-28.4666153556292));
#1703=CARTESIAN_POINT('',(0.0113640559389477,5.79108775066548,-0.0032813670409193));
#1704=CARTESIAN_POINT('',(0.0103989958482598,5.79340227198494,6.99671818409317));
#1705=CARTESIAN_POINT('',(0.0105753773733848,5.99333607651809,6.79665208827722));
#1706=CARTESIAN_POINT('',(0.0115128643540774,5.99108768437903,-0.00334747605480702));
#1707=CARTESIAN_POINT('',(0.0113640559754308,5.79108775066532,-0.0032813674205657));
#1708=CARTESIAN_POINT('',(6.01280868475019,2.74715891892444,-26.8480918066351));
#1709=CARTESIAN_POINT('',(6.71377432040742,2.74663740300562,-26.847994995051));
#1710=CARTESIAN_POINT('',(6.01308091712665,3.12314131405954,-26.7938081721961));
#1711=CARTESIAN_POINT('',(6.71404655278388,3.12261979814073,-26.793711360612));
#1712=CARTESIAN_POINT('',(6.01333531358925,3.48856124276882,-26.6672824806963));
#1713=CARTESIAN_POINT('',(6.71430094924648,3.48803972685001,-26.6671856691122));
#1714=CARTESIAN_POINT('',(6.0135539070964,3.81761050397704,-26.4774507540405));
#1715=CARTESIAN_POINT('',(6.71451954275363,3.81708898805823,-26.4773539424564));
#1716=CARTESIAN_POINT('',(6.01280868475019,2.74715891892197,-26.848091806618));
#1717=CARTESIAN_POINT('',(6.01280868475019,2.74715891892197,-26.848091806618));
#1718=CARTESIAN_POINT('',(6.70959361076526,2.74664046312887,-26.847995223998));
#1719=CARTESIAN_POINT('',(6.01207965858242,2.31847004422351,-23.87887889455));
#1720=CARTESIAN_POINT('',(6.01355390709638,3.81761050393808,-26.477450753973));
#1721=CARTESIAN_POINT('',(8.01355333449501,3.81612251153738,-26.4771745305708));
#1722=CARTESIAN_POINT('',(6.22797018656248,3.81745097899519,-26.4774211405675));
#1723=CARTESIAN_POINT('',(6.22797018656248,3.81745097899519,-26.4774211405675));
#1724=CARTESIAN_POINT('',(6.25505668637324,3.76708335099748,-26.5064616666679));
#1725=CARTESIAN_POINT('',(6.28082202126763,3.71790988784745,-26.5328712776951));
#1726=CARTESIAN_POINT('',(6.30525688041544,3.67018599487148,-26.5569497438436));
#1727=CARTESIAN_POINT('',(6.30782090750992,3.66517817575929,-26.5594763734929));
#1728=CARTESIAN_POINT('',(6.31037029605359,3.66018629025447,-26.5619773543488));
#1729=CARTESIAN_POINT('',(6.31290504540574,3.65521061335202,-26.5644530425709));
#1730=CARTESIAN_POINT('',(6.32188389824838,3.63758525301336,-26.5732226829346));
#1731=CARTESIAN_POINT('',(6.3306792209422,3.62016334638782,-26.58167472846));
#1732=CARTESIAN_POINT('',(6.33929172557398,3.60295672596675,-26.5898245012668));
#1733=CARTESIAN_POINT('',(6.34286830765581,3.59581119828131,-26.5932089210888));
#1734=CARTESIAN_POINT('',(6.34608600286168,3.58936021399521,-26.5962343521073));
#1735=CARTESIAN_POINT('',(6.34966378214718,3.58216191996261,-26.5995766142234));
#1736=CARTESIAN_POINT('',(6.3509753662161,3.57952308536077,-26.600801859661));
#1737=CARTESIAN_POINT('',(6.35233525054359,3.5767836188942,-26.6020692678937));
#1738=CARTESIAN_POINT('',(6.35377850725533,3.57387172070562,-26.6034105554054));
#1739=CARTESIAN_POINT('',(6.375299373953,3.53045146688381,-26.6234109264453));
#1740=CARTESIAN_POINT('',(6.39613103987281,3.48746493219062,-26.6419559830354));
#1741=CARTESIAN_POINT('',(6.41626749957661,3.44501142251105,-26.6591530985081));
#1742=CARTESIAN_POINT('',(6.42633572942855,3.42378466767127,-26.6677516562445));
#1743=CARTESIAN_POINT('',(6.43623034891994,3.40269108297896,-26.6760133047189));
#1744=CARTESIAN_POINT('',(6.44595172531888,3.38174248615099,-26.6839518031933));
#1745=CARTESIAN_POINT('',(6.45138841667397,3.37002695836951,-26.688391417941));
#1746=CARTESIAN_POINT('',(6.45651171469733,3.35891913758773,-26.6925212834451));
#1747=CARTESIAN_POINT('',(6.46175762515661,3.34747942504364,-26.6966978128573));
#1748=CARTESIAN_POINT('',(6.46589195477327,3.33846372743597,-26.6999893576479));
#1749=CARTESIAN_POINT('',(6.47010226621745,3.32924152177718,-26.7033091393376));
#1750=CARTESIAN_POINT('',(6.47459719084203,3.31934301785451,-26.7068117573174));
#1751=CARTESIAN_POINT('',(6.4946212857691,3.27524693199361,-26.722415301487));
#1752=CARTESIAN_POINT('',(6.51407414739411,3.2313888549354,-26.7367751732911));
#1753=CARTESIAN_POINT('',(6.53295255185172,3.18784131988824,-26.7499601585176));
#1754=CARTESIAN_POINT('',(6.5333038981493,3.1870308559933,-26.7502055444957));
#1755=CARTESIAN_POINT('',(6.53365504566585,3.18622049981253,-26.7504505236701));
#1756=CARTESIAN_POINT('',(6.53400599444776,3.18541025181853,-26.7506950963944));
#1757=CARTESIAN_POINT('',(6.54360999148727,3.16323716065104,-26.757388026647));
#1758=CARTESIAN_POINT('',(6.55306509385576,3.1411450510264,-26.7637765949629));
#1759=CARTESIAN_POINT('',(6.56237142325697,3.119142745351,-26.7698699748495));
#1760=CARTESIAN_POINT('',(6.56777361719892,3.10637071490758,-26.7734070965751));
#1761=CARTESIAN_POINT('',(6.57290907833029,3.09414514718481,-26.7767060073003));
#1762=CARTESIAN_POINT('',(6.57815598285318,3.08157056141607,-26.7800135219098));
#1763=CARTESIAN_POINT('',(6.58194789151458,3.07248297835029,-26.7824038442876));
#1764=CARTESIAN_POINT('',(6.58579779603672,3.06321268992582,-26.7847978283355));
#1765=CARTESIAN_POINT('',(6.58984469090563,3.05341427928346,-26.7872739114296));
#1766=CARTESIAN_POINT('',(6.60883898017363,3.00742498325885,-26.7988955225825));
#1767=CARTESIAN_POINT('',(6.62729307695692,2.96158553161823,-26.8093187359962));
#1768=CARTESIAN_POINT('',(6.64520330231282,2.91596512098721,-26.818593692545));
#1769=CARTESIAN_POINT('',(6.64548520330171,2.91524707090051,-26.8187396772755));
#1770=CARTESIAN_POINT('',(6.64576698012073,2.91452906143293,-26.8188853734692));
#1771=CARTESIAN_POINT('',(6.64604862721245,2.913811091649,-26.8190307876304));
#1772=CARTESIAN_POINT('',(6.65424622067943,2.89291393139548,-26.823263198378));
#1773=CARTESIAN_POINT('',(6.66217141878921,2.872469047966,-26.8271760344352));
#1774=CARTESIAN_POINT('',(6.67004743969303,2.85191767885274,-26.8308909079564));
#1775=CARTESIAN_POINT('',(6.67079380133662,2.84997015308857,-26.8312429434754));
#1776=CARTESIAN_POINT('',(6.67153971315324,2.84802165322624,-26.8315931680464));
#1777=CARTESIAN_POINT('',(6.67228535993503,2.84607169262679,-26.8319416642817));
#1778=CARTESIAN_POINT('',(6.68000219742065,2.8258911870362,-26.835548316758));
#1779=CARTESIAN_POINT('',(6.68768131013694,2.80558165083531,-26.8389682684804));
#1780=CARTESIAN_POINT('',(6.69549822861116,2.78465406411995,-26.8422619441706));
#1781=CARTESIAN_POINT('',(6.69662775201044,2.78163008491853,-26.8427378713245));
#1782=CARTESIAN_POINT('',(6.69776011358884,2.77859320517589,-26.8432110844647));
#1783=CARTESIAN_POINT('',(6.69889582061322,2.77554196676393,-26.8436816607847));
#1784=CARTESIAN_POINT('',(6.70248331796086,2.76590364501838,-26.845168128037));
#1785=CARTESIAN_POINT('',(6.70604925644074,2.75626964894283,-26.8466058957591));
#1786=CARTESIAN_POINT('',(6.70959361076526,2.74664046312887,-26.847995223998));
#1787=CARTESIAN_POINT('',(0.00718647865590588,-0.00924097293458033,-1.00136415233769));
#1788=CARTESIAN_POINT('',(-6.49281166034262,-0.0044049976323526,-1.00226187840018));
#1789=CARTESIAN_POINT('',(-6.99166276595017,-0.00374744749596576,-0.135574424828158));
#1790=CARTESIAN_POINT('',(-6.91887767062211,2.86819395533157,-1.00327043134119));
#1791=CARTESIAN_POINT('',(-6.95738176812142,2.77567764685074,-0.75556700890453));
#1792=CARTESIAN_POINT('',(-6.97800032970454,2.32145561749538,-0.440641833288397));
#1793=CARTESIAN_POINT('',(-6.99115118914708,1.30119899174028,-0.173215183133132));
#1794=CARTESIAN_POINT('',(-6.99402780256206,0.555475353149586,-0.137360036126964));
#1795=CARTESIAN_POINT('',(-6.99166276593586,-0.00374744749598286,-0.135574424853032));
#1796=CARTESIAN_POINT('',(0.00258436153868086,-6.00890833844278,0.000619042758789878));
#1797=CARTESIAN_POINT('',(4.50332229579351,-6.01402921248581,-5.3606617581429));
#1798=CARTESIAN_POINT('',(4.50332229579351,-6.01402921248582,-5.3606617581429));
#1799=CARTESIAN_POINT('',(0.0025843615741232,-6.00890833844293,0.000619042385613996));
#1800=CARTESIAN_POINT('',(-4.49671150527624,-6.00724600119542,-5.09804097160353));
#1801=CARTESIAN_POINT('',(-4.49671150527624,-6.00724600119542,-5.09804097160353));
#1802=CARTESIAN_POINT('',(0.00258436150226346,-6.00890833844287,0.000619042350771641));
#1803=CARTESIAN_POINT('',(0.00258436153866698,-6.00890833844278,0.000619042758782939));
#1804=CARTESIAN_POINT('',(0.0115128643186427,5.99108768437918,-0.00334747568164762));
#1805=CARTESIAN_POINT('',(0.0115128643540983,5.991087684379,-0.00334747614826611));
#1806=CARTESIAN_POINT('',(0.0115128642822372,5.99108768437905,-0.00334747615683348));
#1807=CARTESIAN_POINT('',(0.011512827631413,5.99108768441216,-0.0033474584452825));
#1808=CARTESIAN_POINT('',(-5.98831738083199,-0.0155560521631782,-33.6021907321118));
#1809=CARTESIAN_POINT('',(-5.99252006650645,-4.51350520457415,-27.4026648465254));
#1810=CARTESIAN_POINT('',(-5.99236841420646,-4.5138689150672,-28.5026647759893));
#1811=CARTESIAN_POINT('',(-5.99247211393173,-4.51362020983599,-27.7504868022026));
#1812=CARTESIAN_POINT('',(-5.99247211393173,-4.51362020983599,-27.7504868022026));
#1813=CARTESIAN_POINT('',(-5.99239470319845,-4.41029870307636,-27.7543947889372));
#1814=CARTESIAN_POINT('',(-5.99231736451109,-4.30707989936839,-27.7583355098333));
#1815=CARTESIAN_POINT('',(-5.9921623037502,-4.10014407499536,-27.7663090053059));
#1816=CARTESIAN_POINT('',(-5.99208493099507,-3.99689328125383,-27.7703240605356));
#1817=CARTESIAN_POINT('',(-5.99200727373857,-3.89327539356664,-27.7743884686822));
#1818=CARTESIAN_POINT('',(-5.98831738083171,-0.0155560519446557,-33.6021907314614));
#1819=CARTESIAN_POINT('',(-5.98791690580917,2.32739799864451,-23.8805362349929));
#1820=CARTESIAN_POINT('',(-5.98644265729549,3.82653845834224,-26.4791080943865));
#1821=CARTESIAN_POINT('',(-5.98105522183045,11.936256275323,-21.8005328244215));
#1822=CARTESIAN_POINT('',(-5.98621744366791,4.16555300053213,-26.2835272999565));
#1823=CARTESIAN_POINT('',(-5.98621744366791,4.16555300053213,-26.2835272999565));
#1824=CARTESIAN_POINT('',(-5.98618683844638,4.21961030470774,-26.2139226195947));
#1825=CARTESIAN_POINT('',(-5.98615643457229,4.27344061395153,-26.1440828836086));
#1826=CARTESIAN_POINT('',(-5.98609606804892,4.38056316728581,-26.0041072286113));
#1827=CARTESIAN_POINT('',(-5.98606607483381,4.43390965543335,-25.9339004141747));
#1828=CARTESIAN_POINT('',(-5.98603629770683,4.48700175253566,-25.8635550169735));
#1829=CARTESIAN_POINT('',(-5.98831738083227,-0.0155560523883231,-33.602190731345));
#1830=CARTESIAN_POINT('',(-5.98831738089097,-0.0155561364115894,-33.602190758485));
#1831=CARTESIAN_POINT('',(6.01167918355984,-0.0244840065673491,-33.6005333916983));
#1832=CARTESIAN_POINT('',(6.00744012010952,-4.52234591349105,-27.1371437142624));
#1833=CARTESIAN_POINT('',(6.0075244188975,-4.52254808740911,-27.7485976348201));
#1834=CARTESIAN_POINT('',(6.01261667050507,-0.0267323987062622,-40.4005329556571));
#1835=CARTESIAN_POINT('',(6.01815960988667,7.42303293968127,-40.4029954257726));
#1836=CARTESIAN_POINT('',(6.01915981031473,10.0607455116506,-33.4358215526777));
#1837=CARTESIAN_POINT('',(6.01432452727033,4.47720014764511,-28.5039823244062));
#1838=CARTESIAN_POINT('',(6.01396027511292,4.47807381468444,-25.861847351934));
#1839=CARTESIAN_POINT('',(6.01393044690893,4.42492615137668,-25.9322335134952));
#1840=CARTESIAN_POINT('',(6.01390041786797,4.37152394230439,-26.0024810944493));
#1841=CARTESIAN_POINT('',(6.01383997967023,4.26429001410462,-26.1425377573292));
#1842=CARTESIAN_POINT('',(6.01380953982016,4.21040383287722,-26.2124179868858));
#1843=CARTESIAN_POINT('',(6.01377889859259,4.15629067137299,-26.282062863599));
#1844=CARTESIAN_POINT('',(6.01377889859259,4.15629067137299,-26.282062863599));
#1845=CARTESIAN_POINT('',(6.01894134256144,11.9273283209189,-21.798875484008));
#1846=CARTESIAN_POINT('',(6.01207965858243,2.31847004424486,-23.8788788946961));
#1847=CARTESIAN_POINT('',(6.01167918355998,-0.0244840063352929,-33.600533391349));
#1848=CARTESIAN_POINT('',(6.00798956292524,-3.90177187165934,-27.7724440536946));
#1849=CARTESIAN_POINT('',(6.00798956292524,-3.90177187165934,-27.7724440536946));
#1850=CARTESIAN_POINT('',(6.00791185280528,-4.00547476093463,-27.7683889204544));
#1851=CARTESIAN_POINT('',(6.00783442336208,-4.10880346382764,-27.7643830979716));
#1852=CARTESIAN_POINT('',(6.0076792585198,-4.31588260969982,-27.7564280612419));
#1853=CARTESIAN_POINT('',(6.00760187477449,-4.41916369756271,-27.7524966227645));
#1854=CARTESIAN_POINT('',(6.0075244188975,-4.52254808740911,-27.7485976348201));
#1855=CARTESIAN_POINT('',(6.01167918355138,-0.0244840186028284,-33.6005333954659));
#1856=CARTESIAN_POINT('',(-7.98105464922906,11.9377442677237,-21.8008090478238));
#1857=CARTESIAN_POINT('',(-6.98668089702304,3.82728263200512,-26.4792462390309));
#1858=CARTESIAN_POINT('',(-6.20107905173349,3.82669814704989,-26.4791377381925));
#1859=CARTESIAN_POINT('',(-6.20107905173349,3.82669814704989,-26.4791377381925));
#1860=CARTESIAN_POINT('',(-6.16695974428545,3.88396164599519,-26.4460825320581));
#1861=CARTESIAN_POINT('',(-6.13199123792927,3.94084777799032,-26.413244550666));
#1862=CARTESIAN_POINT('',(-6.06036715321549,4.05381578744302,-26.3480316127584));
#1863=CARTESIAN_POINT('',(-6.02371407060458,4.10989387787295,-26.3156588424306));
#1864=CARTESIAN_POINT('',(-5.98621744366791,4.16555300053213,-26.2835272999565));
#1865=CARTESIAN_POINT('',(8.01894076996009,11.9258403285182,-21.7985992606058));
#1866=CARTESIAN_POINT('',(6.01377889859259,4.15629067137299,-26.282062863599));
#1867=CARTESIAN_POINT('',(6.05115991632544,4.10063241574755,-26.3141514255208));
#1868=CARTESIAN_POINT('',(6.08770342493351,4.04454979620766,-26.3464852820945));
#1869=CARTESIAN_POINT('',(6.15910244138787,3.93158940886366,-26.4116126814054));
#1870=CARTESIAN_POINT('',(6.19396032979096,3.8747078813881,-26.4444083917812));
#1871=CARTESIAN_POINT('',(6.22797018656248,3.81745097899519,-26.4774211405675));
#1872=CARTESIAN_POINT('',(-5.75695983722726,-4.21005326685907,-27.99791348177));
#1873=CARTESIAN_POINT('',(-5.81345201071865,-4.13825114199608,-27.9442159138765));
#1874=CARTESIAN_POINT('',(-5.86885892731541,-4.06492495084965,-27.8915311439808));
#1875=CARTESIAN_POINT('',(-5.99817368835957,-3.88647016070316,-27.768532668295));
#1876=CARTESIAN_POINT('',(-6.07105517202235,-3.77989762462215,-27.6991802989899));
#1877=CARTESIAN_POINT('',(-6.17692167432526,-3.61516600024324,-27.5984036302824));
#1878=CARTESIAN_POINT('',(-6.21163433646778,-3.55944303483128,-27.5653535660861));
#1879=CARTESIAN_POINT('',(-6.27986175099329,-3.44630647890466,-27.5003827034779));
#1880=CARTESIAN_POINT('',(-6.31338040184289,-3.38888484371065,-27.4684581867002));
#1881=CARTESIAN_POINT('',(-6.37915319555668,-3.27230973330408,-27.405803287646));
#1882=CARTESIAN_POINT('',(-6.41146244010091,-3.21304272759493,-27.3750203782608));
#1883=CARTESIAN_POINT('',(-6.47430944639259,-3.09356372844836,-27.3151331242615));
#1884=CARTESIAN_POINT('',(-6.50493685368521,-3.03319761235128,-27.2859433950858));
#1885=CARTESIAN_POINT('',(-6.56451860697603,-2.91128065458664,-27.229150215346));
#1886=CARTESIAN_POINT('',(-6.59348170292208,-2.8497148252842,-27.2015384296477));
#1887=CARTESIAN_POINT('',(-6.64971856293227,-2.72534312738752,-27.1479179483601));
#1888=CARTESIAN_POINT('',(-6.67699236303518,-2.66253728600513,-27.1219092166));
#1889=CARTESIAN_POINT('',(-6.7562205549609,-2.47221547340206,-27.0463458463332));
#1890=CARTESIAN_POINT('',(-6.80558556657568,-2.34279801630968,-26.9992504196699));
#1891=CARTESIAN_POINT('',(-6.87415595056155,-2.14464705095962,-26.9338161307987));
#1892=CARTESIAN_POINT('',(-6.89609923831162,-2.07792545849096,-26.9128734505921));
#1893=CARTESIAN_POINT('',(-6.92759797745504,-1.97680212319701,-26.8828069891508));
#1894=CARTESIAN_POINT('',(-6.93786148606816,-1.94292082521836,-26.8730094650063));
#1895=CARTESIAN_POINT('',(-6.95790790863018,-1.8748049332449,-26.8538718340474));
#1896=CARTESIAN_POINT('',(-6.96769195632204,-1.84056577717753,-26.8445306444262));
#1897=CARTESIAN_POINT('',(-6.98676591679684,-1.77174575550933,-26.8263186939723));
#1898=CARTESIAN_POINT('',(-6.9960686269554,-1.7371134573928,-26.8174357108884));
#1899=CARTESIAN_POINT('',(-7.01409566203421,-1.66779158913124,-26.8002207065311));
#1900=CARTESIAN_POINT('',(-7.02283594214929,-1.63304662109325,-26.7918734524794));
#1901=CARTESIAN_POINT('',(-7.04820936589771,-1.5286548073224,-26.7676390270292));
#1902=CARTESIAN_POINT('',(-7.06402372186041,-1.45874970610785,-26.752531860528));
#1903=CARTESIAN_POINT('',(-7.10809804548553,-1.24828911776855,-26.7104207361855));
#1904=CARTESIAN_POINT('',(-7.13303461571764,-1.10683754788068,-26.6865838987051));
#1905=CARTESIAN_POINT('',(-7.17384215699988,-0.821709718979149,-26.6475537944984));
#1906=CARTESIAN_POINT('',(-7.1897184483055,-0.678016787257825,-26.63235544066));
#1907=CARTESIAN_POINT('',(-7.2065477161459,-0.460735242429036,-26.6162198471798));
#1908=CARTESIAN_POINT('',(-7.21099252875996,-0.388017517644361,-26.6119523422466));
#1909=CARTESIAN_POINT('',(-7.21587908517031,-0.278496805847779,-26.6072494693435));
#1910=CARTESIAN_POINT('',(-7.21721111625822,-0.241915870255018,-26.6059649504904));
#1911=CARTESIAN_POINT('',(-7.219275212518,-0.168604356700068,-26.6039681690741));
#1912=CARTESIAN_POINT('',(-7.22000711287724,-0.131882147740487,-26.6032560669345));
#1913=CARTESIAN_POINT('',(-7.22086475119186,-0.0582529004564151,-26.6024100243548));
#1914=CARTESIAN_POINT('',(-7.22098869751152,-0.0213978137205747,-26.6022778127107));
#1915=CARTESIAN_POINT('',(-7.22062942087033,0.0520793646398704,-26.6025926716332));
#1916=CARTESIAN_POINT('',(-7.22014704963763,0.088766113444951,-26.6030389051639));
#1917=CARTESIAN_POINT('',(-7.21780009026861,0.198591595144516,-26.6052360731183));
#1918=CARTESIAN_POINT('',(-7.21503656671246,0.271556942347652,-26.6078445855697));
#1919=CARTESIAN_POINT('',(-7.20321375678898,0.489636935054249,-26.6190397437252));
#1920=CARTESIAN_POINT('',(-7.19062516401265,0.633994842448589,-26.6309932310375));
#1921=CARTESIAN_POINT('',(-7.13912279943353,1.06399217840431,-26.6799549793716));
#1922=CARTESIAN_POINT('',(-7.08649932002764,1.34661698707963,-26.7300394676706));
#1923=CARTESIAN_POINT('',(-7.01597124187203,1.62527192042854,-26.7971844230009));
#1924=CARTESIAN_POINT('',(-5.97120504575977,-4.54193506059359,-27.7707677303774));
#1925=CARTESIAN_POINT('',(-6.02979178871691,-4.46445244276503,-27.7148948646635));
#1926=CARTESIAN_POINT('',(-6.08725294574469,-4.38532508603764,-27.6600758623231));
#1927=CARTESIAN_POINT('',(-6.22136189039679,-4.19275169328296,-27.5320948755651));
#1928=CARTESIAN_POINT('',(-6.29694517674754,-4.07774739206832,-27.4599332063895));
#1929=CARTESIAN_POINT('',(-6.40673596494642,-3.89998229978883,-27.3550744400417));
#1930=CARTESIAN_POINT('',(-6.44273531126112,-3.83985051896628,-27.3206856592035));
#1931=CARTESIAN_POINT('',(-6.51349157855673,-3.71776247191075,-27.2530831509273));
#1932=CARTESIAN_POINT('',(-6.54825254245193,-3.65579752445297,-27.2198655545311));
#1933=CARTESIAN_POINT('',(-6.61646297347245,-3.52999866425079,-27.1546729133308));
#1934=CARTESIAN_POINT('',(-6.64996958393177,-3.46604223776965,-27.1226432140884));
#1935=CARTESIAN_POINT('',(-6.71514554053685,-3.33710952701577,-27.0603304200443));
#1936=CARTESIAN_POINT('',(-6.74690785477387,-3.27196692558225,-27.0299584822471));
#1937=CARTESIAN_POINT('',(-6.80869728604049,-3.14040315673145,-26.9708651878893));
#1938=CARTESIAN_POINT('',(-6.8387334773206,-3.07396581582826,-26.9421351585858));
#1939=CARTESIAN_POINT('',(-6.89705378644189,-2.93975287566093,-26.8863431747421));
#1940=CARTESIAN_POINT('',(-6.92533794166038,-2.87197730576384,-26.8592811825644));
#1941=CARTESIAN_POINT('',(-7.0075008875003,-2.66659547577162,-26.7806578668647));
#1942=CARTESIAN_POINT('',(-7.05869412865912,-2.52693711994109,-26.7316554445369));
#1943=CARTESIAN_POINT('',(-7.12980343682661,-2.31310601821688,-26.6635718139232));
#1944=CARTESIAN_POINT('',(-7.15255910509112,-2.24110454469592,-26.6417812363903));
#1945=CARTESIAN_POINT('',(-7.18522381776384,-2.13197893821023,-26.6104975550932));
#1946=CARTESIAN_POINT('',(-7.19586721656388,-2.0954164726454,-26.6003033968332));
#1947=CARTESIAN_POINT('',(-7.21665557026202,-2.02191026220142,-26.5803910400159));
#1948=CARTESIAN_POINT('',(-7.22680170084157,-1.98496159422318,-26.5706717148272));
#1949=CARTESIAN_POINT('',(-7.24658147564429,-1.91069548188457,-26.5517225627821));
#1950=CARTESIAN_POINT('',(-7.25622839063398,-1.87332253481933,-26.542480018997));
#1951=CARTESIAN_POINT('',(-7.27492236571039,-1.79851481061254,-26.5245682229311));
#1952=CARTESIAN_POINT('',(-7.28398597146729,-1.76102025167698,-26.5158831212366));
#1953=CARTESIAN_POINT('',(-7.31029791374798,-1.64836720942996,-26.4906678739915));
#1954=CARTESIAN_POINT('',(-7.326697063656,-1.5729299948462,-26.4749493480823));
#1955=CARTESIAN_POINT('',(-7.37240070842898,-1.34581393279077,-26.4311342626814));
#1956=CARTESIAN_POINT('',(-7.39825842359496,-1.19316793565207,-26.4063331896429));
#1957=CARTESIAN_POINT('',(-7.44057169813324,-0.885474780246369,-26.3657249428021));
#1958=CARTESIAN_POINT('',(-7.45703277471155,-0.730409629900194,-26.3499124759333));
#1959=CARTESIAN_POINT('',(-7.47447989807706,-0.495931567379832,-26.3331257250895));
#1960=CARTESIAN_POINT('',(-7.47908741434845,-0.41745862370633,-26.3286861982394));
#1961=CARTESIAN_POINT('',(-7.48415191966347,-0.299269854941041,-26.3237941289688));
#1962=CARTESIAN_POINT('',(-7.48553224765723,-0.259793694722201,-26.322458019088));
#1963=CARTESIAN_POINT('',(-7.48767066416728,-0.180679862056381,-26.3203812494952));
#1964=CARTESIAN_POINT('',(-7.48842858201531,-0.141051220988852,-26.3196407566019));
#1965=CARTESIAN_POINT('',(-7.48931575065132,-0.0615944544049927,-26.3187613661728));
#1966=CARTESIAN_POINT('',(-7.48944314492815,-0.0218223922276734,-26.3186242668333));
#1967=CARTESIAN_POINT('',(-7.48906823523941,0.0574703224616602,-26.3189528241006));
#1968=CARTESIAN_POINT('',(-7.48856681259338,0.0970607495589136,-26.3194176105744));
#1969=CARTESIAN_POINT('',(-7.48612930683404,0.215578724238086,-26.321705225675));
#1970=CARTESIAN_POINT('',(-7.48326092801688,0.294319202177067,-26.3244203853884));
#1971=CARTESIAN_POINT('',(-7.47099247201876,0.529660152491311,-26.3360720363487));
#1972=CARTESIAN_POINT('',(-7.45793211513842,0.685444146341531,-26.3485118083494));
#1973=CARTESIAN_POINT('',(-7.40450469481463,1.14947685066862,-26.3994633304643));
#1974=CARTESIAN_POINT('',(-7.34991915602805,1.45447293798501,-26.4515812128095));
#1975=CARTESIAN_POINT('',(-7.27676457924912,1.75518572268553,-26.5214509251836));
#1976=CARTESIAN_POINT('',(-7.48932128496864,-0.0120317455555349,-26.318738829647));
#1977=CARTESIAN_POINT('',(-7.48973237174752,-0.561625898416738,-26.3185559422983));
#1978=CARTESIAN_POINT('',(-7.4297372233177,-1.10424931848969,-26.3761908632827));
#1979=CARTESIAN_POINT('',(-7.19197222263371,-2.18378765357157,-26.6040787047431));
#1980=CARTESIAN_POINT('',(-7.01124849435695,-2.70648848023186,-26.7771490929588));
#1981=CARTESIAN_POINT('',(-6.55931232398416,-3.67385085591097,-27.2093742925432));
#1982=CARTESIAN_POINT('',(-6.29101385061022,-4.11490520836491,-27.4657496206502));
#1983=CARTESIAN_POINT('',(-5.99247211393173,-4.51362020983599,-27.7504868022026));
#1984=CARTESIAN_POINT('',(-7.01598057511434,1.62527656976885,-26.7971745550818));
#1985=CARTESIAN_POINT('',(-7.10891239153711,-1.23561550533415,-26.7096375392552));
#1986=CARTESIAN_POINT('',(-7.19325319491007,-0.78040246072214,-26.629029454239));
#1987=CARTESIAN_POINT('',(-7.23085939175471,-0.314272831118781,-26.5929720561244));
#1988=CARTESIAN_POINT('',(-7.21216237609205,0.405867088314095,-26.6105343973255));
#1989=CARTESIAN_POINT('',(-7.19168647331067,0.654070429636117,-26.6299725320182));
#1990=CARTESIAN_POINT('',(-7.1235288765453,1.14614789796387,-26.6947967651467));
#1991=CARTESIAN_POINT('',(-7.07596828616149,1.38831391188393,-26.7400632225505));
#1992=CARTESIAN_POINT('',(-7.01598057511434,1.62527656976885,-26.7971745550818));
#1993=CARTESIAN_POINT('',(-6.43314423366338,3.82233505415591,-26.2320367119631));
#1994=CARTESIAN_POINT('',(-6.45533951007194,3.78510800857506,-26.2527516852546));
#1995=CARTESIAN_POINT('',(-6.47739940361182,3.74737489119197,-26.2726530975279));
#1996=CARTESIAN_POINT('',(-6.52121539588143,3.67087605946924,-26.3108256014617));
#1997=CARTESIAN_POINT('',(-6.5429680498077,3.63211640396767,-26.3290937871732));
#1998=CARTESIAN_POINT('',(-6.58615193620095,3.55351426465529,-26.363996007388));
#1999=CARTESIAN_POINT('',(-6.60756920134657,3.51369291470434,-26.3806153366162));
#2000=CARTESIAN_POINT('',(-6.64979035541509,3.43344299902699,-26.4120040863157));
#2001=CARTESIAN_POINT('',(-6.67064290707043,3.39292643049824,-26.4268131646679));
#2002=CARTESIAN_POINT('',(-6.7323301767445,3.27030674188892,-26.4685288649593));
#2003=CARTESIAN_POINT('',(-6.77234409701971,3.18704575363245,-26.4927703909254));
#2004=CARTESIAN_POINT('',(-6.8305576695786,3.0598328111918,-26.5236285816401));
#2005=CARTESIAN_POINT('',(-6.84966230536074,3.01703893400598,-26.5329968566142));
#2006=CARTESIAN_POINT('',(-6.88725189461992,2.93065093352421,-26.5498542328303));
#2007=CARTESIAN_POINT('',(-6.90573687720838,2.88705686658692,-26.5573434909241));
#2008=CARTESIAN_POINT('',(-6.94206688886356,2.79904318818618,-26.5703845768345));
#2009=CARTESIAN_POINT('',(-6.95990253191264,2.75464743848373,-26.5759338931591));
#2010=CARTESIAN_POINT('',(-6.98618841856003,2.68734038729589,-26.582756033713));
#2011=CARTESIAN_POINT('',(-6.99485496975286,2.66482911452232,-26.5847740957818));
#2012=CARTESIAN_POINT('',(-7.01193406961651,2.619820775866,-26.588282158581));
#2013=CARTESIAN_POINT('',(-7.02036182284565,2.59728603796632,-26.5897769991392));
#2014=CARTESIAN_POINT('',(-7.06188857008143,2.48458715116083,-26.5959283182194));
#2015=CARTESIAN_POINT('',(-7.0932635983112,2.39410905524171,-26.5966871252814));
#2016=CARTESIAN_POINT('',(-7.15234184307554,2.21265004704931,-26.5897129719294));
#2017=CARTESIAN_POINT('',(-7.18005341654849,2.12165183407232,-26.5819868644199));
#2018=CARTESIAN_POINT('',(-7.23187547167421,1.93916133087866,-26.5576890170955));
#2019=CARTESIAN_POINT('',(-7.25598567884445,1.84766894059649,-26.5411174740321));
#2020=CARTESIAN_POINT('',(-7.27831486446333,1.75595799489453,-26.5198118282303));
#2021=CARTESIAN_POINT('',(-6.43175888885024,3.82236110023513,-26.2335118153033));
#2022=CARTESIAN_POINT('',(-6.45394941076212,3.78511952671166,-26.2542397881834));
#2023=CARTESIAN_POINT('',(-6.47600457921577,3.74737168417303,-26.2741536895677));
#2024=CARTESIAN_POINT('',(-6.51981118723989,3.67084299975288,-26.3123501487671));
#2025=CARTESIAN_POINT('',(-6.5415591827446,3.6320682190738,-26.3306297988095));
#2026=CARTESIAN_POINT('',(-6.58473382203225,3.55343540744103,-26.3655539223314));
#2027=CARTESIAN_POINT('',(-6.60614650148691,3.5135985185956,-26.382183681308));
#2028=CARTESIAN_POINT('',(-6.64835861645076,3.4333172887728,-26.4135921297521));
#2029=CARTESIAN_POINT('',(-6.66920670427182,3.39278491065222,-26.4284105019884));
#2030=CARTESIAN_POINT('',(-6.73088077024918,3.27011737664267,-26.470152382551));
#2031=CARTESIAN_POINT('',(-6.77088612784812,3.18682390165714,-26.4944091226663));
#2032=CARTESIAN_POINT('',(-6.82908724639222,3.05956132513788,-26.525286681017));
#2033=CARTESIAN_POINT('',(-6.84818779555161,3.01675075155995,-26.5346608359966));
#2034=CARTESIAN_POINT('',(-6.88576934528772,2.93032904667227,-26.5515287931228));
#2035=CARTESIAN_POINT('',(-6.90425037496964,2.88671797174312,-26.5590227522198));
#2036=CARTESIAN_POINT('',(-6.94057261890759,2.79866995588586,-26.5720720244824));
#2037=CARTESIAN_POINT('',(-6.9584044491524,2.75425688602781,-26.5776248245793));
#2038=CARTESIAN_POINT('',(-6.98468471755194,2.68692357674119,-26.5844512484581));
#2039=CARTESIAN_POINT('',(-6.99334941655909,2.66440352185587,-26.586470577681));
#2040=CARTESIAN_POINT('',(-7.01042486668097,2.61937762467168,-26.5899808434433));
#2041=CARTESIAN_POINT('',(-7.01885081910359,2.59683409565885,-26.5914766228486));
#2042=CARTESIAN_POINT('',(-7.0603686939692,2.48409124384138,-26.5976318060902));
#2043=CARTESIAN_POINT('',(-7.09173702163798,2.39357785268515,-26.5983910927904));
#2044=CARTESIAN_POINT('',(-7.15080265541333,2.21204806026973,-26.5914125703526));
#2045=CARTESIAN_POINT('',(-7.17850831666962,2.12101435155643,-26.5836816184197));
#2046=CARTESIAN_POINT('',(-7.23031932233719,1.9384526665452,-26.559368531817));
#2047=CARTESIAN_POINT('',(-7.25442439232503,1.84692459014291,-26.5427865940222));
#2048=CARTESIAN_POINT('',(-7.27674882407753,1.75517787427083,-26.5214675829273));
#2049=CARTESIAN_POINT('',(-6.20107319046713,3.8266982572485,-26.479143979219));
#2050=CARTESIAN_POINT('',(-6.22247200017599,3.78703751085666,-26.5020366255742));
#2051=CARTESIAN_POINT('',(-6.24374035381279,3.74683765582487,-26.5240301964351));
#2052=CARTESIAN_POINT('',(-6.28598431028138,3.66533794160178,-26.5662156532613));
#2053=CARTESIAN_POINT('',(-6.30695659189727,3.62404453732359,-26.5864043277835));
#2054=CARTESIAN_POINT('',(-6.3485914159674,3.54030421340819,-26.6249757596595));
#2055=CARTESIAN_POINT('',(-6.36924049251598,3.4978798093891,-26.6433422658726));
#2056=CARTESIAN_POINT('',(-6.40994742829815,3.41238419146224,-26.6780309219763));
#2057=CARTESIAN_POINT('',(-6.43005220461886,3.36921922201972,-26.6943968989043));
#2058=CARTESIAN_POINT('',(-6.4895276093282,3.23858453826988,-26.7404982819563));
#2059=CARTESIAN_POINT('',(-6.52810712193827,3.14988141818415,-26.7672884611044));
#2060=CARTESIAN_POINT('',(-6.58423441519792,3.01435384368064,-26.8013910913838));
#2061=CARTESIAN_POINT('',(-6.60265446559915,2.96876301002676,-26.811744376716));
#2062=CARTESIAN_POINT('',(-6.63889728509829,2.87672889417607,-26.8303742523325));
#2063=CARTESIAN_POINT('',(-6.65672008225203,2.83028567201604,-26.838651015956));
#2064=CARTESIAN_POINT('',(-6.69174885669733,2.73651983048389,-26.8530634682496));
#2065=CARTESIAN_POINT('',(-6.70894578405021,2.68922263231777,-26.8591963812812));
#2066=CARTESIAN_POINT('',(-6.73429050960335,2.61751686081343,-26.866736058474));
#2067=CARTESIAN_POINT('',(-6.74264678522149,2.5935344208498,-26.8689663924502));
#2068=CARTESIAN_POINT('',(-6.75911448540278,2.54558470194003,-26.8728434925604));
#2069=CARTESIAN_POINT('',(-6.76724057001444,2.52157728894861,-26.8744956074979));
#2070=CARTESIAN_POINT('',(-6.8072810300904,2.40151344426474,-26.8812942455456));
#2071=CARTESIAN_POINT('',(-6.83753358964063,2.30512273913887,-26.882133400936));
#2072=CARTESIAN_POINT('',(-6.89449925900454,2.11180605600358,-26.8744273443684));
#2073=CARTESIAN_POINT('',(-6.92122042613083,2.01486164647205,-26.8658897057762));
#2074=CARTESIAN_POINT('',(-6.97119149134708,1.82044686384483,-26.8390389956718));
#2075=CARTESIAN_POINT('',(-6.99444112483409,1.7229763841785,-26.8207261416024));
#2076=CARTESIAN_POINT('',(-7.01597394934161,1.62527326915032,-26.7971815604274));
#2077=CARTESIAN_POINT('',(-6.20107905173349,3.82669814704989,-26.4791377381925));
#2078=CARTESIAN_POINT('',(-6.83014748566922,2.32703298447573,-26.8806548577413));
#2079=CARTESIAN_POINT('',(-6.81267108902292,2.3833311777047,-26.8806704491138));
#2080=CARTESIAN_POINT('',(-6.79460970996467,2.43947119661509,-26.8790995209094));
#2081=CARTESIAN_POINT('',(-6.74396845658926,2.5914794229548,-26.8705942294811));
#2082=CARTESIAN_POINT('',(-6.71036654843489,2.68659615640611,-26.8606343600709));
#2083=CARTESIAN_POINT('',(-6.60551256356307,2.96758349701211,-26.8177270688016));
#2084=CARTESIAN_POINT('',(-6.5300808474613,3.14943700706987,-26.7718566707777));
#2085=CARTESIAN_POINT('',(-6.37063477020924,3.49982872605117,-26.6483929716226));
#2086=CARTESIAN_POINT('',(-6.28677558156006,3.66786666489261,-26.5708177270631));
#2087=CARTESIAN_POINT('',(-6.20107905173349,3.82669814704989,-26.4791377381925));
#2088=CARTESIAN_POINT('',(-6.20107905173349,3.82669814704988,-26.4791377381925));
#2089=CARTESIAN_POINT('',(-6.0685701731664,4.0490919350721,-26.3507615012964));
#2090=CARTESIAN_POINT('',(-5.9241077059378,4.26435901483561,-26.2264899475547));
#2091=CARTESIAN_POINT('',(-5.76852608130169,4.47126225749492,-26.1070372615905));
#2092=CARTESIAN_POINT('',(-6.43175888885032,3.82236110023506,-26.2335118153031));
#2093=CARTESIAN_POINT('',(-6.29433157635086,4.05300697059554,-26.1051376288407));
#2094=CARTESIAN_POINT('',(-6.14450706495058,4.27626169094794,-25.9808679769372));
#2095=CARTESIAN_POINT('',(-5.98315075764717,4.49084222788692,-25.8614170333078));
#2096=CARTESIAN_POINT('',(-6.43314317718772,3.82233507401881,-26.2320378368892));
#2097=CARTESIAN_POINT('',(-6.29568634962178,4.05303046436111,-26.1036636627313));
#2098=CARTESIAN_POINT('',(-6.14582966109104,4.27633311780489,-25.9793940222406));
#2099=CARTESIAN_POINT('',(-5.98443870045179,4.49095972547578,-25.8599430890668));
#2100=CARTESIAN_POINT('',(7.03966429416419,1.61481457124989,-26.7952431868005));
#2101=CARTESIAN_POINT('',(7.10976206274171,1.33606073020227,-26.7280801859798));
#2102=CARTESIAN_POINT('',(7.16195365427399,1.0533635218582,-26.6779818314283));
#2103=CARTESIAN_POINT('',(7.21280582897613,0.623298209140139,-26.6290058278008));
#2104=CARTESIAN_POINT('',(7.22517727686007,0.478924411039324,-26.6170486805757));
#2105=CARTESIAN_POINT('',(7.23667378230486,0.26083104930742,-26.6058497298463));
#2106=CARTESIAN_POINT('',(7.23932841782234,0.187862978660355,-26.6032402363166));
#2107=CARTESIAN_POINT('',(7.24151191781166,0.0780360909268746,-26.6010420304593));
#2108=CARTESIAN_POINT('',(7.24193975849681,0.0413493091238389,-26.6005955233757));
#2109=CARTESIAN_POINT('',(7.24218996587012,-0.0321270208478606,-26.6002802635265));
#2110=CARTESIAN_POINT('',(7.24201138462192,-0.0689812538495907,-26.6004123481845));
#2111=CARTESIAN_POINT('',(7.24104474439503,-0.14260778406135,-26.6012582836672));
#2112=CARTESIAN_POINT('',(7.24025855327817,-0.179328200460707,-26.6019704057947));
#2113=CARTESIAN_POINT('',(7.23808621735657,-0.252635233247051,-26.6039673727162));
#2114=CARTESIAN_POINT('',(7.23670024971745,-0.289213486904522,-26.605252057096));
#2115=CARTESIAN_POINT('',(7.23165242731379,-0.398724842126837,-26.6099556428308));
#2116=CARTESIAN_POINT('',(7.22710082881964,-0.471434581763288,-26.6142239112853));
#2117=CARTESIAN_POINT('',(7.20995333364705,-0.688687026111797,-26.6303626455947));
#2118=CARTESIAN_POINT('',(7.19386772954588,-0.832353701878105,-26.6455642263933));
#2119=CARTESIAN_POINT('',(7.15264706002431,-1.11741568498523,-26.6846029922831));
#2120=CARTESIAN_POINT('',(7.12750664674381,-1.25882767194478,-26.7084452696886));
#2121=CARTESIAN_POINT('',(7.08313067880492,-1.46921901796484,-26.7505661683744));
#2122=CARTESIAN_POINT('',(7.06721639972201,-1.53909940651093,-26.7656768726631));
#2123=CARTESIAN_POINT('',(7.04169417534535,-1.64345168469665,-26.7899169983138));
#2124=CARTESIAN_POINT('',(7.0329044380231,-1.67818305792599,-26.798266221342));
#2125=CARTESIAN_POINT('',(7.01477885836521,-1.7474769541621,-26.815485302278));
#2126=CARTESIAN_POINT('',(7.00542699393625,-1.78209480624532,-26.8243703856776));
#2127=CARTESIAN_POINT('',(6.98625551149097,-1.85088518686992,-26.8425866331912));
#2128=CARTESIAN_POINT('',(6.9764230099609,-1.88510917433228,-26.8519300346891));
#2129=CARTESIAN_POINT('',(6.95628033238337,-1.95319401342985,-26.8710722008956));
#2130=CARTESIAN_POINT('',(6.94596901411751,-1.98705943257249,-26.8808720505458));
#2131=CARTESIAN_POINT('',(6.91432778193142,-2.08813409261655,-26.9109456587427));
#2132=CARTESIAN_POINT('',(6.89229074651033,-2.15482185015816,-26.9318933304073));
#2133=CARTESIAN_POINT('',(6.82344273377588,-2.35286729007681,-26.9973432492531));
#2134=CARTESIAN_POINT('',(6.77389745210347,-2.48220903983566,-27.044449969563));
#2135=CARTESIAN_POINT('',(6.69440565484285,-2.67240968651091,-27.1200315042666));
#2136=CARTESIAN_POINT('',(6.66704512082718,-2.73517387036308,-27.146046495035));
#2137=CARTESIAN_POINT('',(6.6106370038597,-2.8594597727465,-27.1996798901886));
#2138=CARTESIAN_POINT('',(6.58158938492562,-2.92098146401395,-27.2272983307582));
#2139=CARTESIAN_POINT('',(6.52184074562493,-3.04280771400543,-27.2841052046064));
#2140=CARTESIAN_POINT('',(6.49113096002964,-3.1031272377708,-27.3133019703559));
#2141=CARTESIAN_POINT('',(6.4281213738109,-3.22251075185192,-27.3732036819066));
#2142=CARTESIAN_POINT('',(6.39573174863799,-3.28172867261975,-27.403994005442));
#2143=CARTESIAN_POINT('',(6.32980144036648,-3.39820375258973,-27.4666638870991));
#2144=CARTESIAN_POINT('',(6.29620542770753,-3.45557448791081,-27.4985960538248));
#2145=CARTESIAN_POINT('',(6.2278260812593,-3.5686074736487,-27.5635824536159));
#2146=CARTESIAN_POINT('',(6.19303882781572,-3.62427778118998,-27.5966404156235));
#2147=CARTESIAN_POINT('',(6.08695250424637,-3.78884891210031,-27.6974411419452));
#2148=CARTESIAN_POINT('',(6.01392974177108,-3.89531109401032,-27.7668100353905));
#2149=CARTESIAN_POINT('',(5.88440172917055,-4.07354024860458,-27.889816995988));
#2150=CARTESIAN_POINT('',(5.82892141506709,-4.14675392800469,-27.9424926771862));
#2151=CARTESIAN_POINT('',(5.77235913876258,-4.21844315734961,-27.9961805636397));
#2152=CARTESIAN_POINT('',(7.30078291701613,1.744418627708,-26.519333844908));
#2153=CARTESIAN_POINT('',(7.37347587665243,1.44359014051834,-26.449444394612));
#2154=CARTESIAN_POINT('',(7.42759737759292,1.13850564784145,-26.3973113663205));
#2155=CARTESIAN_POINT('',(7.48032509603099,0.674382168956017,-26.3463443078523));
#2156=CARTESIAN_POINT('',(7.49315158752579,0.518574885585348,-26.3339005554686));
#2157=CARTESIAN_POINT('',(7.50506832883842,0.283209781395073,-26.3222447960997));
#2158=CARTESIAN_POINT('',(7.50781929286885,0.204463035613566,-26.3195285775269));
#2159=CARTESIAN_POINT('',(7.51008046700767,0.0859384199013366,-26.3172398499048));
#2160=CARTESIAN_POINT('',(7.51052305285613,0.046346226796945,-26.3167747720219));
#2161=CARTESIAN_POINT('',(7.5107802558825,-0.0329490759466144,-26.3164457922807));
#2162=CARTESIAN_POINT('',(7.51059388788747,-0.0727219931696606,-26.31658276097));
#2163=CARTESIAN_POINT('',(7.50958903654558,-0.152179414533112,-26.3174620512268));
#2164=CARTESIAN_POINT('',(7.50877249206894,-0.191807929112595,-26.3182025746765));
#2165=CARTESIAN_POINT('',(7.50651716721748,-0.270920573385773,-26.3202795649806));
#2166=CARTESIAN_POINT('',(7.50507857085095,-0.310395678057998,-26.321615865024));
#2167=CARTESIAN_POINT('',(7.49983981153898,-0.42857991063712,-26.3265087419189));
#2168=CARTESIAN_POINT('',(7.4951168606651,-0.507048004395525,-26.3309491233287));
#2169=CARTESIAN_POINT('',(7.47732559295311,-0.741506141400079,-26.347739370143));
#2170=CARTESIAN_POINT('',(7.46063796442177,-0.896550844985425,-26.3635554100371));
#2171=CARTESIAN_POINT('',(7.41787715801652,-1.20418917491425,-26.404173223375));
#2172=CARTESIAN_POINT('',(7.39179843310387,-1.35680080192823,-26.4289802953702));
#2173=CARTESIAN_POINT('',(7.34576745497595,-1.58385499408018,-26.4728061497953));
#2174=CARTESIAN_POINT('',(7.32925982411037,-1.65926988253121,-26.4885285716577));
#2175=CARTESIAN_POINT('',(7.30278626445815,-1.77188685460439,-26.5137500947576));
#2176=CARTESIAN_POINT('',(7.29366892938299,-1.80936895605606,-26.5224373639464));
#2177=CARTESIAN_POINT('',(7.27486787341458,-1.88415094703356,-26.5403536466723));
#2178=CARTESIAN_POINT('',(7.26516753352642,-1.92151054774306,-26.5495985022586));
#2179=CARTESIAN_POINT('',(7.24528173851707,-1.99574916704396,-26.5685523846104));
#2180=CARTESIAN_POINT('',(7.23508291969005,-2.03268372010541,-26.578274144224));
#2181=CARTESIAN_POINT('',(7.21418987477029,-2.10616094089365,-26.5981914924031));
#2182=CARTESIAN_POINT('',(7.20349446388632,-2.14270853787468,-26.6083882098369));
#2183=CARTESIAN_POINT('',(7.17067469702885,-2.25178843691229,-26.639679755412));
#2184=CARTESIAN_POINT('',(7.14781696852446,-2.32375797011487,-26.6614758247731));
#2185=CARTESIAN_POINT('',(7.07640527218148,-2.53748898656145,-26.7295766502449));
#2186=CARTESIAN_POINT('',(7.02501549222562,-2.67707493716202,-26.7785914944514));
#2187=CARTESIAN_POINT('',(6.94256487358377,-2.88234009352661,-26.8572347867664));
#2188=CARTESIAN_POINT('',(6.91418601796502,-2.95007542643301,-26.8843036620045));
#2189=CARTESIAN_POINT('',(6.85567862808659,-3.08420526186306,-26.9401098467401));
#2190=CARTESIAN_POINT('',(6.82555005650867,-3.15059973496446,-26.9688471938898));
#2191=CARTESIAN_POINT('',(6.76357813132146,-3.28207518917221,-27.0279555462831));
#2192=CARTESIAN_POINT('',(6.73172568641437,-3.347172320648,-27.0583352216174));
#2193=CARTESIAN_POINT('',(6.66637175677989,-3.47601164833504,-27.1206639122355));
#2194=CARTESIAN_POINT('',(6.63277710598686,-3.53991996727939,-27.1527017646272));
#2195=CARTESIAN_POINT('',(6.5643940496249,-3.6656205826878,-27.2179108882332));
#2196=CARTESIAN_POINT('',(6.52954825562241,-3.72753545101953,-27.2511368994314));
#2197=CARTESIAN_POINT('',(6.45862529467938,-3.84952142169347,-27.3187565002275));
#2198=CARTESIAN_POINT('',(6.42254406222938,-3.9096012193213,-27.3531539698417));
#2199=CARTESIAN_POINT('',(6.31251181585006,-4.08720763373668,-27.4580392046698));
#2200=CARTESIAN_POINT('',(6.23677315609495,-4.20210251338765,-27.530219055855));
#2201=CARTESIAN_POINT('',(6.10242800814052,-4.39444905180151,-27.658210624134));
#2202=CARTESIAN_POINT('',(6.04488448386553,-4.47346196981612,-27.713020920241));
#2203=CARTESIAN_POINT('',(5.98621885357283,-4.55082972948449,-27.7688844773759));
#2204=CARTESIAN_POINT('',(7.24211193936234,-0.0230856406915839,-26.6003634229726));
#2205=CARTESIAN_POINT('',(7.24178362522973,-0.468099651904868,-26.6002148900299));
#2206=CARTESIAN_POINT('',(7.19699227733311,-0.908568864605285,-26.6425091402566));
#2207=CARTESIAN_POINT('',(7.0129306714866,-1.82266172223121,-26.8171785659829));
#2208=CARTESIAN_POINT('',(6.86486804692862,-2.28230591920184,-26.9579523185228));
#2209=CARTESIAN_POINT('',(6.58239116698136,-2.92794960249908,-27.2265357643117));
#2210=CARTESIAN_POINT('',(6.47844471085658,-3.13512696963959,-27.3253699429311));
#2211=CARTESIAN_POINT('',(6.25449157750244,-3.53175857565198,-27.5382490865568));
#2212=CARTESIAN_POINT('',(6.13456782202027,-3.72117308941185,-27.6522158993276));
#2213=CARTESIAN_POINT('',(6.00798956292524,-3.90177187165934,-27.7724440536946));
#2214=CARTESIAN_POINT('',(7.30076892098559,1.74441168089463,-26.5193486337252));
#2215=CARTESIAN_POINT('',(6.0075244188975,-4.52254808740911,-27.7485976348201));
#2216=CARTESIAN_POINT('',(6.30645569550528,-4.12444385062146,-27.4639251035297));
#2217=CARTESIAN_POINT('',(6.57523769434441,-3.68399345820658,-27.2075954374368));
#2218=CARTESIAN_POINT('',(7.02837286683709,-2.71778732348961,-26.7753968466555));
#2219=CARTESIAN_POINT('',(7.20981229991612,-2.19562652695511,-26.6023033441403));
#2220=CARTESIAN_POINT('',(7.4493710335757,-1.11629639158739,-26.3741276238965));
#2221=CARTESIAN_POINT('',(7.51026527943483,-0.573285041254056,-26.3163765937608));
#2222=CARTESIAN_POINT('',(7.51067457212224,-0.0231916527878469,-26.3165585882962));
#2223=CARTESIAN_POINT('',(7.30233572231739,1.74518934970296,-26.5176930830042));
#2224=CARTESIAN_POINT('',(7.29123734591621,1.79107990439682,-26.5283542290427));
#2225=CARTESIAN_POINT('',(7.27965014744131,1.8370911907105,-26.537866900927));
#2226=CARTESIAN_POINT('',(7.26153159298862,1.90623473640213,-26.5504367815841));
#2227=CARTESIAN_POINT('',(7.25536586170215,1.92931480885292,-26.5543446815581));
#2228=CARTESIAN_POINT('',(7.2427816556155,1.97553006691292,-26.5615998508729));
#2229=CARTESIAN_POINT('',(7.23636788290771,1.99864685538809,-26.564943513465));
#2230=CARTESIAN_POINT('',(7.21681688777569,2.06782030572234,-26.5741061604432));
#2231=CARTESIAN_POINT('',(7.20334951152519,2.11378042601,-26.579073264436));
#2232=CARTESIAN_POINT('',(7.17555309852215,2.20538001644722,-26.5868029150702));
#2233=CARTESIAN_POINT('',(7.16122374884061,2.25102139266184,-26.589566034973));
#2234=CARTESIAN_POINT('',(7.11694572068942,2.38747229943638,-26.5946484592122));
#2235=CARTESIAN_POINT('',(7.08570749053407,2.47780880617269,-26.5937667113309));
#2236=CARTESIAN_POINT('',(7.03627600236896,2.61237132804557,-26.5862860448189));
#2237=CARTESIAN_POINT('',(7.01936970433753,2.65706840774022,-26.5827642837298));
#2238=CARTESIAN_POINT('',(6.98469829203555,2.74614835660562,-26.5736837399154));
#2239=CARTESIAN_POINT('',(6.96693157781499,2.79053431229655,-26.5681238234542));
#2240=CARTESIAN_POINT('',(6.93964111658455,2.85686799325978,-26.5582639189103));
#2241=CARTESIAN_POINT('',(6.93042652437527,2.87896332337854,-26.5547185456353));
#2242=CARTESIAN_POINT('',(6.91182986775435,2.92296290371248,-26.5471393472022));
#2243=CARTESIAN_POINT('',(6.90246278281745,2.94483267759783,-26.543112315192));
#2244=CARTESIAN_POINT('',(6.87416242064585,3.01005125750938,-26.5303324445675));
#2245=CARTESIAN_POINT('',(6.85500733098742,3.05306642618637,-26.520874295399));
#2246=CARTESIAN_POINT('',(6.81617789725202,3.13812568779084,-26.5001565783219));
#2247=CARTESIAN_POINT('',(6.79649812466978,3.18018302049262,-26.488895058578));
#2248=CARTESIAN_POINT('',(6.75663273574558,3.26338332617795,-26.4646146936311));
#2249=CARTESIAN_POINT('',(6.73644708436077,3.30452623415791,-26.4515957222917));
#2250=CARTESIAN_POINT('',(6.67516775482396,3.42662067172432,-26.4099532475103));
#2251=CARTESIAN_POINT('',(6.63335102369427,3.50623975224874,-26.3787499873713));
#2252=CARTESIAN_POINT('',(6.54799009576075,3.66206409006931,-26.3095662116641));
#2253=CARTESIAN_POINT('',(6.50444536452278,3.73826848510319,-26.2715841162402));
#2254=CARTESIAN_POINT('',(6.46014561863847,3.81280160152789,-26.2301624769841));
#2255=CARTESIAN_POINT('',(7.30076892098559,1.74441168089463,-26.5193486337252));
#2256=CARTESIAN_POINT('',(7.28967295113926,1.79032011353922,-26.5300164627359));
#2257=CARTESIAN_POINT('',(7.27808826417171,1.83634932472379,-26.5395350970739));
#2258=CARTESIAN_POINT('',(7.25997363535901,1.9055198068665,-26.5521128554318));
#2259=CARTESIAN_POINT('',(7.25380923971994,1.92860887065753,-26.556023204349));
#2260=CARTESIAN_POINT('',(7.24122775919392,1.97484213280629,-26.5632829198258));
#2261=CARTESIAN_POINT('',(7.23481537538036,1.99796792686292,-26.5666286773762));
#2262=CARTESIAN_POINT('',(7.21526861328984,2.06716832492584,-26.575797064486));
#2263=CARTESIAN_POINT('',(7.2018041519833,2.11314634965646,-26.5807672792261));
#2264=CARTESIAN_POINT('',(7.17401375361004,2.20478162380636,-26.5885017683334));
#2265=CARTESIAN_POINT('',(7.15968750368249,2.25044078003333,-26.5912666163216));
#2266=CARTESIAN_POINT('',(7.11541905138143,2.38694484209994,-26.5963522129531));
#2267=CARTESIAN_POINT('',(7.0841875738194,2.47731653944781,-26.5954699012058));
#2268=CARTESIAN_POINT('',(7.03476676650278,2.61193147936944,-26.587984525651));
#2269=CARTESIAN_POINT('',(7.01786412077099,2.65664597041438,-26.5844605498372));
#2270=CARTESIAN_POINT('',(6.98320019722137,2.74576061930485,-26.575374298649));
#2271=CARTESIAN_POINT('',(6.96543731979857,2.79016386487274,-26.5698108888271));
#2272=CARTESIAN_POINT('',(6.93815275107636,2.85652338490672,-26.5599447906532));
#2273=CARTESIAN_POINT('',(6.92894014830454,2.87862732182134,-26.5563971905125));
#2274=CARTESIAN_POINT('',(6.91034750640003,2.92264404124528,-26.5488132319317));
#2275=CARTESIAN_POINT('',(6.90098244350878,2.94452233399537,-26.5447836709053));
#2276=CARTESIAN_POINT('',(6.87268818999874,3.00976631819249,-26.5319957748896));
#2277=CARTESIAN_POINT('',(6.85353723438431,3.05279824222584,-26.5225316868966));
#2278=CARTESIAN_POINT('',(6.81471617966133,3.13789063601799,-26.5018009621336));
#2279=CARTESIAN_POINT('',(6.79504065321964,3.17996435070842,-26.4905323723025));
#2280=CARTESIAN_POINT('',(6.75518386465008,3.26319706395108,-26.4662367648018));
#2281=CARTESIAN_POINT('',(6.73500256748684,3.30435599747439,-26.4532096209168));
#2282=CARTESIAN_POINT('',(6.67373645492862,3.42649799157111,-26.4115410065647));
#2283=CARTESIAN_POINT('',(6.63192874101691,3.50614808369795,-26.3803181611077));
#2284=CARTESIAN_POINT('',(6.54658621637123,3.66203311409511,-26.3110909633746));
#2285=CARTESIAN_POINT('',(6.50305087131739,3.73826718976699,-26.2730850302519));
#2286=CARTESIAN_POINT('',(6.45876067269331,3.81282933545483,-26.2316373956715));
#2287=CARTESIAN_POINT('',(7.03967364697613,1.61481921344028,-26.795233304211));
#2288=CARTESIAN_POINT('',(7.02897871080669,1.66370686773276,-26.8070147986351));
#2289=CARTESIAN_POINT('',(7.01781254703487,1.71272311944447,-26.8175270295638));
#2290=CARTESIAN_POINT('',(7.0003520956395,1.78638235196807,-26.8314175456009));
#2291=CARTESIAN_POINT('',(6.99441027526667,1.81096975278311,-26.8357359918787));
#2292=CARTESIAN_POINT('',(6.98228298825411,1.86020325650289,-26.8437532899462));
#2293=CARTESIAN_POINT('',(6.97610205287643,1.8848297607719,-26.8474481560211));
#2294=CARTESIAN_POINT('',(6.95726069427737,1.95852078853858,-26.8575730914862));
#2295=CARTESIAN_POINT('',(6.94428198574476,2.00748244963855,-26.8630616881068));
#2296=CARTESIAN_POINT('',(6.91749387871416,2.10506413738449,-26.8716024711927));
#2297=CARTESIAN_POINT('',(6.90368417871431,2.15368619458845,-26.8746552911748));
#2298=CARTESIAN_POINT('',(6.8610114674717,2.29904817326839,-26.8802695423433));
#2299=CARTESIAN_POINT('',(6.8309052571441,2.39528411273885,-26.8792932667152));
#2300=CARTESIAN_POINT('',(6.78326433028079,2.53863411340022,-26.871023165754));
#2301=CARTESIAN_POINT('',(6.76697031191967,2.58625007075479,-26.8671301232654));
#2302=CARTESIAN_POINT('',(6.73355433079254,2.68114720933814,-26.8570927825573));
#2303=CARTESIAN_POINT('',(6.71643082591908,2.72843167862582,-26.850947231302));
#2304=CARTESIAN_POINT('',(6.69012819793294,2.79909707913101,-26.8400490127838));
#2305=CARTESIAN_POINT('',(6.68124711946222,2.82263527173471,-26.8361303227772));
#2306=CARTESIAN_POINT('',(6.66332349886924,2.86950808740316,-26.8277531225448));
#2307=CARTESIAN_POINT('',(6.65429539418239,2.89280598280358,-26.8233021206084));
#2308=CARTESIAN_POINT('',(6.62701910167993,2.96228339390076,-26.8091768554902));
#2309=CARTESIAN_POINT('',(6.60855705239357,3.00810746794757,-26.7987231084967));
#2310=CARTESIAN_POINT('',(6.5711322950177,3.09872108350978,-26.7758247539114));
#2311=CARTESIAN_POINT('',(6.55216435492254,3.14352472938315,-26.7633779889415));
#2312=CARTESIAN_POINT('',(6.51374074866238,3.23215791037502,-26.736542328228));
#2313=CARTESIAN_POINT('',(6.4942850487096,3.27598737624139,-26.7221532930833));
#2314=CARTESIAN_POINT('',(6.43522144298822,3.40605429678532,-26.6761287222847));
#2315=CARTESIAN_POINT('',(6.39491637842484,3.49087223161491,-26.6416421356778));
#2316=CARTESIAN_POINT('',(6.31264061877479,3.65687120855846,-26.5651789945557));
#2317=CARTESIAN_POINT('',(6.27066940841296,3.73805133205002,-26.5232006940454));
#2318=CARTESIAN_POINT('',(6.22797018656248,3.81745097899519,-26.4774211405675));
#2319=CARTESIAN_POINT('',(7.03810643246558,1.61404133955411,-26.7968892915147));
#2320=CARTESIAN_POINT('',(7.02741390348562,1.6629468765119,-26.8086774706733));
#2321=CARTESIAN_POINT('',(7.01625025188346,1.71198105782144,-26.819195665628));
#2322=CARTESIAN_POINT('',(6.9987937271633,1.78566723389948,-26.8330940614435));
#2323=CARTESIAN_POINT('',(6.99285324279009,1.81026362842586,-26.8374149573102));
#2324=CARTESIAN_POINT('',(6.98072868205692,1.85951514098223,-26.8454368027386));
#2325=CARTESIAN_POINT('',(6.97454913593973,1.88415065320755,-26.8491337643242));
#2326=CARTESIAN_POINT('',(6.95571201149846,1.95786863580925,-26.8592644414346));
#2327=CARTESIAN_POINT('',(6.94273621867851,2.00684820607371,-26.8647561496229));
#2328=CARTESIAN_POINT('',(6.9159541278638,2.10446558694243,-26.8733017724579));
#2329=CARTESIAN_POINT('',(6.90214752843536,2.15310542884749,-26.876356320981));
#2330=CARTESIAN_POINT('',(6.85948439556811,2.29852057683699,-26.8819737453784));
#2331=CARTESIAN_POINT('',(6.82938493961455,2.39479171619908,-26.8809969057356));
#2332=CARTESIAN_POINT('',(6.78175469641636,2.53819414873227,-26.8727220944899));
#2333=CARTESIAN_POINT('',(6.76546433131803,2.58582752202867,-26.8688268366925));
#2334=CARTESIAN_POINT('',(6.7320558409181,2.68075936978777,-26.8587837871056));
#2335=CARTESIAN_POINT('',(6.71493617385419,2.72806113351189,-26.8526347415683));
#2336=CARTESIAN_POINT('',(6.6886394399302,2.79875237990181,-26.8417303277867));
#2337=CARTESIAN_POINT('',(6.67976035142156,2.82229918157105,-26.8378094103272));
#2338=CARTESIAN_POINT('',(6.6618407466037,2.86918914084922,-26.8294274486919));
#2339=CARTESIAN_POINT('',(6.65281466449574,2.89249555736088,-26.8249739170723));
#2340=CARTESIAN_POINT('',(6.62554448226574,2.96199837944297,-26.8108406244466));
#2341=CARTESIAN_POINT('',(6.60708656811356,3.00783921326467,-26.8003809370624));
#2342=CARTESIAN_POINT('',(6.56967019195973,3.0984859697518,-26.777469571361));
#2343=CARTESIAN_POINT('',(6.55070649912486,3.14330600193388,-26.7650157344395));
#2344=CARTESIAN_POINT('',(6.51229149548732,3.23197159902924,-26.7381648271525));
#2345=CARTESIAN_POINT('',(6.49284015090437,3.27581709466502,-26.7237676173071));
#2346=CARTESIAN_POINT('',(6.43378976564701,3.40593158428031,-26.6777169000446));
#2347=CARTESIAN_POINT('',(6.39349372067953,3.49078053889034,-26.6432107229548));
#2348=CARTESIAN_POINT('',(6.31123636917041,3.65684022441564,-26.5667041483561));
#2349=CARTESIAN_POINT('',(6.26927454746793,3.73805003637224,-26.5247020038607));
#2350=CARTESIAN_POINT('',(6.22658487539539,3.8174787202358,-26.4788964482034));
#2351=CARTESIAN_POINT('',(6.70959361076526,2.74664046312887,-26.847995223998));
#2352=CARTESIAN_POINT('',(6.72348175210722,2.70890961532228,-26.853439145566));
#2353=CARTESIAN_POINT('',(6.73703849608474,2.6712526229896,-26.8581393402292));
#2354=CARTESIAN_POINT('',(6.75026232135658,2.6336986400466,-26.8621114529108));
#2355=CARTESIAN_POINT('',(6.75037929192038,2.63336645851318,-26.8621465879984));
#2356=CARTESIAN_POINT('',(6.7504962365378,2.63303428488207,-26.8621816661982));
#2357=CARTESIAN_POINT('',(6.75061315521008,2.63270211917016,-26.86221668752));
#2358=CARTESIAN_POINT('',(6.75915082658534,2.6084466120437,-26.8647740252972));
#2359=CARTESIAN_POINT('',(6.76743524933856,2.58456449895155,-26.8669972665052));
#2360=CARTESIAN_POINT('',(6.77564412530902,2.5605579281817,-26.8689437878443));
#2361=CARTESIAN_POINT('',(6.7834999941236,2.537583714497,-26.8708066027218));
#2362=CARTESIAN_POINT('',(6.79128657550306,2.51449547640106,-26.8724157511806));
#2363=CARTESIAN_POINT('',(6.79914467184047,2.49085079092238,-26.8737798289555));
#2364=CARTESIAN_POINT('',(6.81521397176595,2.44249893491484,-26.8765692799811));
#2365=CARTESIAN_POINT('',(6.83077732619091,2.39422681929582,-26.8781805940775));
#2366=CARTESIAN_POINT('',(6.84582998712701,2.34608975681456,-26.8786315874667));
#2367=CARTESIAN_POINT('',(6.85360251762993,2.32123389989684,-26.8788644605705));
#2368=CARTESIAN_POINT('',(6.86114105680383,2.29673260849767,-26.8787891415654));
#2369=CARTESIAN_POINT('',(6.86859961771691,2.27210096409441,-26.8784124763949));
#2370=CARTESIAN_POINT('',(6.87558566894816,2.24902976688648,-26.8780596734602));
#2371=CARTESIAN_POINT('',(6.88250141107496,2.22584415121699,-26.8774421695399));
#2372=CARTESIAN_POINT('',(6.88945996726304,2.20214019769506,-26.8765266795748));
#2373=CARTESIAN_POINT('',(6.90114529653435,2.1623347417283,-26.8749893201862));
#2374=CARTESIAN_POINT('',(6.91242411962746,2.12285364326101,-26.8726754212627));
#2375=CARTESIAN_POINT('',(6.92339585884513,2.08339164465241,-26.8695817341096));
#2376=CARTESIAN_POINT('',(6.92590904955963,2.07435246439914,-26.8688730929658));
#2377=CARTESIAN_POINT('',(6.92840606399753,2.06531425987214,-26.8681233276803));
#2378=CARTESIAN_POINT('',(6.93088798405451,2.05627331602226,-26.8673320222987));
#2379=CARTESIAN_POINT('',(6.94155415172693,2.01741943644252,-26.8639313503643));
#2380=CARTESIAN_POINT('',(6.95194274135004,1.97851409028543,-26.8597671720898));
#2381=CARTESIAN_POINT('',(6.96212833008509,1.93926109147526,-26.8547743447551));
#2382=CARTESIAN_POINT('',(6.96470552894121,1.92932913896256,-26.8535110393901));
#2383=CARTESIAN_POINT('',(6.96726966334399,1.91937490237554,-26.8521944252518));
#2384=CARTESIAN_POINT('',(6.96982179328939,1.90939352657163,-26.8508229234753));
#2385=CARTESIAN_POINT('',(6.97611141102476,1.88479484248375,-26.847442914588));
#2386=CARTESIAN_POINT('',(6.98229123424246,1.86017104557162,-26.8437477199541));
#2387=CARTESIAN_POINT('',(6.98834687591107,1.8355866218942,-26.8397443763244));
#2388=CARTESIAN_POINT('',(6.9944170896971,1.8109430389849,-26.8357313991666));
#2389=CARTESIAN_POINT('',(7.0003581155795,1.78635860609324,-26.8314126579052));
#2390=CARTESIAN_POINT('',(7.00617248038332,1.76182938847015,-26.8267871218432));
#2391=CARTESIAN_POINT('',(7.01782720102356,1.71266130415342,-26.8175153729187));
#2392=CARTESIAN_POINT('',(7.02898720021994,1.66366806175083,-26.807005446735));
#2393=CARTESIAN_POINT('',(7.03967364697613,1.61481921344028,-26.795233304211));
#2394=CARTESIAN_POINT('',(6.45876067269331,3.81282933545483,-26.2316373956715));
#2395=CARTESIAN_POINT('',(6.46014562472644,3.81280160140597,-26.2301624705006));
#2396=CARTESIAN_POINT('',(6.32300634389787,4.04368038420775,-26.1018417220008));
#2397=CARTESIAN_POINT('',(6.17345953501635,4.26718603425386,-25.977628171245));
#2398=CARTESIAN_POINT('',(6.01236885827648,4.4820342882398,-25.8582355467976));
#2399=CARTESIAN_POINT('',(6.45876067269331,3.81282933545483,-26.2316373956715));
#2400=CARTESIAN_POINT('',(6.32165085493826,4.04365851885942,-26.10331662671));
#2401=CARTESIAN_POINT('',(6.17213617523582,4.26711615346864,-25.9791030556485));
#2402=CARTESIAN_POINT('',(6.01108010822859,4.48191825187466,-25.8597104111685));
#2403=CARTESIAN_POINT('',(6.22797018656248,3.81745097899519,-26.4774211405675));
#2404=CARTESIAN_POINT('',(6.09577013961436,4.04001484438526,-26.3490969618232));
#2405=CARTESIAN_POINT('',(5.95160951455153,4.25547111450244,-26.2248800070027));
#2406=CARTESIAN_POINT('',(5.79632086535325,4.46258177777359,-26.105484024252));
#2407=CARTESIAN_POINT('',(0.0113913833367247,-0.0193256729694221,-31.5013621965648));
#2408=CARTESIAN_POINT('',(0.0113913829439202,-0.0193256729046896,-31.5013621965648));
#2409=CARTESIAN_POINT('',(0.0113913833367247,-0.0193256729694221,-31.5013621965648));
#2410=CARTESIAN_POINT('',(-3.39831345987884,6.66078702864158,-31.5040410298039));
#2411=CARTESIAN_POINT('',(-3.22683894029785,6.74820368085568,-31.7744614553035));
#2412=CARTESIAN_POINT('',(-2.71074985290606,6.81556867375426,-32.0831249557355));
#2413=CARTESIAN_POINT('',(-1.51333313493017,6.87859522558094,-32.3923295843432));
#2414=CARTESIAN_POINT('',(0.014473856651617,6.88268727829729,-32.4427856902002));
#2415=CARTESIAN_POINT('',(1.55223176970672,6.87160128329892,-32.381666156651));
#2416=CARTESIAN_POINT('',(2.58664015708783,6.82646750881449,-32.1359401664352));
#2417=CARTESIAN_POINT('',(3.14382600456709,6.74837043585434,-31.8246970937271));
#2418=CARTESIAN_POINT('',(3.32821583502794,6.70833818251782,-31.6624367305227));
#2419=CARTESIAN_POINT('',(3.43103301514965,6.65570601967486,-31.5030978192132));
#2420=CARTESIAN_POINT('',(0.00718647865590588,-0.00924097293458033,-1.00136415233769));
#2421=CARTESIAN_POINT('',(-6.99166276593586,-0.00374744749598286,-0.135574424853032));
#2422=CARTESIAN_POINT('',(-6.99353382645196,-0.56604576574295,-0.136224708040044));
#2423=CARTESIAN_POINT('',(-6.99070602900054,-1.30771891815813,-0.178730852980416));
#2424=CARTESIAN_POINT('',(-6.98648722841811,-2.20154789014918,-0.397385143497329));
#2425=CARTESIAN_POINT('',(-6.96022652945422,-2.66974900001967,-0.689468333470706));
#2426=CARTESIAN_POINT('',(-6.94933555947487,-2.81307669272684,-0.841129841299117));
#2427=CARTESIAN_POINT('',(-6.92315186552823,-2.87636678728168,-1.00137160520207));
#2428=CARTESIAN_POINT('',(-6.9231518657186,-2.87636678736045,-1.00137160520204));
#2429=CARTESIAN_POINT('',(0.00718647824981709,-0.00924097353175529,-1.00136415233727));
#2430=CARTESIAN_POINT('',(6.01195951607574,1.61558382907105,-26.7953752435842));
#2431=CARTESIAN_POINT('',(7.04583993176153,1.61481462574994,-26.7952324525604));
#2432=CARTESIAN_POINT('',(6.01224657176558,1.98489087161816,-26.8843795942906));
#2433=CARTESIAN_POINT('',(7.04612698745138,1.98412166829705,-26.8842368032668));
#2434=CARTESIAN_POINT('',(6.01253645237374,2.37117652380154,-26.9023754410723));
#2435=CARTESIAN_POINT('',(7.04641686805954,2.37040732048044,-26.9022326500485));
#2436=CARTESIAN_POINT('',(6.01280868475019,2.74715891892444,-26.8480918066351));
#2437=CARTESIAN_POINT('',(7.04668910043598,2.74638971560333,-26.8479490156112));
#2438=CARTESIAN_POINT('',(0.0113640559389477,5.79108775066548,-0.0032813670409193));
#2439=CARTESIAN_POINT('',(-5.78831743809213,-0.0157048514032492,-33.6021631097716));
#2440=CARTESIAN_POINT('',(-5.99236841420646,-4.5138689150672,-28.5026647759893));
#2441=CARTESIAN_POINT('',(-5.92740030690817,-4.60062596412022,-28.492421788564));
#2442=CARTESIAN_POINT('',(-5.86077937764511,-4.6856707589493,-28.4794586381855));
#2443=CARTESIAN_POINT('',(-5.79256358812202,-4.76900207901567,-28.4634718915031));
#2444=CARTESIAN_POINT('',(0.0124779244093092,5.98877316305977,-7.00334702655364));
#2445=CARTESIAN_POINT('',(0.013600683633889,7.49777266292966,-7.00384581624752));
#2446=CARTESIAN_POINT('',(-1.62648249211494,5.9899925437313,-7.00357338622113));
#2447=CARTESIAN_POINT('',(-1.62535973289036,7.49899204360118,-7.00407217591501));
#2448=CARTESIAN_POINT('',(-3.25903056801246,5.99140486103956,-6.40567036212327));
#2449=CARTESIAN_POINT('',(-3.25790780878788,7.50040436090944,-6.40616915181715));
#2450=CARTESIAN_POINT('',(-4.51017247495991,5.99268570783106,-5.34697537622192));
#2451=CARTESIAN_POINT('',(-4.50904971573533,7.50168520770095,-5.3474741659158));
#2452=CARTESIAN_POINT('',(-5.9901776838693,-1.23644784372564,-26.7094830075085));
#2453=CARTESIAN_POINT('',(-7.23552107064217,-1.23552131271249,-26.7096550040513));
#2454=CARTESIAN_POINT('',(-5.98949689989516,-0.290300872171763,-26.5418936676148));
#2455=CARTESIAN_POINT('',(-7.23484028666804,-0.289374341158609,-26.5420656641577));
#2456=CARTESIAN_POINT('',(-5.98876313005472,0.69038259166326,-26.5719040253841));
#2457=CARTESIAN_POINT('',(-7.23410651682759,0.691309122676413,-26.572076021927));
#2458=CARTESIAN_POINT('',(-5.98803704831605,1.62451178346372,-26.7970325840454));
#2459=CARTESIAN_POINT('',(-7.23338043508892,1.62543831447688,-26.7972045805883));
#2460=CARTESIAN_POINT('',(-7.4886064694855,-0.0137457014672923,-31.5023980359697));
#2461=CARTESIAN_POINT('',(-7.49281137416656,-0.00366100143191292,-1.00239999009611));
#2462=CARTESIAN_POINT('',(-7.4900673921802,-1.97724045922659,-31.5017490159076));
#2463=CARTESIAN_POINT('',(-7.49427229686127,-1.96715575919121,-1.00175097003395));
#2464=CARTESIAN_POINT('',(-5.87006525785865,-5.88980520896311,-31.5002319996553));
#2465=CARTESIAN_POINT('',(-5.87427016253971,-5.87972050892773,-1.00023395378162));
#2466=CARTESIAN_POINT('',(0.00520648140924734,-8.33189591127231,-31.4986145337057));
#2467=CARTESIAN_POINT('',(0.0010015767281824,-8.32181121123693,-0.998616487832088));
#2468=CARTESIAN_POINT('',(5.8841057504032,-5.89855027003523,-31.4986086106372));
#2469=CARTESIAN_POINT('',(5.87990084572213,-5.88846556999985,-0.998610564763552));
#2470=CARTESIAN_POINT('',(7.50992831346482,-1.98840040223191,-31.4996773403907));
#2471=CARTESIAN_POINT('',(7.50572340878375,-1.97831570219653,-0.999679294517025));
#2472=CARTESIAN_POINT('',(7.51138923615952,-0.0249056444726113,-31.5003263604528));
#2473=CARTESIAN_POINT('',(7.50718433147845,-0.0148209444372319,-1.00032831457918));
#2474=CARTESIAN_POINT('',(4.50332229602582,-6.01402921279605,-5.36066175814278));
#2475=CARTESIAN_POINT('',(4.19183513583123,-6.24739524411281,-5.62009686913788));
#2476=CARTESIAN_POINT('',(3.60604527260671,-6.62271461023021,-6.03713428253726));
#2477=CARTESIAN_POINT('',(2.50405319595328,-7.11920037115325,-6.57569615959003));
#2478=CARTESIAN_POINT('',(1.50463569392791,-7.38304276863371,-6.85950975336336));
#2479=CARTESIAN_POINT('',(0.637750225554326,-7.49309015396954,-6.97929380847964));
#2480=CARTESIAN_POINT('',(0.242824826918554,-7.51140081931643,-6.99766005558912));
#2481=CARTESIAN_POINT('',(0.00243335878177376,-7.51122236272879,-6.99888469357023));
#2482=CARTESIAN_POINT('',(-4.49671150527624,-6.00724600119542,-5.09804097160353));
#2483=CARTESIAN_POINT('',(-4.58337375248609,-5.94215083336077,-5.10827978749553));
#2484=CARTESIAN_POINT('',(-4.66832181172865,-5.87540591648524,-5.12123941377803));
#2485=CARTESIAN_POINT('',(-4.75155460715088,-5.80706927237138,-5.13722327286305));
#2486=CARTESIAN_POINT('',(-4.75155460715088,-5.80706927237138,-5.13722327286305));
#2487=CARTESIAN_POINT('',(-4.75155460702795,-5.80706927222167,-5.13722327286307));
#2488=CARTESIAN_POINT('',(-5.05016647255196,-5.56182690588594,-4.8589151910104));
#2489=CARTESIAN_POINT('',(-5.58600005537887,-5.04111030434861,-4.2643225028576));
#2490=CARTESIAN_POINT('',(-6.0840105130197,-4.40787184925852,-3.49676001599283));
#2491=CARTESIAN_POINT('',(-6.4462586918225,-3.83996955031061,-2.74097458433064));
#2492=CARTESIAN_POINT('',(-6.63721811238345,-3.49486083809698,-2.23334077315806));
#2493=CARTESIAN_POINT('',(-6.78083961154997,-3.20306275045926,-1.74577814288117));
#2494=CARTESIAN_POINT('',(-6.87380903591137,-2.99375985196719,-1.30910543147543));
#2495=CARTESIAN_POINT('',(-6.90133592304389,-2.92909931223122,-1.14625227371366));
#2496=CARTESIAN_POINT('',(-6.92315186559991,-2.87636678731134,-1.00137160520203));
#2497=CARTESIAN_POINT('',(5.81444429494631,4.65807889847593,-28.3971976305635));
#2498=CARTESIAN_POINT('',(-5.78555238396587,4.66670925439996,-28.3987997262965));
#2499=CARTESIAN_POINT('',(5.8153513444348,5.70272878213711,-29.3372599514954));
#2500=CARTESIAN_POINT('',(-5.78464533447738,5.71135913806114,-29.3388620472285));
#2501=CARTESIAN_POINT('',(5.81681844396529,7.20572002223647,-31.8633256589586));
#2502=CARTESIAN_POINT('',(-5.78317823494689,7.21435037816049,-31.8649277546917));
#2503=CARTESIAN_POINT('',(5.81721246672423,6.91809249026751,-36.2656788107227));
#2504=CARTESIAN_POINT('',(-5.78278421218795,6.92672284619154,-36.2672809064558));
#2505=CARTESIAN_POINT('',(5.81565816842972,4.18594556230574,-39.7296092045722));
#2506=CARTESIAN_POINT('',(-5.78433851048245,4.19457591822977,-39.7312113003053));
#2507=CARTESIAN_POINT('',(5.81368994091967,1.37870078288321,-40.6010250944339));
#2508=CARTESIAN_POINT('',(-5.78630673799251,1.38733113880724,-40.6026271901669));
#2509=CARTESIAN_POINT('',(5.81264430091069,-0.0266497286467472,-40.6005605651734));
#2510=CARTESIAN_POINT('',(-5.78735237800149,-0.0180193727227188,-40.6021626609065));
#2511=CARTESIAN_POINT('',(5.81450892533131,4.73235915552338,-28.4650132598962));
#2512=CARTESIAN_POINT('',(5.81933009424508,10.2617318764938,-33.5864824693681));
#2513=CARTESIAN_POINT('',(5.81825199976752,7.51015298480898,-40.6030518049104));
#2514=CARTESIAN_POINT('',(5.81264430091069,-0.026649728646749,-40.6005605651726));
#2515=CARTESIAN_POINT('',(-4.6772425857255,-5.80714696813599,-5.2050040797359));
#2516=CARTESIAN_POINT('',(-4.66861169970487,5.79284918725858,-5.20883838089498));
#2517=CARTESIAN_POINT('',(-5.72233278481359,-5.80605880759649,-4.26543148492959));
#2518=CARTESIAN_POINT('',(-5.71370189879296,5.79393734779807,-4.26926578608866));
#2519=CARTESIAN_POINT('',(-7.22650735102408,-5.80410489719337,-1.74007055340942));
#2520=CARTESIAN_POINT('',(-7.21787646500345,5.7958912582012,-1.74390485456849));
#2521=CARTESIAN_POINT('',(-6.94094240421253,-5.80286215665371,2.66241671406386));
#2522=CARTESIAN_POINT('',(-6.9323115181919,5.79713399874085,2.65858241290479));
#2523=CARTESIAN_POINT('',(-4.21041866782452,-5.80374837896925,6.12762700539482));
#2524=CARTESIAN_POINT('',(-4.20178778180389,5.79624777642532,6.12379270423575));
#2525=CARTESIAN_POINT('',(-1.40358246505842,-5.80554830762247,7.0003583895833));
#2526=CARTESIAN_POINT('',(-1.39495157903779,5.79444784777209,6.99652408842423));
#2527=CARTESIAN_POINT('',(0.00176810982767257,-5.8065938834097,7.00055248499014));
#2528=CARTESIAN_POINT('',(0.0103989958482993,5.79340227198487,6.99671818383107));
#2529=CARTESIAN_POINT('',(0.00273316995484227,-5.80890840472923,0.000552933738599479));
#2530=CARTESIAN_POINT('',(0.00354942162931972,-6.01122285976172,-6.99938050811319));
#2531=CARTESIAN_POINT('',(0.00242666240473953,-7.52022235963202,-6.99888171841931));
#2532=CARTESIAN_POINT('',(1.64250983816367,-6.01244224043326,-6.99915414844571));
#2533=CARTESIAN_POINT('',(1.64138707893909,-7.52144174030356,-6.99865535875183));
#2534=CARTESIAN_POINT('',(3.27489299122288,-6.01345902024919,-6.40080019902203));
#2535=CARTESIAN_POINT('',(3.2737702319983,-7.52245852011949,-6.40030140932814));
#2536=CARTESIAN_POINT('',(4.5257429350063,-6.01403964642087,-5.34175965867212));
#2537=CARTESIAN_POINT('',(4.52462017578172,-7.52303914629117,-5.34126086897824));
#2538=CARTESIAN_POINT('',(6.01071411894167,-0.0221694852445046,-26.6005338405641));
#2539=CARTESIAN_POINT('',(7.24950426182524,-0.0230911406677082,-26.6003627491011));
#2540=CARTESIAN_POINT('',(6.00968826890884,-1.40092207314582,-26.6000781030703));
#2541=CARTESIAN_POINT('',(7.24847841179241,-1.40184372856902,-26.5999070116073));
#2542=CARTESIAN_POINT('',(6.00872220579995,-2.77705798056154,-27.0184146038823));
#2543=CARTESIAN_POINT('',(7.24751234868352,-2.77797963598475,-27.0182435124194));
#2544=CARTESIAN_POINT('',(6.00797619179896,-3.92228720872203,-27.7861446457197));
#2545=CARTESIAN_POINT('',(7.24676633468253,-3.92320886414523,-27.7859735542567));
#2546=CARTESIAN_POINT('',(5.81167924081995,-0.0243352073272776,-33.6005610140385));
#2547=CARTESIAN_POINT('',(0.00273316991834457,-5.80890840472907,0.000552934118117077));
#2548=CARTESIAN_POINT('',(-5.9864426572954,3.82653845838118,-26.479108094454));
#2549=CARTESIAN_POINT('',(-6.83414269973724,3.82716914417236,-26.4792251717824));
#2550=CARTESIAN_POINT('',(-5.98674394981296,3.37300220470139,-26.7407575806765));
#2551=CARTESIAN_POINT('',(-6.8344439922548,3.37363289049256,-26.7408746580049));
#2552=CARTESIAN_POINT('',(-5.98711372920054,2.85000466310923,-26.8807091144896));
#2553=CARTESIAN_POINT('',(-6.83481377164238,2.85063534890041,-26.880826191818));
#2554=CARTESIAN_POINT('',(-5.98750330862751,2.32640606103556,-26.8805360424556));
#2555=CARTESIAN_POINT('',(-6.83520335106935,2.32703674682673,-26.8806531197841));
#2556=CARTESIAN_POINT('',(0.00718647865590241,-0.00924097293458076,-1.00136415233769));
#2557=CARTESIAN_POINT('',(6.01149605920635,-0.0853303021569354,-32.6023862638616));
#2558=CARTESIAN_POINT('',(-5.98850050917345,-0.0764024199627766,-32.6040436268811));
#2559=CARTESIAN_POINT('',(6.01188048964141,0.437298177433029,-32.5705271620776));
#2560=CARTESIAN_POINT('',(-5.98811607873839,0.446226059627188,-32.5721845250971));
#2561=CARTESIAN_POINT('',(6.01276317163599,1.44918124406167,-33.5106996924961));
#2562=CARTESIAN_POINT('',(-5.98723339674381,1.45810912625583,-33.5123570555156));
#2563=CARTESIAN_POINT('',(6.01224674317809,0.558990744537619,-34.5668214252853));
#2564=CARTESIAN_POINT('',(-5.98774982520172,0.567918626731778,-34.5684787883048));
#2565=CARTESIAN_POINT('',(6.01186231274302,0.0363622649476549,-34.5986805270693));
#2566=CARTESIAN_POINT('',(-5.98813425563678,0.0452901471418136,-34.6003378900888));
#2567=CARTESIAN_POINT('',(-0.327306988417901,-6.00897492456903,-0.943399862137482));
#2568=CARTESIAN_POINT('',(-0.318378522323767,5.99102110016329,-0.947366363342202));
#2569=CARTESIAN_POINT('',(-0.821593978867836,-6.00855006105676,-0.770669238407649));
#2570=CARTESIAN_POINT('',(-0.812665512773703,5.99144596367557,-0.77463573961237));
#2571=CARTESIAN_POINT('',(-1.39116587607863,-6.00771034322761,0.487670801187814));
#2572=CARTESIAN_POINT('',(-1.3822374099845,5.99228568150471,0.483704299983094));
#2573=CARTESIAN_POINT('',(-0.161811278955236,-6.00841688949903,1.11736857138507));
#2574=CARTESIAN_POINT('',(-0.152882812861103,5.99157913523329,1.11340207018035));
#2575=CARTESIAN_POINT('',(0.332475711494701,-6.00884175301131,0.944637947655239));
#2576=CARTESIAN_POINT('',(0.341404177588835,5.99115427172102,0.940671446450518));
#2577=CARTESIAN_POINT('',(-45.2452278137207,-1.76643645763397,-61.3534431457519));
#2578=CARTESIAN_POINT('',(0.,0.,0.));
#2579=CARTESIAN_POINT('',(-6.17221958627368,-6.17221958627368,24.7554206848145));
#2580=CARTESIAN_POINT('',(-45.2452278137207,-76.9998397827148,-86.1088638305664));
#2581=CARTESIAN_POINT('',(0.,0.,0.));
#2582=CARTESIAN_POINT('',(-19.1982162330347,-19.1982162330347,76.9998397827148));
#2583=CARTESIAN_POINT('',(31.7546081542969,-1.76643645763397,-86.1088638305664));
#2584=CARTESIAN_POINT('',(0.,0.,0.));
#2585=CARTESIAN_POINT('',(-19.1982152819239,-19.1982152819239,76.9998359680176));
#2586=CARTESIAN_POINT('',(-45.2452278137207,76.9998397827148,-86.1088638305664));
#2587=CARTESIAN_POINT('',(0.,0.,0.));
#2588=CARTESIAN_POINT('',(-19.1982162330347,-19.1982162330347,76.9998397827148));
#2589=CARTESIAN_POINT('',(-45.2452278137207,-1.76643645763397,-110.864288330078));
#2590=CARTESIAN_POINT('',(0.,0.,0.));
#2591=CARTESIAN_POINT('',(-6.17222053738453,-6.17222053738453,24.7554244995117));
#2592=CARTESIAN_POINT('',(-122.245063781738,-1.76643645763397,-86.1088638305664));
#2593=CARTESIAN_POINT('',(0.,0.,0.));
#2594=CARTESIAN_POINT('',(-19.1982152819239,-19.1982152819239,76.9998359680176));
#2595=CARTESIAN_POINT('',(5.85349516073863,-52.8651594320933,-35.0101408561071));
#2596=CARTESIAN_POINT('',(0.,0.,0.));
#2597=CARTESIAN_POINT('',(-22.0669205522404,-22.0669205522404,88.5055843936506));
#2598=CARTESIAN_POINT('',(18.2384106752833,-53.4320443098486,-52.9556144229424));
#2599=CARTESIAN_POINT('',(0.,0.,0.));
#2600=CARTESIAN_POINT('',(-22.0181406920983,-22.0181406920983,88.3099390602524));
#2601=MECHANICAL_DESIGN_GEOMETRIC_PRESENTATION_REPRESENTATION('',(#910),
#2602);
#2602=(
GEOMETRIC_REPRESENTATION_CONTEXT(3)
GLOBAL_UNCERTAINTY_ASSIGNED_CONTEXT((#2603))
GLOBAL_UNIT_ASSIGNED_CONTEXT((#2606,#2605,#2604))
REPRESENTATION_CONTEXT('r_pinky_proximal_abd_collision',
'TOP_LEVEL_ASSEMBLY_PART')
);
#2603=UNCERTAINTY_MEASURE_WITH_UNIT(LENGTH_MEASURE(0.0508),#2606,
'DISTANCE_ACCURACY_VALUE','Maximum Tolerance applied to model');
#2604=(
NAMED_UNIT(*)
SI_UNIT($,.STERADIAN.)
SOLID_ANGLE_UNIT()
);
#2605=(
NAMED_UNIT(*)
PLANE_ANGLE_UNIT()
SI_UNIT($,.RADIAN.)
);
#2606=(
LENGTH_UNIT()
NAMED_UNIT(*)
SI_UNIT(.MILLI.,.METRE.)
);
#2607=PRODUCT_DEFINITION_SHAPE('','',#2608);
#2608=PRODUCT_DEFINITION('','',#2610,#2609);
#2609=PRODUCT_DEFINITION_CONTEXT('',#2616,'design');
#2610=PRODUCT_DEFINITION_FORMATION_WITH_SPECIFIED_SOURCE('','',#2612,
 .NOT_KNOWN.);
#2611=PRODUCT_RELATED_PRODUCT_CATEGORY('','',(#2612));
#2612=PRODUCT('r_pinky_proximal_abd_collision',
'r_pinky_proximal_abd_collision','r_pinky_proximal_abd_collision',(#2614));
#2613=PRODUCT_CATEGORY('','');
#2614=PRODUCT_CONTEXT('',#2616,'mechanical');
#2615=APPLICATION_PROTOCOL_DEFINITION('international standard',
'ap242_managed_model_based_3d_engineering',2011,#2616);
#2616=APPLICATION_CONTEXT('managed model based 3d engineering');
ENDSEC;
END-ISO-10303-21;
